sample_index,success,reference_merged,batch_merged,reference_time_myr,batch_time_myr,a_relative_error,e_absolute_error
0,True,True,True,2.674326918255009,2.674327026674117,0.0,8.570684643981544e-08
6,True,False,False,200.0,200.0,1.878374011887729e-09,3.2858590792717024e-07
13,True,True,True,1.9114019839355385,1.9114015233468198,0.0,3.2930464619865176e-08
19,True,True,True,2.5186842299413437,2.51868022797922,0.0,9.580216586471658e-08
29,True,True,True,0.3803766876348101,0.3803760084460987,0.0,9.464190226570542e-08
38,True,True,True,0.18444913296027832,0.1844482447099372,0.0,5.7081576534552254e-08
45,True,True,True,59.64138761920903,59.64141078317214,0.0,8.24507979741622e-08
51,True,True,True,105.18249940587023,105.18254845997473,0.0,4.702531293187352e-08
61,True,True,True,82.48594619740769,82.48597230945987,0.0,6.318321434396735e-08
66,True,True,True,3.670418626103609,3.6704190309558866,0.0,9.557248345249411e-08
77,True,True,True,13.995237797394052,13.995219619392119,0.0,2.0614178140321846e-08
82,True,True,True,67.2479192349765,67.2479434560107,0.0,5.837287000102088e-08
89,True,True,True,14.091264796194206,14.091267920922661,0.0,1.0040600066202028e-07
95,True,True,True,2.799562327513039,2.7995577821272035,0.0,3.97775508265247e-08
104,True,True,True,2.4932947084029085,2.4932916792773594,0.0,5.744808707353868e-08
111,True,True,True,115.51688774845157,115.51691765425159,0.0,5.50891589976341e-08
117,True,False,False,200.00000000000003,200.0,3.3307686608807785e-09,2.78213049353937e-06
124,True,True,True,2.833771847035265,2.833764527661675,0.0,1.6192462121182382e-08
130,True,True,True,1.696509088240263e-09,1.6965090878476263e-09,0.0,2.1988661905170126e-08
138,True,False,False,199.99999999999997,200.0,3.819839999863461e-09,4.559111442814512e-07
144,True,True,True,2.93472622521864,2.934726808351284,0.0,3.692403312965942e-08
152,True,True,True,27.772175384393208,27.772180767339563,0.0,7.279628716190881e-08
158,True,True,True,3.55593014953216,3.5559233598775077,0.0,3.494180438067175e-08
163,True,True,True,6.282629608873469,6.28263069907882,0.0,9.815879484974472e-08
169,True,True,True,2.4255010550081595,2.42550163800776,0.0,1.5135220944300504e-06
174,True,False,False,200.00000000000003,200.0,2.2689258249997124e-09,9.273195070713669e-07
180,True,True,True,128.85662538199074,128.85665786274598,0.0,5.0088352960054087e-08
186,True,True,True,1.7349938423639852,1.734990105513179,0.0,1.6193772738356727e-08
191,True,False,False,200.00000000000003,200.0,1.719718811798998e-08,3.124705045265408e-06
201,True,True,True,5.819340775304692,5.819340149645942,0.0,6.389643558815704e-08
211,True,True,True,40.25776810091903,40.257782846696855,0.0,1.0378419646443369e-07
220,True,True,True,5.441031836563987,5.441032704958966,0.0,1.2131859998245004e-07
229,True,True,True,20.817670760202148,20.81767494547141,0.0,9.977635284441145e-08
237,True,True,True,59.987861356396955,59.987847866117505,0.0,1.9699901972513635e-08
243,True,True,True,30.14196785153335,30.141989750340535,0.0,9.935203101451434e-08
250,True,True,True,3.0874927172897833,3.0874934493090347,0.0,6.96816782313342e-09
256,True,False,False,199.99999999999991,200.0,1.1558767276653725e-09,3.3360376776592204e-06
265,True,True,True,0.45580160366678646,0.4558017180932401,0.0,2.9637446013639976e-07
278,True,True,True,46.214642521903954,46.21466086552336,0.0,5.303820896362943e-08
283,True,True,True,1.2812262925077516,1.2812246477205524,0.0,4.146750618150817e-08
291,True,False,False,199.99999999999997,200.0,5.782621936845089e-09,1.452723157324698e-07
296,True,True,True,3.8755007800103933e-10,3.8755007773199444e-10,0.0,2.5611646845002944e-08
304,True,False,False,199.99999999999997,200.0,8.08022981857448e-10,2.2493657833022596e-06
311,True,True,True,4.2517007049537066,4.2516998713461245,0.0,7.2187539308149454e-09
318,True,True,True,0.1307916057306931,0.13079141229534363,0.0,8.708694252703136e-08
326,True,True,True,118.05459482889361,118.05459889193536,0.0,2.39829701190174e-08
332,True,True,True,7.313824404297907,7.313825166129442,0.0,7.635464948857278e-08
341,True,True,True,8.305664688176897,8.305665862647217,0.0,9.250480825063285e-08
347,True,False,False,200.0,200.0,4.018482213652419e-10,3.3730057324987683e-07
354,True,True,True,46.08150865288977,46.08152569600245,0.0,7.838557896007198e-08
361,True,True,True,78.87996210597831,78.88000167866693,0.0,5.247989976188915e-08
371,True,False,False,200.00000000000003,200.0,3.144010829458921e-09,1.681346628590319e-06
376,True,True,True,186.39847128368993,186.40104274627467,0.0,3.406106900817423e-08
384,True,True,True,0.03781433720515679,0.03781433657699357,0.0,3.882175011713266e-08
389,True,True,True,51.0617183584453,51.0617369654784,0.0,7.782662974389594e-08
395,True,True,True,37.001463141634936,37.00147215163252,0.0,5.3339292243817374e-08
401,True,True,True,29.85888027110841,29.858903491112994,0.0,9.187546136705214e-08
408,True,True,True,0.3174157770043908,0.31741401759624427,0.0,5.4880018362566774e-08
415,True,True,True,33.60802403611963,33.60802841645254,0.0,5.304476837612068e-08
421,True,False,False,199.99999999999994,200.0,1.1606708927303089e-09,2.900289455265437e-07
426,True,False,False,200.0,200.0,1.7199403012924108e-09,7.684895022563865e-07
432,True,True,True,99.93371796561593,99.93375142809933,0.0,4.7935516098000525e-08
437,True,True,True,13.369565008949596,13.36956777787868,0.0,3.519279996306961e-08
444,True,True,True,29.518647912609026,29.51865313396559,0.0,8.308840464217376e-08
451,True,False,False,199.99999999999997,200.0,5.603539077192465e-09,5.988704233628184e-07
456,True,True,True,3.726869177762442,3.7268713550409007,0.0,5.0101238466531556e-08
464,True,True,True,3.3151873756385695,3.315188150035433,0.0,1.5824605297150296e-08
471,True,True,True,5.038045508950532e-13,5.038045509112367e-13,0.0,1.009426209286346e-09
480,True,True,True,79.58120591435154,79.58121351123471,0.0,3.5614520087209954e-08
485,True,True,True,1.0638521046429323,1.0638521834264785,0.0,7.769491329023392e-08
491,True,False,False,200.00000000000014,200.0,2.8844782118397916e-09,2.858677063732884e-06
