t_myr,z,R1,R2,R3,R4,R5,R6,R7,R8,R9,R10
0.000000000000000000e+00,1.200000000000000000e+01,0.000000000000000000e+00,0.000000000000000000e+00,0.000000000000000000e+00,0.000000000000000000e+00,0.000000000000000000e+00,0.000000000000000000e+00,0.000000000000000000e+00,0.000000000000000000e+00,0.000000000000000000e+00,0.000000000000000000e+00
2.000000000000000000e+02,8.818137842791330172e+00,7.280000000000000000e+02,7.600000000000000000e+01,1.000000000000000000e+01,6.000000000000000000e+00,2.000000000000000000e+00,1.000000000000000000e+00,0.000000000000000000e+00,0.000000000000000000e+00,2.000000000000000000e+00,1.000000000000000000e+00
4.000000000000000000e+02,7.061767106276299444e+00,1.174000000000000000e+03,1.210000000000000000e+02,1.600000000000000000e+01,8.000000000000000000e+00,2.000000000000000000e+00,1.000000000000000000e+00,0.000000000000000000e+00,0.000000000000000000e+00,2.000000000000000000e+00,1.000000000000000000e+00
6.000000000000000000e+02,5.924220571452538664e+00,1.573000000000000000e+03,1.450000000000000000e+02,1.800000000000000000e+01,8.000000000000000000e+00,3.000000000000000000e+00,3.000000000000000000e+00,0.000000000000000000e+00,0.000000000000000000e+00,2.000000000000000000e+00,1.000000000000000000e+00
8.000000000000000000e+02,5.116993443041006451e+00,1.911000000000000000e+03,1.750000000000000000e+02,2.200000000000000000e+01,9.000000000000000000e+00,3.000000000000000000e+00,4.000000000000000000e+00,0.000000000000000000e+00,0.000000000000000000e+00,2.000000000000000000e+00,1.000000000000000000e+00
1.000000000000000000e+03,4.509080089241049194e+00,2.227000000000000000e+03,1.970000000000000000e+02,2.800000000000000000e+01,1.000000000000000000e+01,4.000000000000000000e+00,4.000000000000000000e+00,0.000000000000000000e+00,0.000000000000000000e+00,2.000000000000000000e+00,2.000000000000000000e+00
1.200000000000000000e+03,4.031684754557708139e+00,2.550000000000000000e+03,2.170000000000000000e+02,3.100000000000000000e+01,1.000000000000000000e+01,4.000000000000000000e+00,4.000000000000000000e+00,0.000000000000000000e+00,0.000000000000000000e+00,2.000000000000000000e+00,2.000000000000000000e+00
1.400000000000000000e+03,3.644923882858176256e+00,2.860000000000000000e+03,2.360000000000000000e+02,3.300000000000000000e+01,1.300000000000000000e+01,4.000000000000000000e+00,4.000000000000000000e+00,0.000000000000000000e+00,0.000000000000000000e+00,2.000000000000000000e+00,2.000000000000000000e+00
1.600000000000000000e+03,3.323948501746264661e+00,3.186000000000000000e+03,2.470000000000000000e+02,3.300000000000000000e+01,1.600000000000000000e+01,4.000000000000000000e+00,4.000000000000000000e+00,0.000000000000000000e+00,0.000000000000000000e+00,2.000000000000000000e+00,2.000000000000000000e+00
1.800000000000000000e+03,3.052402397330417294e+00,3.529000000000000000e+03,2.600000000000000000e+02,3.800000000000000000e+01,1.800000000000000000e+01,5.000000000000000000e+00,4.000000000000000000e+00,0.000000000000000000e+00,0.000000000000000000e+00,2.000000000000000000e+00,2.000000000000000000e+00
2.000000000000000000e+03,2.819042497488104981e+00,3.899000000000000000e+03,2.730000000000000000e+02,3.800000000000000000e+01,2.000000000000000000e+01,7.000000000000000000e+00,5.000000000000000000e+00,0.000000000000000000e+00,0.000000000000000000e+00,2.000000000000000000e+00,2.000000000000000000e+00
2.200000000000000000e+03,2.615864239676068070e+00,4.199000000000000000e+03,2.920000000000000000e+02,4.300000000000000000e+01,2.100000000000000000e+01,7.000000000000000000e+00,5.000000000000000000e+00,0.000000000000000000e+00,0.000000000000000000e+00,2.000000000000000000e+00,2.000000000000000000e+00
2.400000000000000000e+03,2.437000814363337486e+00,4.534000000000000000e+03,3.020000000000000000e+02,4.600000000000000000e+01,2.200000000000000000e+01,1.100000000000000000e+01,5.000000000000000000e+00,0.000000000000000000e+00,0.000000000000000000e+00,2.000000000000000000e+00,2.000000000000000000e+00
2.600000000000000000e+03,2.278045921107927363e+00,4.882000000000000000e+03,3.180000000000000000e+02,4.900000000000000000e+01,2.700000000000000000e+01,1.200000000000000000e+01,5.000000000000000000e+00,0.000000000000000000e+00,0.000000000000000000e+00,2.000000000000000000e+00,2.000000000000000000e+00
2.800000000000000000e+03,2.135620507881150321e+00,5.189000000000000000e+03,3.390000000000000000e+02,4.900000000000000000e+01,2.900000000000000000e+01,1.200000000000000000e+01,6.000000000000000000e+00,0.000000000000000000e+00,0.000000000000000000e+00,2.000000000000000000e+00,2.000000000000000000e+00
3.000000000000000000e+03,2.007086258457461359e+00,5.506000000000000000e+03,3.610000000000000000e+02,5.100000000000000000e+01,3.100000000000000000e+01,1.200000000000000000e+01,6.000000000000000000e+00,0.000000000000000000e+00,0.000000000000000000e+00,2.000000000000000000e+00,2.000000000000000000e+00
3.200000000000000000e+03,1.890350646290902326e+00,5.824000000000000000e+03,3.720000000000000000e+02,5.200000000000000000e+01,3.200000000000000000e+01,1.200000000000000000e+01,6.000000000000000000e+00,0.000000000000000000e+00,2.000000000000000000e+00,2.000000000000000000e+00,2.000000000000000000e+00
3.400000000000000000e+03,1.783730963141084924e+00,6.133000000000000000e+03,3.900000000000000000e+02,5.400000000000000000e+01,3.200000000000000000e+01,1.300000000000000000e+01,6.000000000000000000e+00,0.000000000000000000e+00,2.000000000000000000e+00,2.000000000000000000e+00,2.000000000000000000e+00
3.600000000000000000e+03,1.685857395930653535e+00,6.443000000000000000e+03,4.040000000000000000e+02,5.500000000000000000e+01,3.300000000000000000e+01,1.300000000000000000e+01,6.000000000000000000e+00,0.000000000000000000e+00,2.000000000000000000e+00,2.000000000000000000e+00,2.000000000000000000e+00
3.799999999999999545e+03,1.595602594938838603e+00,6.770000000000000000e+03,4.120000000000000000e+02,5.600000000000000000e+01,3.500000000000000000e+01,1.300000000000000000e+01,7.000000000000000000e+00,0.000000000000000000e+00,2.000000000000000000e+00,2.000000000000000000e+00,2.000000000000000000e+00
3.999999999999999545e+03,1.512029606609431642e+00,7.106000000000000000e+03,4.250000000000000000e+02,5.900000000000000000e+01,3.600000000000000000e+01,1.300000000000000000e+01,7.000000000000000000e+00,0.000000000000000000e+00,2.000000000000000000e+00,2.000000000000000000e+00,2.000000000000000000e+00
4.200000000000000000e+03,1.434352785210416759e+00,7.438000000000000000e+03,4.380000000000000000e+02,6.100000000000000000e+01,3.600000000000000000e+01,1.300000000000000000e+01,7.000000000000000000e+00,0.000000000000000000e+00,2.000000000000000000e+00,2.000000000000000000e+00,2.000000000000000000e+00
4.400000000000000000e+03,1.361908037493576806e+00,7.766000000000000000e+03,4.490000000000000000e+02,6.200000000000000000e+01,3.700000000000000000e+01,1.400000000000000000e+01,7.000000000000000000e+00,0.000000000000000000e+00,2.000000000000000000e+00,2.000000000000000000e+00,2.000000000000000000e+00
4.600000000000000000e+03,1.294129884677158948e+00,8.106000000000000000e+03,4.570000000000000000e+02,6.300000000000000000e+01,3.900000000000000000e+01,1.400000000000000000e+01,7.000000000000000000e+00,0.000000000000000000e+00,2.000000000000000000e+00,2.000000000000000000e+00,2.000000000000000000e+00
4.800000000000000000e+03,1.230533575590169182e+00,8.413000000000000000e+03,4.710000000000000000e+02,6.600000000000000000e+01,4.100000000000000000e+01,1.400000000000000000e+01,7.000000000000000000e+00,0.000000000000000000e+00,2.000000000000000000e+00,2.000000000000000000e+00,2.000000000000000000e+00
5.000000000000000000e+03,1.170700991333029961e+00,8.719000000000000000e+03,4.940000000000000000e+02,6.900000000000000000e+01,4.400000000000000000e+01,1.400000000000000000e+01,7.000000000000000000e+00,0.000000000000000000e+00,2.000000000000000000e+00,2.000000000000000000e+00,3.000000000000000000e+00
5.200000000000000000e+03,1.114269430032497787e+00,9.028000000000000000e+03,5.070000000000000000e+02,7.100000000000000000e+01,4.600000000000000000e+01,1.400000000000000000e+01,7.000000000000000000e+00,0.000000000000000000e+00,2.000000000000000000e+00,2.000000000000000000e+00,3.000000000000000000e+00
5.400000000000000000e+03,1.060922603456479596e+00,9.367000000000000000e+03,5.260000000000000000e+02,7.200000000000000000e+01,4.700000000000000000e+01,1.600000000000000000e+01,7.000000000000000000e+00,0.000000000000000000e+00,2.000000000000000000e+00,2.000000000000000000e+00,3.000000000000000000e+00
5.600000000000000000e+03,1.010383349556617461e+00,9.708000000000000000e+03,5.380000000000000000e+02,7.300000000000000000e+01,4.800000000000000000e+01,1.700000000000000000e+01,7.000000000000000000e+00,0.000000000000000000e+00,2.000000000000000000e+00,2.000000000000000000e+00,3.000000000000000000e+00
5.800000000000000000e+03,9.624076887198962371e-01,1.002200000000000000e+04,5.490000000000000000e+02,7.500000000000000000e+01,4.800000000000000000e+01,1.900000000000000000e+01,7.000000000000000000e+00,0.000000000000000000e+00,2.000000000000000000e+00,2.000000000000000000e+00,3.000000000000000000e+00
6.000000000000000000e+03,9.167799414366353261e-01,1.033800000000000000e+04,5.630000000000000000e+02,7.700000000000000000e+01,5.200000000000000000e+01,2.000000000000000000e+01,7.000000000000000000e+00,0.000000000000000000e+00,2.000000000000000000e+00,2.000000000000000000e+00,3.000000000000000000e+00
6.200000000000000000e+03,8.733086912090772813e-01,1.064400000000000000e+04,5.770000000000000000e+02,8.300000000000000000e+01,5.200000000000000000e+01,2.100000000000000000e+01,7.000000000000000000e+00,0.000000000000000000e+00,2.000000000000000000e+00,2.000000000000000000e+00,3.000000000000000000e+00
6.400000000000000000e+03,8.318234256552861083e-01,1.095800000000000000e+04,5.870000000000000000e+02,8.800000000000000000e+01,5.300000000000000000e+01,2.300000000000000000e+01,7.000000000000000000e+00,0.000000000000000000e+00,2.000000000000000000e+00,2.000000000000000000e+00,4.000000000000000000e+00
6.600000000000000000e+03,7.921717256346287872e-01,1.127200000000000000e+04,5.980000000000000000e+02,9.000000000000000000e+01,5.300000000000000000e+01,2.400000000000000000e+01,7.000000000000000000e+00,0.000000000000000000e+00,2.000000000000000000e+00,2.000000000000000000e+00,4.000000000000000000e+00
6.800000000000000000e+03,7.542169001500946823e-01,1.157600000000000000e+04,6.110000000000000000e+02,9.400000000000000000e+01,5.400000000000000000e+01,2.400000000000000000e+01,7.000000000000000000e+00,0.000000000000000000e+00,2.000000000000000000e+00,2.000000000000000000e+00,4.000000000000000000e+00
7.000000000000000000e+03,7.178359861223473359e-01,1.190000000000000000e+04,6.260000000000000000e+02,9.500000000000000000e+01,5.500000000000000000e+01,2.400000000000000000e+01,7.000000000000000000e+00,0.000000000000000000e+00,2.000000000000000000e+00,2.000000000000000000e+00,4.000000000000000000e+00
7.200000000000000000e+03,6.829180485688013391e-01,1.222400000000000000e+04,6.340000000000000000e+02,9.600000000000000000e+01,5.700000000000000000e+01,2.400000000000000000e+01,7.000000000000000000e+00,0.000000000000000000e+00,2.000000000000000000e+00,2.000000000000000000e+00,4.000000000000000000e+00
7.400000000000000000e+03,6.493627294813217876e-01,1.253500000000000000e+04,6.410000000000000000e+02,9.600000000000000000e+01,5.800000000000000000e+01,2.400000000000000000e+01,7.000000000000000000e+00,0.000000000000000000e+00,2.000000000000000000e+00,2.000000000000000000e+00,4.000000000000000000e+00
7.600000000000000000e+03,6.170790036731979011e-01,1.285300000000000000e+04,6.500000000000000000e+02,9.600000000000000000e+01,5.800000000000000000e+01,2.600000000000000000e+01,7.000000000000000000e+00,0.000000000000000000e+00,2.000000000000000000e+00,2.000000000000000000e+00,4.000000000000000000e+00
7.800000000000000000e+03,5.859841077203389315e-01,1.318900000000000000e+04,6.630000000000000000e+02,9.700000000000000000e+01,6.200000000000000000e+01,2.600000000000000000e+01,7.000000000000000000e+00,0.000000000000000000e+00,2.000000000000000000e+00,2.000000000000000000e+00,4.000000000000000000e+00
8.000000000000000000e+03,5.560026143448608682e-01,1.353000000000000000e+04,6.720000000000000000e+02,1.000000000000000000e+02,6.300000000000000000e+01,2.700000000000000000e+01,7.000000000000000000e+00,0.000000000000000000e+00,2.000000000000000000e+00,2.000000000000000000e+00,4.000000000000000000e+00
8.200000000000000000e+03,5.270656295503377553e-01,1.386000000000000000e+04,6.850000000000000000e+02,1.020000000000000000e+02,6.400000000000000000e+01,2.700000000000000000e+01,7.000000000000000000e+00,0.000000000000000000e+00,2.000000000000000000e+00,2.000000000000000000e+00,4.000000000000000000e+00
8.400000000000000000e+03,4.991100937959414008e-01,1.419000000000000000e+04,7.000000000000000000e+02,1.040000000000000000e+02,6.700000000000000000e+01,2.800000000000000000e+01,7.000000000000000000e+00,0.000000000000000000e+00,2.000000000000000000e+00,2.000000000000000000e+00,4.000000000000000000e+00
8.600000000000000000e+03,4.720781717039650438e-01,1.449800000000000000e+04,7.090000000000000000e+02,1.060000000000000000e+02,6.800000000000000000e+01,2.900000000000000000e+01,7.000000000000000000e+00,0.000000000000000000e+00,2.000000000000000000e+00,2.000000000000000000e+00,4.000000000000000000e+00
8.800000000000000000e+03,4.459167173946734231e-01,1.482900000000000000e+04,7.210000000000000000e+02,1.110000000000000000e+02,7.000000000000000000e+01,2.900000000000000000e+01,7.000000000000000000e+00,0.000000000000000000e+00,2.000000000000000000e+00,2.000000000000000000e+00,4.000000000000000000e+00
9.000000000000000000e+03,4.205768046598175047e-01,1.514700000000000000e+04,7.280000000000000000e+02,1.120000000000000000e+02,7.100000000000000000e+01,3.100000000000000000e+01,7.000000000000000000e+00,0.000000000000000000e+00,2.000000000000000000e+00,2.000000000000000000e+00,4.000000000000000000e+00
9.200000000000000000e+03,3.960133129190808177e-01,1.546800000000000000e+04,7.490000000000000000e+02,1.130000000000000000e+02,7.400000000000000000e+01,3.200000000000000000e+01,7.000000000000000000e+00,0.000000000000000000e+00,2.000000000000000000e+00,2.000000000000000000e+00,4.000000000000000000e+00
9.400000000000000000e+03,3.721845613284673338e-01,1.578900000000000000e+04,7.600000000000000000e+02,1.170000000000000000e+02,7.400000000000000000e+01,3.300000000000000000e+01,7.000000000000000000e+00,0.000000000000000000e+00,2.000000000000000000e+00,2.000000000000000000e+00,4.000000000000000000e+00
9.600000000000000000e+03,3.490519845860913239e-01,1.611700000000000000e+04,7.680000000000000000e+02,1.210000000000000000e+02,7.400000000000000000e+01,3.300000000000000000e+01,7.000000000000000000e+00,1.000000000000000000e+00,2.000000000000000000e+00,2.000000000000000000e+00,4.000000000000000000e+00
9.800000000000000000e+03,3.265798449563095396e-01,1.643100000000000000e+04,7.800000000000000000e+02,1.240000000000000000e+02,7.400000000000000000e+01,3.300000000000000000e+01,7.000000000000000000e+00,1.000000000000000000e+00,2.000000000000000000e+00,2.000000000000000000e+00,4.000000000000000000e+00
1.000000000000000000e+04,3.047349758451691759e-01,1.674500000000000000e+04,7.890000000000000000e+02,1.260000000000000000e+02,7.600000000000000000e+01,3.300000000000000000e+01,7.000000000000000000e+00,1.000000000000000000e+00,2.000000000000000000e+00,2.000000000000000000e+00,4.000000000000000000e+00
1.020000000000000000e+04,2.834865529387404770e-01,1.705400000000000000e+04,7.970000000000000000e+02,1.300000000000000000e+02,8.000000000000000000e+01,3.300000000000000000e+01,7.000000000000000000e+00,1.000000000000000000e+00,2.000000000000000000e+00,2.000000000000000000e+00,4.000000000000000000e+00
1.040000000000000000e+04,2.628058894850120453e-01,1.736500000000000000e+04,8.050000000000000000e+02,1.310000000000000000e+02,8.100000000000000000e+01,3.300000000000000000e+01,7.000000000000000000e+00,1.000000000000000000e+00,2.000000000000000000e+00,2.000000000000000000e+00,4.000000000000000000e+00
1.060000000000000000e+04,2.426662527790339752e-01,1.772600000000000000e+04,8.120000000000000000e+02,1.340000000000000000e+02,8.300000000000000000e+01,3.600000000000000000e+01,8.000000000000000000e+00,1.000000000000000000e+00,2.000000000000000000e+00,2.000000000000000000e+00,4.000000000000000000e+00
1.080000000000000000e+04,2.230426993154976945e-01,1.805900000000000000e+04,8.210000000000000000e+02,1.370000000000000000e+02,8.500000000000000000e+01,3.700000000000000000e+01,8.000000000000000000e+00,1.000000000000000000e+00,2.000000000000000000e+00,2.000000000000000000e+00,4.000000000000000000e+00
1.100000000000000000e+04,2.039119264156481481e-01,1.839200000000000000e+04,8.330000000000000000e+02,1.380000000000000000e+02,8.500000000000000000e+01,3.700000000000000000e+01,8.000000000000000000e+00,1.000000000000000000e+00,2.000000000000000000e+00,2.000000000000000000e+00,4.000000000000000000e+00
1.120000000000000000e+04,1.852521384266778703e-01,1.868800000000000000e+04,8.430000000000000000e+02,1.410000000000000000e+02,8.500000000000000000e+01,3.900000000000000000e+01,8.000000000000000000e+00,1.000000000000000000e+00,2.000000000000000000e+00,2.000000000000000000e+00,4.000000000000000000e+00
1.140000000000000000e+04,1.670429258400356609e-01,1.905200000000000000e+04,8.510000000000000000e+02,1.430000000000000000e+02,8.600000000000000000e+01,4.000000000000000000e+01,8.000000000000000000e+00,1.000000000000000000e+00,2.000000000000000000e+00,2.000000000000000000e+00,4.000000000000000000e+00
1.160000000000000000e+04,1.492651558873074880e-01,1.939000000000000000e+04,8.600000000000000000e+02,1.470000000000000000e+02,8.700000000000000000e+01,4.100000000000000000e+01,9.000000000000000000e+00,1.000000000000000000e+00,2.000000000000000000e+00,2.000000000000000000e+00,4.000000000000000000e+00
1.180000000000000000e+04,1.319008733543092227e-01,1.970200000000000000e+04,8.740000000000000000e+02,1.490000000000000000e+02,8.800000000000000000e+01,4.100000000000000000e+01,9.000000000000000000e+00,1.000000000000000000e+00,2.000000000000000000e+00,2.000000000000000000e+00,4.000000000000000000e+00
1.200000000000000000e+04,1.149332105104119428e-01,2.000500000000000000e+04,8.800000000000000000e+02,1.530000000000000000e+02,9.000000000000000000e+01,4.100000000000000000e+01,9.000000000000000000e+00,1.000000000000000000e+00,2.000000000000000000e+00,2.000000000000000000e+00,4.000000000000000000e+00
1.220000000000000000e+04,9.834630518493003848e-02,2.031800000000000000e+04,8.870000000000000000e+02,1.550000000000000000e+02,9.200000000000000000e+01,4.100000000000000000e+01,9.000000000000000000e+00,1.000000000000000000e+00,2.000000000000000000e+00,2.000000000000000000e+00,4.000000000000000000e+00
1.240000000000000000e+04,8.212522613886363843e-02,2.062700000000000000e+04,8.960000000000000000e+02,1.560000000000000000e+02,9.200000000000000000e+01,4.200000000000000000e+01,9.000000000000000000e+00,1.000000000000000000e+00,2.000000000000000000e+00,2.000000000000000000e+00,4.000000000000000000e+00
1.260000000000000000e+04,6.625590498114086735e-02,2.096200000000000000e+04,9.030000000000000000e+02,1.570000000000000000e+02,9.400000000000000000e+01,4.200000000000000000e+01,9.000000000000000000e+00,1.000000000000000000e+00,2.000000000000000000e+00,2.000000000000000000e+00,4.000000000000000000e+00
1.280000000000000000e+04,5.072507396609160502e-02,2.126500000000000000e+04,9.160000000000000000e+02,1.580000000000000000e+02,9.400000000000000000e+01,4.300000000000000000e+01,9.000000000000000000e+00,1.000000000000000000e+00,2.000000000000000000e+00,2.000000000000000000e+00,4.000000000000000000e+00
1.300000000000000000e+04,3.552020908505437724e-02,2.156500000000000000e+04,9.180000000000000000e+02,1.580000000000000000e+02,9.600000000000000000e+01,4.400000000000000000e+01,9.000000000000000000e+00,1.000000000000000000e+00,2.000000000000000000e+00,2.000000000000000000e+00,4.000000000000000000e+00
1.320000000000000000e+04,2.062947793147107411e-02,2.186200000000000000e+04,9.300000000000000000e+02,1.610000000000000000e+02,9.900000000000000000e+01,4.600000000000000000e+01,9.000000000000000000e+00,1.000000000000000000e+00,2.000000000000000000e+00,2.000000000000000000e+00,4.000000000000000000e+00
1.340000000000000000e+04,6.041691876883525936e-03,2.218100000000000000e+04,9.420000000000000000e+02,1.610000000000000000e+02,1.000000000000000000e+02,4.700000000000000000e+01,9.000000000000000000e+00,1.000000000000000000e+00,2.000000000000000000e+00,2.000000000000000000e+00,4.000000000000000000e+00
1.348403621897459016e+04,0.000000000000000000e+00,2.235000000000000000e+04,9.440000000000000000e+02,1.640000000000000000e+02,1.000000000000000000e+02,4.900000000000000000e+01,9.000000000000000000e+00,1.000000000000000000e+00,2.000000000000000000e+00,2.000000000000000000e+00,4.000000000000000000e+00
