redshift,shell,variant,samples,rho,velocity,a_h,hard,merged,invalid
12.0,1,baseline,5000,300.28414603987966,1.5559014229352108,0.01332470068318034,3721,2930,0
12.0,2,baseline,5000,72.77732485848902,2.72635034073441,0.0043396858566695055,2175,1251,0
12.0,5,baseline,5000,5.0238919639777535,8.785108381997459,0.0004179529265542908,440,236,0
12.0,10,baseline,5000,0.009301518443038214,19.434866949103213,8.540011872916451e-05,138,126,0
12.0,1,K_taper,5000,300.28414603987966,1.5559014229352108,0.01332470068318034,3721,336,0
12.0,2,K_taper,5000,72.77732485848902,2.72635034073441,0.0043396858566695055,2175,263,0
12.0,5,K_taper,5000,5.0238919639777535,8.785108381997459,0.0004179529265542908,440,236,0
12.0,10,K_taper,5000,0.009301518443038214,19.434866949103213,8.540011872916451e-05,138,126,0
12.0,1,K_zero,5000,300.28414603987966,1.5559014229352108,0.01332470068318034,3721,294,0
12.0,2,K_zero,5000,72.77732485848902,2.72635034073441,0.0043396858566695055,2175,262,0
12.0,5,K_zero,5000,5.0238919639777535,8.785108381997459,0.0004179529265542908,440,236,0
12.0,10,K_zero,5000,0.009301518443038214,19.434866949103213,8.540011872916451e-05,138,126,0
12.0,1,velocity_midpoint,5000,300.28414603987966,1.1011484597767935,0.02660295419960215,4516,3681,0
12.0,2,velocity_midpoint,5000,72.77732485848902,2.2217197869103584,0.006534961784442956,2740,1610,0
12.0,5,velocity_midpoint,5000,5.0238919639777535,7.635726478600256,0.000553249324113871,536,244,0
12.0,10,velocity_midpoint,5000,0.009301518443038214,19.880135322049632,8.161743565940798e-05,133,124,0
12.0,1,mu2,5000,300.28414603987966,3.1118028458704217,0.003331175170795085,1877,1454,0
12.0,2,mu2,5000,72.77732485848902,5.45270068146882,0.0010849214641673764,902,485,0
12.0,5,mu2,5000,5.0238919639777535,17.570216763994917,0.0001044882316385727,160,141,0
12.0,10,mu2,5000,0.009301518443038214,38.86973389820643,2.1350029682291127e-05,49,49,0
12.0,1,ludlow16,5000,217.64876038645372,1.3349659754136824,0.01810011042110858,4090,3143,0
12.0,2,ludlow16,5000,52.782414500657474,2.345177230185842,0.005865030572915434,2589,1376,0
12.0,5,ludlow16,5000,3.750821203144203,7.726380451684933,0.0005403428878840305,529,243,0
12.0,10,ludlow16,5000,0.011024925578131062,20.922148796770106,7.369008291725902e-05,127,118,0
12.0,1,prada_rho_eq,5000,300.28414603987966,1.5559014229352108,0.01332470068318034,3692,2921,0
12.0,2,prada_rho_eq,5000,72.77732485848902,2.72635034073441,0.0043396858566695055,2141,1244,0
12.0,5,prada_rho_eq,5000,5.0238919639777535,8.785108381997459,0.0004179529265542908,435,234,0
12.0,10,prada_rho_eq,5000,0.009301518443038214,19.434866949103213,8.540011872916451e-05,136,125,0
3.0,1,baseline,5000,156.36501836021327,1.9655505248469058,0.008349360139789812,3079,2143,0
3.0,2,baseline,5000,31.807765582512033,3.8864625869446248,0.0021355642175911313,1447,604,0
3.0,5,baseline,5000,1.042190364549489,20.260444435647706,7.858210936992841e-05,130,121,0
3.0,10,baseline,5000,0.00034966277340593656,92.23539497781566,3.791633872099283e-06,5,5,0
3.0,1,K_taper,5000,156.36501836021327,1.9655505248469058,0.008349360139789812,3079,282,0
3.0,2,K_taper,5000,31.807765582512033,3.8864625869446248,0.0021355642175911313,1447,260,0
3.0,5,K_taper,5000,1.042190364549489,20.260444435647706,7.858210936992841e-05,130,121,0
3.0,10,K_taper,5000,0.00034966277340593656,92.23539497781566,3.791633872099283e-06,5,5,0
3.0,1,K_zero,5000,156.36501836021327,1.9655505248469058,0.008349360139789812,3079,272,0
3.0,2,K_zero,5000,31.807765582512033,3.8864625869446248,0.0021355642175911313,1447,259,0
3.0,5,K_zero,5000,1.042190364549489,20.260444435647706,7.858210936992841e-05,130,121,0
3.0,10,K_zero,5000,0.00034966277340593656,92.23539497781566,3.791633872099283e-06,5,5,0
3.0,1,velocity_midpoint,5000,156.36501836021327,1.3899384559813286,0.0166966935529535,4011,2929,0
3.0,2,velocity_midpoint,5000,31.807765582512033,3.0799312785831874,0.0034004748362185928,1911,812,0
3.0,5,velocity_midpoint,5000,1.042190364549489,16.656663412000977,0.00011626409043428881,170,148,0
3.0,10,velocity_midpoint,5000,0.00034966277340593656,95.20968300140522,3.558437806270611e-06,5,5,0
3.0,1,mu2,5000,156.36501836021327,3.9311010496938117,0.002087340034947453,1422,936,0
3.0,2,mu2,5000,31.807765582512033,7.7729251738892495,0.0005338910543977828,526,262,0
3.0,5,mu2,5000,1.042190364549489,40.52088887129541,1.9645527342482103e-05,46,46,0
3.0,10,mu2,5000,0.00034966277340593656,184.47078995563132,9.479084680248208e-07,0,0,0
3.0,1,ludlow16,5000,163.49374768759463,2.006389453827103,0.00801292624556468,3019,2111,0
3.0,2,ludlow16,5000,33.280160683929765,3.9655361569690415,0.002051246202256105,1408,600,0
3.0,5,ludlow16,5000,1.093720457531604,20.64040143421844,7.571559488140416e-05,128,119,0
3.0,10,ludlow16,5000,0.00037188358483024856,94.0174722384909,3.649257229034105e-06,5,5,0
3.0,1,prada_rho_eq,5000,156.36501836021327,1.9655505248469058,0.008349360139789812,3044,2128,0
3.0,2,prada_rho_eq,5000,31.807765582512033,3.8864625869446248,0.0021355642175911313,1424,603,0
3.0,5,prada_rho_eq,5000,1.042190364549489,20.260444435647706,7.858210936992841e-05,129,120,0
3.0,10,prada_rho_eq,5000,0.00034966277340593656,92.23539497781566,3.791633872099283e-06,5,5,0
0.0,1,baseline,5000,77.7001212424546,1.7501381973198726,0.010531177458651658,3405,2101,0
0.0,2,baseline,5000,14.341844408295845,3.6768919294926445,0.0023859420285394415,1549,472,0
0.0,5,baseline,5000,0.3066437760213036,23.98439989681986,5.607430567948867e-05,101,99,0
0.0,10,baseline,5000,1.8092588310208362e-05,106.97207344895511,2.8189072745344716e-06,5,5,0
0.0,1,K_taper,5000,77.7001212424546,1.7501381973198726,0.010531177458651658,3405,271,0
0.0,2,K_taper,5000,14.341844408295845,3.6768919294926445,0.0023859420285394415,1549,259,0
0.0,5,K_taper,5000,0.3066437760213036,23.98439989681986,5.607430567948867e-05,101,99,0
0.0,10,K_taper,5000,1.8092588310208362e-05,106.97207344895511,2.8189072745344716e-06,5,5,0
0.0,1,K_zero,5000,77.7001212424546,1.7501381973198726,0.010531177458651658,3405,265,0
0.0,2,K_zero,5000,14.341844408295845,3.6768919294926445,0.0023859420285394415,1549,259,0
0.0,5,K_zero,5000,0.3066437760213036,23.98439989681986,5.607430567948867e-05,101,99,0
0.0,10,K_zero,5000,1.8092588310208362e-05,106.97207344895511,2.8189072745344716e-06,5,5,0
0.0,1,velocity_midpoint,5000,77.7001212424546,1.2375709209422727,0.02106111820430078,4258,2797,0
0.0,2,velocity_midpoint,5000,14.341844408295845,2.8796366877074178,0.00388996973183729,2055,654,0
0.0,5,velocity_midpoint,5000,0.3066437760213036,19.347838109235145,8.617012608946505e-05,138,126,0
0.0,10,velocity_midpoint,5000,1.8092588310208362e-05,115.1697966451266,2.43189275034924e-06,5,5,0
0.0,1,mu2,5000,77.7001212424546,3.5002763946397453,0.0026327943646629144,1634,912,0
0.0,2,mu2,5000,14.341844408295845,7.353783858985289,0.0005964855071348604,570,255,0
0.0,5,mu2,5000,0.3066437760213036,47.96879979363972,1.4018576419872168e-05,32,32,0
0.0,10,mu2,5000,1.8092588310208362e-05,213.94414689791023,7.047268186336179e-07,0,0,0
0.0,1,ludlow16,5000,83.87628228105659,1.8238425544775252,0.009697212863294356,3291,2062,0
0.0,2,ludlow16,5000,15.460617047895044,3.834839051955577,0.0021934479612691605,1475,461,0
0.0,5,ludlow16,5000,0.32808984519933754,25.068358502837775,5.132982980128988e-05,99,97,0
0.0,10,ludlow16,5000,1.6584720024355777e-05,105.83946400128323,2.8795614741230046e-06,5,5,0
0.0,1,prada_rho_eq,5000,77.7001212424546,1.7501381973198726,0.010531177458651658,3373,2092,0
0.0,2,prada_rho_eq,5000,14.341844408295845,3.6768919294926445,0.0023859420285394415,1529,470,0
0.0,5,prada_rho_eq,5000,0.3066437760213036,23.98439989681986,5.607430567948867e-05,99,97,0
0.0,10,prada_rho_eq,5000,1.8092588310208362e-05,106.97207344895511,2.8189072745344716e-06,5,5,0
