elapsed_time_myr,redshift,R1_cumulative,R2_cumulative,R3_cumulative,R4_cumulative,R5_cumulative,R6_cumulative,R7_cumulative,R8_cumulative,R9_cumulative,R10_cumulative
0.000000000000000000e+00,1.200000000000000000e+01,0.000000000000000000e+00,0.000000000000000000e+00,0.000000000000000000e+00,0.000000000000000000e+00,0.000000000000000000e+00,0.000000000000000000e+00,0.000000000000000000e+00,0.000000000000000000e+00,0.000000000000000000e+00,0.000000000000000000e+00
2.000000000000000000e+02,8.818137842791330172e+00,2.600000000000000000e+02,2.860000000000000000e+02,2.460000000000000000e+02,2.820000000000000000e+02,2.580000000000000000e+02,2.050000000000000000e+02,1.920000000000000000e+02,1.550000000000000000e+02,1.080000000000000000e+02,1.380000000000000000e+02
4.000000000000000000e+02,7.061767106276299444e+00,5.370000000000000000e+02,5.570000000000000000e+02,5.160000000000000000e+02,5.480000000000000000e+02,4.680000000000000000e+02,3.430000000000000000e+02,2.670000000000000000e+02,2.230000000000000000e+02,1.530000000000000000e+02,1.810000000000000000e+02
6.000000000000000000e+02,5.924220571452538664e+00,8.450000000000000000e+02,8.400000000000000000e+02,7.700000000000000000e+02,7.910000000000000000e+02,6.530000000000000000e+02,4.480000000000000000e+02,3.290000000000000000e+02,2.570000000000000000e+02,1.880000000000000000e+02,2.120000000000000000e+02
8.000000000000000000e+02,5.116993443041006451e+00,1.146000000000000000e+03,1.135000000000000000e+03,1.060000000000000000e+03,1.017000000000000000e+03,8.220000000000000000e+02,5.450000000000000000e+02,3.640000000000000000e+02,2.880000000000000000e+02,2.150000000000000000e+02,2.300000000000000000e+02
1.000000000000000000e+03,4.509080089241049194e+00,1.443000000000000000e+03,1.423000000000000000e+03,1.320000000000000000e+03,1.251000000000000000e+03,9.620000000000000000e+02,6.150000000000000000e+02,4.000000000000000000e+02,3.150000000000000000e+02,2.340000000000000000e+02,2.460000000000000000e+02
1.200000000000000000e+03,4.031684754557708139e+00,1.728000000000000000e+03,1.697000000000000000e+03,1.553000000000000000e+03,1.471000000000000000e+03,1.102000000000000000e+03,7.030000000000000000e+02,4.340000000000000000e+02,3.320000000000000000e+02,2.530000000000000000e+02,2.620000000000000000e+02
1.400000000000000000e+03,3.644923882858176256e+00,2.022000000000000000e+03,1.966000000000000000e+03,1.813000000000000000e+03,1.684000000000000000e+03,1.264000000000000000e+03,7.710000000000000000e+02,4.600000000000000000e+02,3.510000000000000000e+02,2.670000000000000000e+02,2.700000000000000000e+02
1.600000000000000000e+03,3.323948501746264661e+00,2.322000000000000000e+03,2.251000000000000000e+03,2.098000000000000000e+03,1.911000000000000000e+03,1.401000000000000000e+03,8.410000000000000000e+02,4.850000000000000000e+02,3.680000000000000000e+02,2.760000000000000000e+02,2.790000000000000000e+02
1.800000000000000000e+03,3.052402397330417294e+00,2.576000000000000000e+03,2.511000000000000000e+03,2.385000000000000000e+03,2.152000000000000000e+03,1.508000000000000000e+03,9.000000000000000000e+02,5.090000000000000000e+02,3.880000000000000000e+02,2.780000000000000000e+02,2.900000000000000000e+02
2.000000000000000000e+03,2.819042497488104981e+00,2.863000000000000000e+03,2.771000000000000000e+03,2.657000000000000000e+03,2.377000000000000000e+03,1.645000000000000000e+03,9.610000000000000000e+02,5.370000000000000000e+02,4.020000000000000000e+02,2.890000000000000000e+02,2.990000000000000000e+02
2.200000000000000000e+03,2.615864239676068070e+00,3.133000000000000000e+03,3.037000000000000000e+03,2.948000000000000000e+03,2.582000000000000000e+03,1.769000000000000000e+03,1.008000000000000000e+03,5.620000000000000000e+02,4.180000000000000000e+02,2.980000000000000000e+02,3.080000000000000000e+02
2.400000000000000000e+03,2.437000814363337486e+00,3.418000000000000000e+03,3.347000000000000000e+03,3.211000000000000000e+03,2.780000000000000000e+03,1.878000000000000000e+03,1.076000000000000000e+03,5.820000000000000000e+02,4.310000000000000000e+02,3.060000000000000000e+02,3.230000000000000000e+02
2.600000000000000000e+03,2.278045921107927363e+00,3.706000000000000000e+03,3.634000000000000000e+03,3.481000000000000000e+03,2.988000000000000000e+03,1.994000000000000000e+03,1.138000000000000000e+03,6.090000000000000000e+02,4.430000000000000000e+02,3.130000000000000000e+02,3.350000000000000000e+02
2.800000000000000000e+03,2.135620507881150321e+00,4.005000000000000000e+03,3.914000000000000000e+03,3.757000000000000000e+03,3.232000000000000000e+03,2.119000000000000000e+03,1.183000000000000000e+03,6.340000000000000000e+02,4.510000000000000000e+02,3.180000000000000000e+02,3.420000000000000000e+02
3.000000000000000000e+03,2.007086258457461359e+00,4.282000000000000000e+03,4.178000000000000000e+03,4.040000000000000000e+03,3.473000000000000000e+03,2.237000000000000000e+03,1.235000000000000000e+03,6.500000000000000000e+02,4.590000000000000000e+02,3.270000000000000000e+02,3.510000000000000000e+02
3.200000000000000000e+03,1.890350646290902326e+00,4.565000000000000000e+03,4.462000000000000000e+03,4.317000000000000000e+03,3.692000000000000000e+03,2.380000000000000000e+03,1.285000000000000000e+03,6.720000000000000000e+02,4.700000000000000000e+02,3.320000000000000000e+02,3.580000000000000000e+02
3.400000000000000000e+03,1.783730963141084924e+00,4.859000000000000000e+03,4.757000000000000000e+03,4.592000000000000000e+03,3.922000000000000000e+03,2.492000000000000000e+03,1.338000000000000000e+03,6.920000000000000000e+02,4.770000000000000000e+02,3.370000000000000000e+02,3.650000000000000000e+02
3.600000000000000000e+03,1.685857395930653535e+00,5.144000000000000000e+03,5.033000000000000000e+03,4.873000000000000000e+03,4.140000000000000000e+03,2.612000000000000000e+03,1.374000000000000000e+03,7.150000000000000000e+02,4.830000000000000000e+02,3.430000000000000000e+02,3.710000000000000000e+02
3.799999999999999545e+03,1.595602594938838603e+00,5.447000000000000000e+03,5.339000000000000000e+03,5.136000000000000000e+03,4.379000000000000000e+03,2.732000000000000000e+03,1.431000000000000000e+03,7.350000000000000000e+02,4.950000000000000000e+02,3.500000000000000000e+02,3.760000000000000000e+02
3.999999999999999545e+03,1.512029606609431642e+00,5.732000000000000000e+03,5.636000000000000000e+03,5.426000000000000000e+03,4.609000000000000000e+03,2.850000000000000000e+03,1.479000000000000000e+03,7.600000000000000000e+02,5.000000000000000000e+02,3.550000000000000000e+02,3.840000000000000000e+02
4.200000000000000000e+03,1.434352785210416759e+00,6.028000000000000000e+03,5.936000000000000000e+03,5.697000000000000000e+03,4.828000000000000000e+03,2.975000000000000000e+03,1.524000000000000000e+03,7.770000000000000000e+02,5.130000000000000000e+02,3.580000000000000000e+02,3.920000000000000000e+02
4.400000000000000000e+03,1.361908037493576806e+00,6.295000000000000000e+03,6.217000000000000000e+03,5.997000000000000000e+03,5.061000000000000000e+03,3.086000000000000000e+03,1.573000000000000000e+03,8.000000000000000000e+02,5.220000000000000000e+02,3.620000000000000000e+02,3.970000000000000000e+02
4.600000000000000000e+03,1.294129884677158948e+00,6.554000000000000000e+03,6.519000000000000000e+03,6.289000000000000000e+03,5.280000000000000000e+03,3.187000000000000000e+03,1.626000000000000000e+03,8.190000000000000000e+02,5.260000000000000000e+02,3.710000000000000000e+02,4.120000000000000000e+02
4.800000000000000000e+03,1.230533575590169182e+00,6.833000000000000000e+03,6.789000000000000000e+03,6.536000000000000000e+03,5.493000000000000000e+03,3.279000000000000000e+03,1.674000000000000000e+03,8.400000000000000000e+02,5.360000000000000000e+02,3.760000000000000000e+02,4.160000000000000000e+02
5.000000000000000000e+03,1.170700991333029961e+00,7.145000000000000000e+03,7.061000000000000000e+03,6.804000000000000000e+03,5.717000000000000000e+03,3.391000000000000000e+03,1.727000000000000000e+03,8.550000000000000000e+02,5.430000000000000000e+02,3.820000000000000000e+02,4.210000000000000000e+02
5.200000000000000000e+03,1.114269430032497787e+00,7.431000000000000000e+03,7.361000000000000000e+03,7.060000000000000000e+03,5.932000000000000000e+03,3.493000000000000000e+03,1.776000000000000000e+03,8.600000000000000000e+02,5.480000000000000000e+02,3.850000000000000000e+02,4.260000000000000000e+02
5.400000000000000000e+03,1.060922603456479596e+00,7.731000000000000000e+03,7.645000000000000000e+03,7.335000000000000000e+03,6.145000000000000000e+03,3.622000000000000000e+03,1.820000000000000000e+03,8.810000000000000000e+02,5.530000000000000000e+02,3.920000000000000000e+02,4.300000000000000000e+02
5.600000000000000000e+03,1.010383349556617461e+00,8.032000000000000000e+03,7.934000000000000000e+03,7.612000000000000000e+03,6.369000000000000000e+03,3.746000000000000000e+03,1.861000000000000000e+03,9.000000000000000000e+02,5.590000000000000000e+02,3.960000000000000000e+02,4.370000000000000000e+02
5.800000000000000000e+03,9.624076887198962371e-01,8.338000000000000000e+03,8.202000000000000000e+03,7.877000000000000000e+03,6.583000000000000000e+03,3.851000000000000000e+03,1.928000000000000000e+03,9.200000000000000000e+02,5.700000000000000000e+02,4.020000000000000000e+02,4.440000000000000000e+02
6.000000000000000000e+03,9.167799414366353261e-01,8.613000000000000000e+03,8.474000000000000000e+03,8.147000000000000000e+03,6.818000000000000000e+03,3.947000000000000000e+03,1.984000000000000000e+03,9.440000000000000000e+02,5.770000000000000000e+02,4.080000000000000000e+02,4.470000000000000000e+02
6.200000000000000000e+03,8.733086912090772813e-01,8.871000000000000000e+03,8.748000000000000000e+03,8.419000000000000000e+03,7.044000000000000000e+03,4.032000000000000000e+03,2.034000000000000000e+03,9.570000000000000000e+02,5.840000000000000000e+02,4.120000000000000000e+02,4.530000000000000000e+02
6.400000000000000000e+03,8.318234256552861083e-01,9.161000000000000000e+03,9.035000000000000000e+03,8.670000000000000000e+03,7.255000000000000000e+03,4.130000000000000000e+03,2.086000000000000000e+03,9.630000000000000000e+02,5.910000000000000000e+02,4.220000000000000000e+02,4.580000000000000000e+02
6.600000000000000000e+03,7.921717256346287872e-01,9.425000000000000000e+03,9.317000000000000000e+03,8.942000000000000000e+03,7.457000000000000000e+03,4.255000000000000000e+03,2.131000000000000000e+03,9.850000000000000000e+02,6.010000000000000000e+02,4.270000000000000000e+02,4.660000000000000000e+02
6.800000000000000000e+03,7.542169001500946823e-01,9.705000000000000000e+03,9.573000000000000000e+03,9.211000000000000000e+03,7.670000000000000000e+03,4.365000000000000000e+03,2.189000000000000000e+03,1.005000000000000000e+03,6.090000000000000000e+02,4.350000000000000000e+02,4.690000000000000000e+02
7.000000000000000000e+03,7.178359861223473359e-01,1.000700000000000000e+04,9.829000000000000000e+03,9.479000000000000000e+03,7.860000000000000000e+03,4.470000000000000000e+03,2.230000000000000000e+03,1.024000000000000000e+03,6.150000000000000000e+02,4.420000000000000000e+02,4.750000000000000000e+02
7.200000000000000000e+03,6.829180485688013391e-01,1.026400000000000000e+04,1.012800000000000000e+04,9.746000000000000000e+03,8.090000000000000000e+03,4.586000000000000000e+03,2.276000000000000000e+03,1.043000000000000000e+03,6.200000000000000000e+02,4.480000000000000000e+02,4.820000000000000000e+02
7.400000000000000000e+03,6.493627294813217876e-01,1.053200000000000000e+04,1.041100000000000000e+04,1.002500000000000000e+04,8.328000000000000000e+03,4.690000000000000000e+03,2.325000000000000000e+03,1.061000000000000000e+03,6.280000000000000000e+02,4.520000000000000000e+02,4.880000000000000000e+02
7.600000000000000000e+03,6.170790036731979011e-01,1.082600000000000000e+04,1.070100000000000000e+04,1.029200000000000000e+04,8.534000000000000000e+03,4.816000000000000000e+03,2.378000000000000000e+03,1.086000000000000000e+03,6.350000000000000000e+02,4.550000000000000000e+02,4.910000000000000000e+02
7.800000000000000000e+03,5.859841077203389315e-01,1.110500000000000000e+04,1.099900000000000000e+04,1.057600000000000000e+04,8.767000000000000000e+03,4.918000000000000000e+03,2.421000000000000000e+03,1.104000000000000000e+03,6.420000000000000000e+02,4.590000000000000000e+02,4.930000000000000000e+02
8.000000000000000000e+03,5.560026143448608682e-01,1.134500000000000000e+04,1.129600000000000000e+04,1.085400000000000000e+04,8.980000000000000000e+03,5.020000000000000000e+03,2.456000000000000000e+03,1.124000000000000000e+03,6.470000000000000000e+02,4.650000000000000000e+02,4.970000000000000000e+02
8.200000000000000000e+03,5.270656295503377553e-01,1.163200000000000000e+04,1.157800000000000000e+04,1.114000000000000000e+04,9.187000000000000000e+03,5.123000000000000000e+03,2.493000000000000000e+03,1.141000000000000000e+03,6.560000000000000000e+02,4.730000000000000000e+02,5.000000000000000000e+02
8.400000000000000000e+03,4.991100937959414008e-01,1.189500000000000000e+04,1.183600000000000000e+04,1.142000000000000000e+04,9.393000000000000000e+03,5.236000000000000000e+03,2.543000000000000000e+03,1.164000000000000000e+03,6.630000000000000000e+02,4.760000000000000000e+02,5.040000000000000000e+02
8.600000000000000000e+03,4.720781717039650438e-01,1.218100000000000000e+04,1.209800000000000000e+04,1.166800000000000000e+04,9.618000000000000000e+03,5.349000000000000000e+03,2.595000000000000000e+03,1.179000000000000000e+03,6.700000000000000000e+02,4.800000000000000000e+02,5.090000000000000000e+02
8.800000000000000000e+03,4.459167173946734231e-01,1.248400000000000000e+04,1.237900000000000000e+04,1.192900000000000000e+04,9.816000000000000000e+03,5.437000000000000000e+03,2.647000000000000000e+03,1.195000000000000000e+03,6.770000000000000000e+02,4.830000000000000000e+02,5.170000000000000000e+02
9.000000000000000000e+03,4.205768046598175047e-01,1.277200000000000000e+04,1.266300000000000000e+04,1.219400000000000000e+04,1.004000000000000000e+04,5.544000000000000000e+03,2.680000000000000000e+03,1.213000000000000000e+03,6.840000000000000000e+02,4.850000000000000000e+02,5.230000000000000000e+02
9.200000000000000000e+03,3.960133129190808177e-01,1.306100000000000000e+04,1.292500000000000000e+04,1.247300000000000000e+04,1.025800000000000000e+04,5.650000000000000000e+03,2.729000000000000000e+03,1.237000000000000000e+03,6.920000000000000000e+02,4.890000000000000000e+02,5.300000000000000000e+02
9.400000000000000000e+03,3.721845613284673338e-01,1.335500000000000000e+04,1.317800000000000000e+04,1.274200000000000000e+04,1.048200000000000000e+04,5.770000000000000000e+03,2.774000000000000000e+03,1.261000000000000000e+03,6.970000000000000000e+02,4.960000000000000000e+02,5.380000000000000000e+02
9.600000000000000000e+03,3.490519845860913239e-01,1.365600000000000000e+04,1.343600000000000000e+04,1.301500000000000000e+04,1.069300000000000000e+04,5.890000000000000000e+03,2.829000000000000000e+03,1.281000000000000000e+03,7.010000000000000000e+02,4.980000000000000000e+02,5.450000000000000000e+02
9.800000000000000000e+03,3.265798449563095396e-01,1.388400000000000000e+04,1.370200000000000000e+04,1.329800000000000000e+04,1.092300000000000000e+04,5.998000000000000000e+03,2.874000000000000000e+03,1.296000000000000000e+03,7.090000000000000000e+02,5.010000000000000000e+02,5.530000000000000000e+02
1.000000000000000000e+04,3.047349758451691759e-01,1.419400000000000000e+04,1.395400000000000000e+04,1.356400000000000000e+04,1.112200000000000000e+04,6.117000000000000000e+03,2.917000000000000000e+03,1.319000000000000000e+03,7.170000000000000000e+02,5.060000000000000000e+02,5.580000000000000000e+02
1.020000000000000000e+04,2.834865529387404770e-01,1.447900000000000000e+04,1.427000000000000000e+04,1.384100000000000000e+04,1.131500000000000000e+04,6.238000000000000000e+03,2.953000000000000000e+03,1.330000000000000000e+03,7.250000000000000000e+02,5.110000000000000000e+02,5.640000000000000000e+02
1.040000000000000000e+04,2.628058894850120453e-01,1.477200000000000000e+04,1.455900000000000000e+04,1.413000000000000000e+04,1.151500000000000000e+04,6.340000000000000000e+03,2.993000000000000000e+03,1.346000000000000000e+03,7.330000000000000000e+02,5.150000000000000000e+02,5.720000000000000000e+02
1.060000000000000000e+04,2.426662527790339752e-01,1.507500000000000000e+04,1.481700000000000000e+04,1.440200000000000000e+04,1.171800000000000000e+04,6.455000000000000000e+03,3.039000000000000000e+03,1.360000000000000000e+03,7.370000000000000000e+02,5.180000000000000000e+02,5.780000000000000000e+02
1.080000000000000000e+04,2.230426993154976945e-01,1.534900000000000000e+04,1.510300000000000000e+04,1.465500000000000000e+04,1.192300000000000000e+04,6.559000000000000000e+03,3.081000000000000000e+03,1.380000000000000000e+03,7.460000000000000000e+02,5.220000000000000000e+02,5.870000000000000000e+02
1.100000000000000000e+04,2.039119264156481481e-01,1.560900000000000000e+04,1.534700000000000000e+04,1.491800000000000000e+04,1.213300000000000000e+04,6.675000000000000000e+03,3.123000000000000000e+03,1.395000000000000000e+03,7.500000000000000000e+02,5.270000000000000000e+02,5.920000000000000000e+02
1.120000000000000000e+04,1.852521384266778703e-01,1.587900000000000000e+04,1.562000000000000000e+04,1.520000000000000000e+04,1.231700000000000000e+04,6.769000000000000000e+03,3.162000000000000000e+03,1.405000000000000000e+03,7.620000000000000000e+02,5.290000000000000000e+02,5.960000000000000000e+02
1.140000000000000000e+04,1.670429258400356609e-01,1.615200000000000000e+04,1.587500000000000000e+04,1.546500000000000000e+04,1.250300000000000000e+04,6.844000000000000000e+03,3.208000000000000000e+03,1.417000000000000000e+03,7.680000000000000000e+02,5.340000000000000000e+02,5.990000000000000000e+02
1.160000000000000000e+04,1.492651558873074880e-01,1.642800000000000000e+04,1.615500000000000000e+04,1.571400000000000000e+04,1.268600000000000000e+04,6.943000000000000000e+03,3.248000000000000000e+03,1.432000000000000000e+03,7.730000000000000000e+02,5.370000000000000000e+02,6.050000000000000000e+02
1.180000000000000000e+04,1.319008733543092227e-01,1.670100000000000000e+04,1.643600000000000000e+04,1.601400000000000000e+04,1.289000000000000000e+04,7.046000000000000000e+03,3.291000000000000000e+03,1.451000000000000000e+03,7.830000000000000000e+02,5.460000000000000000e+02,6.110000000000000000e+02
1.200000000000000000e+04,1.149332105104119428e-01,1.698300000000000000e+04,1.674800000000000000e+04,1.628900000000000000e+04,1.310700000000000000e+04,7.155000000000000000e+03,3.341000000000000000e+03,1.460000000000000000e+03,7.920000000000000000e+02,5.490000000000000000e+02,6.160000000000000000e+02
1.220000000000000000e+04,9.834630518493003848e-02,1.727000000000000000e+04,1.701900000000000000e+04,1.655600000000000000e+04,1.331900000000000000e+04,7.260000000000000000e+03,3.390000000000000000e+03,1.475000000000000000e+03,7.980000000000000000e+02,5.530000000000000000e+02,6.260000000000000000e+02
1.240000000000000000e+04,8.212522613886363843e-02,1.752200000000000000e+04,1.730700000000000000e+04,1.684900000000000000e+04,1.353400000000000000e+04,7.355000000000000000e+03,3.433000000000000000e+03,1.491000000000000000e+03,8.010000000000000000e+02,5.590000000000000000e+02,6.300000000000000000e+02
1.260000000000000000e+04,6.625590498114086735e-02,1.780100000000000000e+04,1.759200000000000000e+04,1.711600000000000000e+04,1.371900000000000000e+04,7.447000000000000000e+03,3.477000000000000000e+03,1.510000000000000000e+03,8.080000000000000000e+02,5.660000000000000000e+02,6.340000000000000000e+02
1.280000000000000000e+04,5.072507396609160502e-02,1.809000000000000000e+04,1.784700000000000000e+04,1.737100000000000000e+04,1.390400000000000000e+04,7.559000000000000000e+03,3.524000000000000000e+03,1.524000000000000000e+03,8.130000000000000000e+02,5.700000000000000000e+02,6.400000000000000000e+02
1.300000000000000000e+04,3.552020908505437724e-02,1.837000000000000000e+04,1.816900000000000000e+04,1.763500000000000000e+04,1.411600000000000000e+04,7.674000000000000000e+03,3.568000000000000000e+03,1.538000000000000000e+03,8.170000000000000000e+02,5.750000000000000000e+02,6.490000000000000000e+02
1.320000000000000000e+04,2.062947793147107411e-02,1.865000000000000000e+04,1.844900000000000000e+04,1.789500000000000000e+04,1.433500000000000000e+04,7.778000000000000000e+03,3.610000000000000000e+03,1.546000000000000000e+03,8.200000000000000000e+02,5.780000000000000000e+02,6.550000000000000000e+02
1.340000000000000000e+04,6.041691876883525936e-03,1.891500000000000000e+04,1.871800000000000000e+04,1.817900000000000000e+04,1.451500000000000000e+04,7.882000000000000000e+03,3.655000000000000000e+03,1.558000000000000000e+03,8.280000000000000000e+02,5.840000000000000000e+02,6.600000000000000000e+02
1.348403621897459016e+04,0.000000000000000000e+00,1.917500000000000000e+04,1.897400000000000000e+04,1.843400000000000000e+04,1.472900000000000000e+04,7.986000000000000000e+03,3.698000000000000000e+03,1.575000000000000000e+03,8.360000000000000000e+02,5.890000000000000000e+02,6.660000000000000000e+02
