redshift,shell,samples,hard,full_only,gw_only,both,neither_hard,invalid
12.0,1,5000,3721,2670,0,260,791,0
12.0,2,5000,2175,991,0,260,924,0
12.0,3,5000,1306,267,0,259,780,0
12.0,4,5000,743,17,0,254,472,0
12.0,5,5000,440,0,0,236,204,0
12.0,6,5000,276,0,0,200,76,0
12.0,7,5000,189,0,0,157,32,0
12.0,8,5000,148,0,0,133,15,0
12.0,9,5000,133,0,0,124,9,0
12.0,10,5000,138,0,0,126,12,0
3.0,1,5000,3079,1883,0,260,936,0
3.0,2,5000,1447,345,0,259,843,0
3.0,3,5000,626,6,0,247,373,0
3.0,4,5000,277,0,0,200,77,0
3.0,5,5000,130,0,0,121,9,0
3.0,6,5000,63,0,0,63,0,0
3.0,7,5000,25,0,0,25,0,0
3.0,8,5000,11,0,0,11,0,0
3.0,9,5000,5,0,0,5,0,0
3.0,10,5000,5,0,0,5,0,0
0.0,1,5000,3405,1841,0,260,1304,0
0.0,2,5000,1549,213,0,259,1077,0
0.0,3,5000,609,0,0,247,362,0
0.0,4,5000,239,0,0,182,57,0
0.0,5,5000,101,0,0,99,2,0
0.0,6,5000,42,0,0,42,0,0
0.0,7,5000,11,0,0,11,0,0
0.0,8,5000,5,0,0,5,0,0
0.0,9,5000,4,0,0,4,0,0
0.0,10,5000,5,0,0,5,0,0
