t_label_myr,t_completed_if_first_bin_at_zero_myr,R1,R2,R3,R4,R5,R6,R7,R8,R9,R10
0.000000000000000000e+00,2.000000000000000000e+02,2.377000098651368717e+03,2.679999433057188298e+02,1.990000013164381585e+02,1.319999842267564532e+02,8.499996777881646892e+01,7.899997998421774525e+01,3.999999373340799735e+01,3.799998362407043118e+01,4.499999317105532270e+01,3.799998362407043118e+01
2.000000000000000000e+02,4.000000000000000000e+02,4.709999223137224362e+03,4.420000368845637695e+02,2.789999327901335846e+02,2.199999620219818439e+02,1.439999375246204920e+02,1.089999763359271867e+02,7.099998537719868352e+01,6.200002843669492592e+01,6.200002843669492592e+01,6.300001179994478662e+01
4.000000000000000000e+02,6.000000000000000000e+02,7.010000680371318595e+03,5.239998941733800848e+02,3.519999639204403366e+02,2.630000015295361209e+02,1.800000430881092370e+02,1.269999900415141951e+02,9.499998955555521718e+01,7.399996928943075147e+01,7.199999412294828005e+01,7.800002253121745355e+01
6.000000000000000000e+02,8.000000000000000000e+02,9.315000766522834965e+03,5.889998827402417874e+02,4.029999802614671580e+02,3.040000473490468949e+02,1.969999441142814476e+02,1.379999579882543230e+02,1.089999763359271867e+02,8.299997531388069660e+01,8.400000073330897976e+01,8.899999273546804091e+01
8.000000000000000000e+02,1.000000000000000000e+03,1.173899971743324568e+04,6.489999947144349335e+02,4.320000586857447047e+02,3.219999940394424129e+02,2.159999871005400394e+02,1.539999955126424140e+02,1.240000131967120041e+02,9.199998796891827624e+01,8.999995464131544054e+01,9.199998796891827624e+01
1.000000000000000000e+03,1.200000000000000000e+03,1.411899544748835615e+04,7.079997716652311510e+02,4.549999090876844434e+02,3.450000057170267382e+02,2.289999464876350146e+02,1.600000375148652552e+02,1.309999940664349083e+02,9.499998955555521718e+01,9.499998955555521718e+01,9.299997555945398631e+01
1.200000000000000000e+03,1.400000000000000000e+03,1.661599773444397215e+04,7.529998032540654549e+02,4.739999829871825341e+02,3.599999593729876892e+02,2.459999924403954026e+02,1.680000343217677425e+02,1.330000304720989845e+02,9.800000971037549391e+01,1.019999867019163275e+02,9.699996493169776102e+01
1.400000000000000000e+03,1.600000000000000000e+03,1.910599723816723417e+04,7.979999192330861888e+02,4.889998458355132129e+02,3.729999145132215972e+02,2.569999463742998955e+02,1.730000043386484379e+02,1.340000188518351365e+02,1.000000164339277973e+02,1.039999544993209355e+02,1.050000140875989132e+02
1.600000000000000000e+03,1.800000000000000000e+03,2.174099773914355319e+04,8.240000061225359786e+02,5.009999739521439324e+02,3.840000502794839008e+02,2.630000015295361209e+02,1.800000430881092370e+02,1.369999856161562661e+02,1.050000140875989132e+02,1.080000315912411821e+02,1.089999763359271867e+02
1.800000000000000000e+03,2.000000000000000000e+03,2.440499417614374761e+04,8.610000701986131162e+02,5.129999933328249426e+02,3.959999613550431832e+02,2.679999433057188298e+02,1.879999703799118720e+02,1.399999937835486605e+02,1.069999986810745440e+02,1.119999809778145732e+02,1.129999992218455418e+02
2.000000000000000000e+03,2.200000000000000000e+03,2.707799524173323516e+04,8.959998826782716606e+02,5.250000540437669088e+02,4.029999802614671580e+02,2.699998698385625744e+02,1.919999875910021103e+02,1.459999686957629876e+02,1.100000197564202438e+02,1.119999809778145732e+02,1.149999993864859107e+02
2.200000000000000000e+03,2.400000000000000000e+03,2.983798870135111065e+04,9.169997384129693501e+02,5.329999933514471877e+02,4.099999656160918562e+02,2.769999473412660222e+02,1.959999503834461052e+02,1.469999890374915026e+02,1.100000197564202438e+02,1.169999493862614486e+02,1.169999493862614486e+02
2.400000000000000000e+03,2.600000000000000000e+03,3.264198201735697148e+04,9.349998134964752126e+02,5.440000447105404646e+02,4.139998830338430480e+02,2.800000423256771001e+02,2.009999933720204979e+02,1.479999675226716533e+02,1.109999954633626942e+02,1.180000009225699955e+02,1.180000009225699955e+02
2.600000000000000000e+03,2.800000000000000000e+03,3.543297509885954059e+04,9.689997671348662607e+02,5.510000628303470194e+02,4.199999905511643874e+02,2.859999710459309767e+02,2.049999427169521198e+02,1.529999534828467347e+02,1.109999954633626942e+02,1.210000235790718222e+02,1.199999838289432432e+02
2.800000000000000000e+03,3.000000000000000000e+03,3.835698224804429628e+04,9.849996898127252507e+02,5.609999179055459990e+02,4.260000049064015570e+02,2.890000047526951334e+02,2.060000338035912364e+02,1.569999448640778894e+02,1.119999809778145732e+02,1.219999762937000582e+02,1.219999762937000582e+02
3.000000000000000000e+03,3.200000000000000000e+03,4.134198482551236521e+04,1.013000074313772870e+03,5.649999784659179340e+02,4.289998820686204226e+02,2.929999937687640568e+02,2.060000338035912364e+02,1.589999613720819127e+02,1.139999533694938947e+02,1.259999792187612258e+02,1.219999762937000582e+02
3.200000000000000000e+03,3.400000000000000000e+03,4.430799307531830709e+04,1.035000039823787574e+03,5.759999753908598450e+02,4.329998708042946305e+02,2.929999937687640568e+02,2.070000144287668888e+02,1.609999655335430191e+02,1.149999993864859107e+02,1.269999900415141951e+02,1.219999762937000582e+02
3.400000000000000000e+03,3.600000000000000000e+03,4.729499563278899586e+04,1.055999914894051699e+03,5.850000491249523975e+02,4.359998370378640971e+02,2.929999937687640568e+02,2.079999496764281730e+02,1.640000234405625861e+02,1.149999993864859107e+02,1.279999438377888623e+02,1.219999762937000582e+02
3.600000000000000000e+03,3.800000000000000000e+03,5.033099753903227975e+04,1.076999823591563199e+03,5.899999861888625219e+02,4.389999059987983401e+02,2.929999937687640568e+02,2.099999542066543086e+02,1.659999830917684847e+02,1.149999993864859107e+02,1.300000306447251148e+02,1.229999721655401288e+02
3.800000000000000000e+03,4.000000000000000000e+03,5.344096460051331815e+04,1.095000140704736850e+03,5.970000170271948718e+02,4.460000408249815678e+02,2.929999937687640568e+02,2.120000267721641478e+02,1.659999830917684847e+02,1.159999851218448299e+02,1.300000306447251148e+02,1.249999677474384328e+02
4.000000000000000000e+03,4.200000000000000000e+03,5.656898539455364516e+04,1.117000159793379908e+03,6.029999933253778863e+02,4.500000056632106862e+02,2.929999937687640568e+02,2.139999219846922074e+02,1.680000343217677425e+02,1.189999952378832830e+02,1.309999940664349083e+02,1.249999677474384328e+02
4.200000000000000000e+03,4.400000000000000000e+03,5.975498853388978023e+04,1.130000177921820978e+03,6.069998560673138854e+02,4.519999260748857068e+02,3.059999668089832312e+02,2.149999843129795920e+02,1.680000343217677425e+02,1.199999838289432432e+02,1.319999842267564532e+02,1.249999677474384328e+02
4.400000000000000000e+03,4.600000000000000000e+03,6.294798687611740024e+04,1.148999600437791287e+03,6.140000758282156994e+02,4.579999825446441832e+02,3.059999668089832312e+02,2.179999953053128934e+02,1.699999688039025330e+02,1.199999838289432432e+02,1.319999842267564532e+02,1.249999677474384328e+02
4.600000000000000000e+03,4.800000000000000000e+03,6.619800170934411290e+04,1.171999791463896599e+03,6.179997764098444577e+02,4.579999825446441832e+02,3.059999668089832312e+02,2.179999953053128934e+02,1.719999658750968763e+02,1.219999762937000582e+02,1.330000304720989845e+02,1.249999677474384328e+02
4.800000000000000000e+03,5.000000000000000000e+03,6.941201373279880499e+04,1.190000147942548665e+03,6.179997764098444577e+02,4.579999825446441832e+02,3.059999668089832312e+02,2.199999620219818439e+02,1.750000141810389493e+02,1.240000131967120041e+02,1.330000304720989845e+02,1.249999677474384328e+02
5.000000000000000000e+03,5.200000000000000000e+03,7.281700520793983014e+04,1.216999592193787066e+03,6.179997764098444577e+02,4.639998677949138255e+02,3.059999668089832312e+02,2.229999768011957144e+02,1.750000141810389493e+02,1.249999677474384328e+02,1.330000304720989845e+02,1.249999677474384328e+02
5.200000000000000000e+03,5.400000000000000000e+03,7.628097496329729620e+04,1.241999676308771313e+03,6.280000250876049677e+02,4.639998677949138255e+02,3.139999511359731628e+02,2.249999588291810539e+02,1.769999706459755089e+02,1.269999900415141951e+02,1.330000304720989845e+02,1.259999792187612258e+02
5.400000000000000000e+03,5.600000000000000000e+03,7.962901662027077691e+04,1.251000013171397313e+03,6.280000250876049677e+02,4.639998677949138255e+02,3.169999130726122871e+02,2.269999706470760259e+02,1.790000328715830165e+02,1.269999900415141951e+02,1.330000304720989845e+02,1.269999900415141951e+02
5.600000000000000000e+03,5.800000000000000000e+03,8.333400648795755114e+04,1.270999531546584421e+03,6.280000250876049677e+02,4.709998449099547315e+02,3.199999623157481210e+02,2.299999177598164124e+02,1.800000430881092370e+02,1.269999900415141951e+02,1.330000304720989845e+02,1.269999900415141951e+02
5.800000000000000000e+03,6.000000000000000000e+03,8.698398786775040207e+04,1.285999646509542799e+03,6.389998963906471090e+02,4.709998449099547315e+02,3.199999623157481210e+02,2.320000156150804855e+02,1.820000049114769354e+02,1.269999900415141951e+02,1.330000304720989845e+02,1.269999900415141951e+02
6.000000000000000000e+03,6.200000000000000000e+03,9.040899633648063173e+04,1.312999626565885819e+03,6.430000497393941714e+02,4.709998449099547315e+02,3.199999623157481210e+02,2.320000156150804855e+02,1.830000329076519563e+02,1.279999438377888623e+02,1.330000304720989845e+02,1.279999438377888623e+02
6.200000000000000000e+03,6.400000000000000000e+03,9.402097312733877334e+04,1.333999821784431106e+03,6.470000794685493020e+02,4.709998449099547315e+02,3.250000029039342735e+02,2.330000679291117649e+02,1.840000119220431714e+02,1.279999438377888623e+02,1.349999824704752882e+02,1.279999438377888623e+02
6.400000000000000000e+03,6.600000000000000000e+03,9.754902458106697304e+04,1.355999807929184271e+03,6.470000794685493020e+02,4.709998449099547315e+02,3.250000029039342735e+02,2.339999445350324834e+02,1.840000119220431714e+02,1.279999438377888623e+02,1.349999824704752882e+02,1.289999974419565092e+02
6.600000000000000000e+03,6.800000000000000000e+03,1.012379643058227084e+05,1.369000053098071248e+03,6.470000794685493020e+02,4.789998802046329729e+02,3.250000029039342735e+02,2.349999924527538155e+02,1.840000119220431714e+02,1.279999438377888623e+02,1.359999579835948111e+02,1.309999940664349083e+02
6.800000000000000000e+03,7.000000000000000000e+03,1.045350240924256650e+05,1.387999800726871854e+03,6.540000002424604872e+02,4.789998802046329729e+02,3.279999313493037789e+02,2.349999924527538155e+02,1.859999874942423048e+02,1.279999438377888623e+02,1.359999579835948111e+02,1.309999940664349083e+02
7.000000000000000000e+03,7.200000000000000000e+03,1.083419313209202519e+05,1.405999536887608883e+03,6.540000002424604872e+02,4.820000141751165756e+02,3.279999313493037789e+02,2.360000479988024722e+02,1.859999874942423048e+02,1.279999438377888623e+02,1.369999856161562661e+02,1.309999940664349083e+02
7.200000000000000000e+03,7.400000000000000000e+03,1.118120234792078991e+05,1.424999830050761148e+03,6.540000002424604872e+02,4.820000141751165756e+02,3.279999313493037789e+02,2.369999451443732710e+02,1.869999685387612374e+02,1.279999438377888623e+02,1.369999856161562661e+02,1.319999842267564532e+02
7.400000000000000000e+03,7.600000000000000000e+03,1.153960408573036111e+05,1.448999753285454062e+03,6.609999714416405823e+02,4.820000141751165756e+02,3.279999313493037789e+02,2.369999451443732710e+02,1.869999685387612374e+02,1.289999974419565092e+02,1.379999579882543230e+02,1.319999842267564532e+02
7.600000000000000000e+03,7.800000000000000000e+03,1.186889281974196638e+05,1.460999999677805363e+03,6.659997527836532072e+02,4.820000141751165756e+02,3.279999313493037789e+02,2.379999066447651614e+02,1.869999685387612374e+02,1.300000306447251148e+02,1.379999579882543230e+02,1.330000304720989845e+02
7.800000000000000000e+03,8.000000000000000000e+03,1.214859201283547154e+05,1.478999803003676334e+03,6.689999450586977900e+02,4.820000141751165756e+02,3.279999313493037789e+02,2.409999599560719332e+02,1.869999685387612374e+02,1.300000306447251148e+02,1.379999579882543230e+02,1.330000304720989845e+02
8.000000000000000000e+03,8.200000000000000000e+03,1.252999654863080505e+05,1.498999740111489700e+03,6.689999450586977900e+02,4.889998458355132129e+02,3.369999606474488587e+02,2.419999619181978119e+02,1.869999685387612374e+02,1.300000306447251148e+02,1.379999579882543230e+02,1.330000304720989845e+02
8.200000000000000000e+03,8.400000000000000000e+03,1.289910161214250256e+05,1.516999777547418944e+03,6.689999450586977900e+02,4.889998458355132129e+02,3.369999606474488587e+02,2.440000003055838818e+02,1.879999703799118720e+02,1.300000306447251148e+02,1.379999579882543230e+02,1.340000188518351365e+02
8.400000000000000000e+03,8.600000000000000000e+03,1.325669387693649333e+05,1.536999889174906912e+03,6.689999450586977900e+02,4.889998458355132129e+02,3.369999606474488587e+02,2.449999687115458755e+02,1.879999703799118720e+02,1.300000306447251148e+02,1.379999579882543230e+02,1.340000188518351365e+02
8.600000000000000000e+03,8.800000000000000000e+03,1.365160232348504651e+05,1.554999588438148976e+03,6.689999450586977900e+02,4.889998458355132129e+02,3.369999606474488587e+02,2.449999687115458755e+02,1.879999703799118720e+02,1.300000306447251148e+02,1.389999953736215161e+02,1.340000188518351365e+02
8.800000000000000000e+03,9.000000000000000000e+03,1.404389656573247339e+05,1.586999508398408580e+03,6.779997713706414970e+02,4.929999235349038713e+02,3.369999606474488587e+02,2.459999924403954026e+02,1.890000395400687978e+02,1.309999940664349083e+02,1.389999953736215161e+02,1.340000188518351365e+02
9.000000000000000000e+03,9.200000000000000000e+03,1.441749980304605560e+05,1.610999483923618072e+03,6.779997713706414970e+02,4.929999235349038713e+02,3.429998845975066502e+02,2.459999924403954026e+02,1.890000395400687978e+02,1.309999940664349083e+02,1.389999953736215161e+02,1.340000188518351365e+02
9.200000000000000000e+03,9.400000000000000000e+03,1.477570180687888933e+05,1.631000084113318735e+03,6.779997713706414970e+02,4.929999235349038713e+02,3.450000057170267382e+02,2.479999390400988375e+02,1.890000395400687978e+02,1.309999940664349083e+02,1.389999953736215161e+02,1.340000188518351365e+02
9.400000000000000000e+03,9.600000000000000000e+03,1.513208972625908500e+05,1.651999939561826523e+03,6.779997713706414970e+02,4.929999235349038713e+02,3.450000057170267382e+02,2.479999390400988375e+02,1.899999121872064336e+02,1.309999940664349083e+02,1.389999953736215161e+02,1.340000188518351365e+02
9.600000000000000000e+03,9.800000000000000000e+03,1.548149523050937860e+05,1.663999662143537307e+03,6.779997713706414970e+02,4.979999601844909307e+02,3.450000057170267382e+02,2.489999313962337624e+02,1.899999121872064336e+02,1.309999940664349083e+02,1.389999953736215161e+02,1.340000188518351365e+02
9.800000000000000000e+03,1.000000000000000000e+04,1.587419983877128980e+05,1.679999699007773643e+03,6.919999089425388092e+02,4.979999601844909307e+02,3.450000057170267382e+02,2.499999843864557363e+02,1.899999121872064336e+02,1.309999940664349083e+02,1.389999953736215161e+02,1.349999824704752882e+02
1.000000000000000000e+04,1.020000000000000000e+04,1.618709404617523251e+05,1.704999767555813833e+03,6.949999551652757646e+02,4.979999601844909307e+02,3.470000045444095917e+02,2.499999843864557363e+02,1.910000522158919694e+02,1.309999940664349083e+02,1.389999953736215161e+02,1.349999824704752882e+02
1.020000000000000000e+04,1.040000000000000000e+04,1.657659830547987949e+05,1.722999729716850652e+03,6.949999551652757646e+02,5.030000052125919865e+02,3.470000045444095917e+02,2.499999843864557363e+02,1.929999773000222092e+02,1.309999940664349083e+02,1.399999937835486605e+02,1.349999824704752882e+02
1.040000000000000000e+04,1.060000000000000000e+04,1.691489733384290594e+05,1.744000030286750643e+03,6.949999551652757646e+02,5.059999257519973526e+02,3.470000045444095917e+02,2.499999843864557363e+02,1.929999773000222092e+02,1.309999940664349083e+02,1.399999937835486605e+02,1.349999824704752882e+02
1.060000000000000000e+04,1.080000000000000000e+04,1.728369743239551026e+05,1.757999381901030574e+03,6.949999551652757646e+02,5.059999257519973526e+02,3.470000045444095917e+02,2.499999843864557363e+02,1.929999773000222092e+02,1.319999842267564532e+02,1.399999937835486605e+02,1.349999824704752882e+02
1.080000000000000000e+04,1.100000000000000000e+04,1.769160133825106896e+05,1.776999781515555242e+03,6.949999551652757646e+02,5.059999257519973526e+02,3.470000045444095917e+02,2.499999843864557363e+02,1.939999678032567942e+02,1.330000304720989845e+02,1.399999937835486605e+02,1.349999824704752882e+02
1.100000000000000000e+04,1.120000000000000000e+04,1.803079394229223544e+05,1.799999740656171525e+03,7.049999928019889239e+02,5.059999257519973526e+02,3.470000045444095917e+02,2.499999843864557363e+02,1.939999678032567942e+02,1.330000304720989845e+02,1.410000029634184386e+02,1.359999579835948111e+02
1.120000000000000000e+04,1.140000000000000000e+04,1.846049562626193801e+05,1.818999643780002543e+03,7.049999928019889239e+02,5.059999257519973526e+02,3.470000045444095917e+02,2.499999843864557363e+02,1.949999052828203787e+02,1.330000304720989845e+02,1.410000029634184386e+02,1.359999579835948111e+02
1.140000000000000000e+04,1.160000000000000000e+04,1.878380330167601351e+05,1.840999568922793742e+03,7.049999928019889239e+02,5.059999257519973526e+02,3.470000045444095917e+02,2.499999843864557363e+02,1.959999503834461052e+02,1.340000188518351365e+02,1.410000029634184386e+02,1.359999579835948111e+02
1.160000000000000000e+04,1.180000000000000000e+04,1.915409027987073350e+05,1.860000180613432804e+03,7.049999928019889239e+02,5.059999257519973526e+02,3.470000045444095917e+02,2.499999843864557363e+02,1.959999503834461052e+02,1.340000188518351365e+02,1.410000029634184386e+02,1.359999579835948111e+02
1.180000000000000000e+04,1.200000000000000000e+04,1.944959271168391570e+05,1.880000012756883734e+03,7.049999928019889239e+02,5.059999257519973526e+02,3.470000045444095917e+02,2.499999843864557363e+02,1.980000504192996118e+02,1.340000188518351365e+02,1.410000029634184386e+02,1.359999579835948111e+02
1.200000000000000000e+04,1.220000000000000000e+04,1.974558659475139866e+05,1.900999920633719739e+03,7.049999928019889239e+02,5.059999257519973526e+02,3.470000045444095917e+02,2.499999843864557363e+02,1.980000504192996118e+02,1.340000188518351365e+02,1.410000029634184386e+02,1.359999579835948111e+02
1.220000000000000000e+04,1.240000000000000000e+04,2.016518814296988130e+05,1.917999713460781777e+03,7.109998510082801886e+02,5.059999257519973526e+02,3.470000045444095917e+02,2.499999843864557363e+02,1.980000504192996118e+02,1.340000188518351365e+02,1.410000029634184386e+02,1.359999579835948111e+02
1.240000000000000000e+04,1.260000000000000000e+04,2.052718739595652441e+05,1.941000280925193465e+03,7.109998510082801886e+02,5.059999257519973526e+02,3.470000045444095917e+02,2.499999843864557363e+02,1.980000504192996118e+02,1.349999824704752882e+02,1.410000029634184386e+02,1.359999579835948111e+02
1.260000000000000000e+04,1.280000000000000000e+04,2.092179971132773499e+05,1.960999679795635302e+03,7.109998510082801886e+02,5.059999257519973526e+02,3.599999593729876892e+02,2.499999843864557363e+02,1.980000504192996118e+02,1.349999824704752882e+02,1.410000029634184386e+02,1.369999856161562661e+02
1.280000000000000000e+04,1.300000000000000000e+04,2.131159614706232969e+05,1.976999739361621550e+03,7.109998510082801886e+02,5.059999257519973526e+02,3.599999593729876892e+02,2.499999843864557363e+02,1.980000504192996118e+02,1.349999824704752882e+02,1.410000029634184386e+02,1.369999856161562661e+02
1.300000000000000000e+04,1.320000000000000000e+04,2.161550356670405017e+05,1.991999528661676550e+03,7.109998510082801886e+02,5.059999257519973526e+02,3.599999593729876892e+02,2.499999843864557363e+02,1.980000504192996118e+02,1.349999824704752882e+02,1.419999985248156236e+02,1.379999579882543230e+02
1.320000000000000000e+04,1.340000000000000000e+04,2.193969954526061483e+05,2.010000264042113940e+03,7.109998510082801886e+02,5.059999257519973526e+02,3.599999593729876892e+02,2.619998958483225238e+02,1.980000504192996118e+02,1.349999824704752882e+02,1.419999985248156236e+02,1.379999579882543230e+02
