shell,t_label_left_myr,t_label_right_myr,cumulative_from_vector
1,-9.094947017729282e-13,199.9998437433128,2377.0000986513687
1,199.9998437433128,399.999987980254,4709.999223137224
1,399.999987980254,600.0001322171947,7010.000680371319
1,600.0001322171947,799.9999759605089,9315.000766522835
1,799.9999759605089,1000.0001201974492,11738.999717433246
1,1000.0001201974492,1199.9999639407633,14118.995447488356
1,1199.9999639407633,1400.0001081777045,16615.997734443972
1,1400.0001081777045,1599.9999519210178,19105.997238167234
1,1599.9999519210178,1800.000096157959,21740.997739143553
1,1800.000096157959,2000.0002403949002,24404.994176143748
1,2000.0002403949002,2199.9997836445873,27077.995241733235
1,2199.9997836445873,2399.9999278815276,29837.98870135111
1,2399.9999278815276,2600.000072118469,32641.98201735697
1,2600.000072118469,2800.000216355409,35432.97509885954
1,2800.000216355409,3000.0003605923503,38356.982248044296
1,3000.0003605923503,3199.9999038420374,41341.984825512365
1,3199.9999038420374,3400.0000480789786,44307.99307531831
1,3400.0000480789786,3600.000192315919,47294.995632788996
1,3600.000192315919,3800.00033655286,50330.99753903228
1,3800.00033655286,3999.999879802547,53440.96460051332
1,3999.999879802547,4200.0000240394875,56568.985394553645
1,4200.0000240394875,4400.000168276429,59754.98853388978
1,4400.000168276429,4600.00031251337,62947.9868761174
1,4600.00031251337,4799.999855763056,66198.00170934411
1,4799.999855763056,4999.999999999997,69412.0137327988
1,4999.999999999997,5200.0001442369385,72817.00520793983
1,5200.0001442369385,5400.00028847388,76280.9749632973
1,5400.00028847388,5600.000432710819,79629.01662027078
1,5600.000432710819,5799.999975960506,83334.00648795755
1,5799.999975960506,6000.000120197447,86983.9878677504
1,6000.000120197447,6200.000264434389,90408.99633648063
1,6200.000264434389,6400.00040867133,94020.97312733877
1,6400.00040867133,6599.999951921017,97549.02458106697
1,6599.999951921017,6800.000096157958,101237.96430582271
1,6800.000096157958,7000.000240394897,104535.02409242567
1,7000.000240394897,7200.000384631839,108341.93132092025
1,7200.000384631839,7400.00052886878,111812.0234792079
1,7400.00052886878,7600.000673105721,115396.04085730361
1,7600.000673105721,7800.000817342662,118688.92819741966
1,7800.000817342662,7999.999759605095,121485.92012835472
1,7999.999759605095,8199.999903842036,125299.96548630805
1,8199.999903842036,8400.000048078975,128991.01612142503
1,8400.000048078975,8600.000192315918,132566.93876936493
1,8600.000192315918,8800.000336552857,136516.02323485047
1,8800.000336552857,9000.0004807898,140438.96565732473
1,9000.0004807898,9200.00062502674,144174.99803046056
1,9200.00062502674,9400.00076926368,147757.0180687889
1,9400.00076926368,9599.999711526114,151320.89726259085
1,9599.999711526114,9799.999855763053,154814.9523050938
1,9799.999855763053,9999.999999999996,158741.9983877129
1,9999.999999999996,10200.000144236936,161870.94046175233
1,10200.000144236936,10400.000288473879,165765.9830547988
1,10400.000288473879,10600.000432710818,169148.97333842906
1,10600.000432710818,10800.000576947758,172836.9743239551
1,10800.000576947758,11000.0007211847,176916.0133825107
1,11000.0007211847,11200.00086542164,180307.93942292235
1,11200.00086542164,11399.999807684075,184604.95626261938
1,11399.999807684075,11599.999951921014,187838.03301676014
1,11599.999951921014,11800.000096157957,191540.90279870734
1,11800.000096157957,12000.000240394897,194495.92711683916
1,12000.000240394897,12200.000384631836,197455.865947514
1,12200.000384631836,12400.000528868779,201651.8814296988
1,12400.000528868779,12600.000673105718,205271.87395956524
1,12600.000673105718,12800.000817342661,209217.99711327735
1,12800.000817342661,13000.0009615796,213115.9614706233
1,13000.0009615796,13199.999903842036,216155.0356670405
1,13199.999903842036,13400.000048078975,219396.99545260615
2,-9.094947017729282e-13,199.9998437433128,267.99994330571883
2,199.9998437433128,399.999987980254,442.00003688456377
2,399.999987980254,600.0001322171947,523.9998941733801
2,600.0001322171947,799.9999759605089,588.9998827402418
2,799.9999759605089,1000.0001201974492,648.9999947144349
2,1000.0001201974492,1199.9999639407633,707.9997716652312
2,1199.9999639407633,1400.0001081777045,752.9998032540655
2,1400.0001081777045,1599.9999519210178,797.9999192330862
2,1599.9999519210178,1800.000096157959,824.000006122536
2,1800.000096157959,2000.0002403949002,861.0000701986131
2,2000.0002403949002,2199.9997836445873,895.9998826782717
2,2199.9997836445873,2399.9999278815276,916.9997384129694
2,2399.9999278815276,2600.000072118469,934.9998134964752
2,2600.000072118469,2800.000216355409,968.9997671348663
2,2800.000216355409,3000.0003605923503,984.9996898127253
2,3000.0003605923503,3199.9999038420374,1013.0000743137729
2,3199.9999038420374,3400.0000480789786,1035.0000398237876
2,3400.0000480789786,3600.000192315919,1055.9999148940517
2,3600.000192315919,3800.00033655286,1076.9998235915632
2,3800.00033655286,3999.999879802547,1095.0001407047369
2,3999.999879802547,4200.0000240394875,1117.00015979338
2,4200.0000240394875,4400.000168276429,1130.000177921821
2,4400.000168276429,4600.00031251337,1148.9996004377913
2,4600.00031251337,4799.999855763056,1171.9997914638966
2,4799.999855763056,4999.999999999997,1190.0001479425487
2,4999.999999999997,5200.0001442369385,1216.999592193787
2,5200.0001442369385,5400.00028847388,1241.9996763087713
2,5400.00028847388,5600.000432710819,1251.0000131713973
2,5600.000432710819,5799.999975960506,1270.9995315465844
2,5799.999975960506,6000.000120197447,1285.9996465095428
2,6000.000120197447,6200.000264434389,1312.9996265658858
2,6200.000264434389,6400.00040867133,1333.999821784431
2,6400.00040867133,6599.999951921017,1355.9998079291843
2,6599.999951921017,6800.000096157958,1369.0000530980712
2,6800.000096157958,7000.000240394897,1387.9998007268719
2,7000.000240394897,7200.000384631839,1405.9995368876089
2,7200.000384631839,7400.00052886878,1424.9998300507611
2,7400.00052886878,7600.000673105721,1448.999753285454
2,7600.000673105721,7800.000817342662,1460.9999996778054
2,7800.000817342662,7999.999759605095,1478.9998030036763
2,7999.999759605095,8199.999903842036,1498.9997401114897
2,8199.999903842036,8400.000048078975,1516.999777547419
2,8400.000048078975,8600.000192315918,1536.999889174907
2,8600.000192315918,8800.000336552857,1554.999588438149
2,8800.000336552857,9000.0004807898,1586.9995083984086
2,9000.0004807898,9200.00062502674,1610.999483923618
2,9200.00062502674,9400.00076926368,1631.0000841133187
2,9400.00076926368,9599.999711526114,1651.9999395618265
2,9599.999711526114,9799.999855763053,1663.9996621435373
2,9799.999855763053,9999.999999999996,1679.9996990077736
2,9999.999999999996,10200.000144236936,1704.9997675558138
2,10200.000144236936,10400.000288473879,1722.9997297168507
2,10400.000288473879,10600.000432710818,1744.0000302867506
2,10600.000432710818,10800.000576947758,1757.9993819010306
2,10800.000576947758,11000.0007211847,1776.9997815155552
2,11000.0007211847,11200.00086542164,1799.9997406561715
2,11200.00086542164,11399.999807684075,1818.9996437800025
2,11399.999807684075,11599.999951921014,1840.9995689227937
2,11599.999951921014,11800.000096157957,1860.0001806134328
2,11800.000096157957,12000.000240394897,1880.0000127568837
2,12000.000240394897,12200.000384631836,1900.9999206337197
2,12200.000384631836,12400.000528868779,1917.9997134607818
2,12400.000528868779,12600.000673105718,1941.0002809251935
2,12600.000673105718,12800.000817342661,1960.9996797956353
2,12800.000817342661,13000.0009615796,1976.9997393616216
2,13000.0009615796,13199.999903842036,1991.9995286616765
2,13199.999903842036,13400.000048078975,2010.000264042114
3,-9.094947017729282e-13,199.9998437433128,199.00000131643816
3,199.9998437433128,399.999987980254,278.9999327901336
3,399.999987980254,600.0001322171947,351.99996392044034
3,600.0001322171947,799.9999759605089,402.99998026146716
3,799.9999759605089,1000.0001201974492,432.0000586857447
3,1000.0001201974492,1199.9999639407633,454.99990908768444
3,1199.9999639407633,1400.0001081777045,473.99998298718253
3,1400.0001081777045,1599.9999519210178,488.9998458355132
3,1599.9999519210178,1800.000096157959,500.99997395214393
3,1800.000096157959,2000.0002403949002,512.9999933328249
3,2000.0002403949002,2199.9997836445873,525.0000540437669
3,2199.9997836445873,2399.9999278815276,532.9999933514472
3,2399.9999278815276,2600.000072118469,544.0000447105405
3,2600.000072118469,2800.000216355409,551.000062830347
3,2800.000216355409,3000.0003605923503,560.999917905546
3,3000.0003605923503,3199.9999038420374,564.9999784659179
3,3199.9999038420374,3400.0000480789786,575.9999753908598
3,3400.0000480789786,3600.000192315919,585.0000491249524
3,3600.000192315919,3800.00033655286,589.9999861888625
3,3800.00033655286,3999.999879802547,597.0000170271949
3,3999.999879802547,4200.0000240394875,602.9999933253779
3,4200.0000240394875,4400.000168276429,606.9998560673139
3,4400.000168276429,4600.00031251337,614.0000758282157
3,4600.00031251337,4799.999855763056,617.9997764098445
3,5200.0001442369385,5400.00028847388,628.000025087605
3,5799.999975960506,6000.000120197447,638.9998963906471
3,6000.000120197447,6200.000264434389,643.0000497393942
3,6200.000264434389,6400.00040867133,647.0000794685493
3,6800.000096157958,7000.000240394897,654.0000002424605
3,7400.00052886878,7600.000673105721,660.9999714416406
3,7600.000673105721,7800.000817342662,665.9997527836532
3,7800.000817342662,7999.999759605095,668.9999450586978
3,8800.000336552857,9000.0004807898,677.9997713706415
3,9799.999855763053,9999.999999999996,691.9999089425388
3,9999.999999999996,10200.000144236936,694.9999551652758
3,11000.0007211847,11200.00086542164,704.9999928019889
3,12200.000384631836,12400.000528868779,710.9998510082802
4,-9.094947017729282e-13,199.9998437433128,131.99998422675645
4,199.9998437433128,399.999987980254,219.99996202198184
4,399.999987980254,600.0001322171947,263.0000015295361
4,600.0001322171947,799.9999759605089,304.0000473490469
4,799.9999759605089,1000.0001201974492,321.9999940394424
4,1000.0001201974492,1199.9999639407633,345.00000571702674
4,1199.9999639407633,1400.0001081777045,359.9999593729877
4,1400.0001081777045,1599.9999519210178,372.9999145132216
4,1599.9999519210178,1800.000096157959,384.0000502794839
4,1800.000096157959,2000.0002403949002,395.9999613550432
4,2000.0002403949002,2199.9997836445873,402.99998026146716
4,2199.9997836445873,2399.9999278815276,409.99996561609186
4,2399.9999278815276,2600.000072118469,413.99988303384305
4,2600.000072118469,2800.000216355409,419.9999905511644
4,2800.000216355409,3000.0003605923503,426.00000490640156
4,3000.0003605923503,3199.9999038420374,428.9998820686204
4,3199.9999038420374,3400.0000480789786,432.99987080429463
4,3400.0000480789786,3600.000192315919,435.9998370378641
4,3600.000192315919,3800.00033655286,438.99990599879834
4,3800.00033655286,3999.999879802547,446.00004082498157
4,3999.999879802547,4200.0000240394875,450.0000056632107
4,4200.0000240394875,4400.000168276429,451.9999260748857
4,4400.000168276429,4600.00031251337,457.9999825446442
4,4999.999999999997,5200.0001442369385,463.9998677949138
4,5600.000432710819,5799.999975960506,470.99984490995473
4,6599.999951921017,7000.000240394897,478.999880204633
4,7000.000240394897,7200.000384631839,482.0000141751166
4,7999.999759605095,8199.999903842036,488.9998458355132
4,8800.000336552857,9000.0004807898,492.99992353490387
4,9599.999711526114,9799.999855763053,497.99996018449093
4,10200.000144236936,10400.000288473879,503.000005212592
4,10400.000288473879,10600.000432710818,505.99992575199735
5,-9.094947017729282e-13,199.9998437433128,84.99996777881647
5,199.9998437433128,399.999987980254,143.9999375246205
5,399.999987980254,600.0001322171947,180.00004308810924
5,600.0001322171947,799.9999759605089,196.99994411428145
5,799.9999759605089,1000.0001201974492,215.99998710054004
5,1000.0001201974492,1199.9999639407633,228.99994648763501
5,1199.9999639407633,1400.0001081777045,245.9999924403954
5,1400.0001081777045,1599.9999519210178,256.9999463742999
5,1599.9999519210178,1800.000096157959,263.0000015295361
5,1800.000096157959,2000.0002403949002,267.99994330571883
5,2000.0002403949002,2199.9997836445873,269.9998698385626
5,2199.9997836445873,2399.9999278815276,276.999947341266
5,2399.9999278815276,2600.000072118469,280.0000423256771
5,2600.000072118469,2800.000216355409,285.999971045931
5,2800.000216355409,3000.0003605923503,289.00000475269513
5,3000.0003605923503,3199.9999038420374,292.99999376876406
5,4200.0000240394875,4400.000168276429,305.99996680898323
5,5200.0001442369385,5400.00028847388,313.99995113597316
5,5400.00028847388,5600.000432710819,316.9999130726123
5,5600.000432710819,6200.000264434389,319.9999623157481
5,6200.000264434389,6800.000096157958,325.0000029039343
5,6800.000096157958,7000.000240394897,327.9999313493038
5,7999.999759605095,8400.000048078975,336.99996064744886
5,9000.0004807898,9200.00062502674,342.99988459750665
5,9200.00062502674,9999.999999999996,345.00000571702674
5,9999.999999999996,10200.000144236936,347.0000045444096
5,12600.000673105718,13400.000048078975,359.9999593729877
6,-9.094947017729282e-13,199.9998437433128,78.99997998421775
6,199.9998437433128,399.999987980254,108.99997633592719
6,399.999987980254,600.0001322171947,126.9999900415142
6,600.0001322171947,799.9999759605089,137.99995798825432
6,799.9999759605089,1000.0001201974492,153.9999955126424
6,1000.0001201974492,1199.9999639407633,160.00003751486526
6,1199.9999639407633,1400.0001081777045,168.00003432176774
6,1400.0001081777045,1599.9999519210178,173.00000433864844
6,1599.9999519210178,1800.000096157959,180.00004308810924
6,1800.000096157959,2000.0002403949002,187.99997037991187
6,2000.0002403949002,2199.9997836445873,191.9999875910021
6,2199.9997836445873,2399.9999278815276,195.9999503834461
6,2399.9999278815276,2600.000072118469,200.9999933720205
6,2600.000072118469,2800.000216355409,204.99994271695212
6,2800.000216355409,3199.9999038420374,206.00003380359124
6,3199.9999038420374,3400.0000480789786,207.0000144287669
6,3400.0000480789786,3600.000192315919,207.99994967642817
6,3600.000192315919,3800.00033655286,209.9999542066543
6,3800.00033655286,3999.999879802547,212.00002677216415
6,3999.999879802547,4200.0000240394875,213.9999219846922
6,4200.0000240394875,4400.000168276429,214.9999843129796
6,4400.000168276429,4799.999855763056,217.9999953053129
6,4799.999855763056,4999.999999999997,219.99996202198184
6,4999.999999999997,5200.0001442369385,222.99997680119571
6,5200.0001442369385,5400.00028847388,224.99995882918105
6,5400.00028847388,5600.000432710819,226.99997064707603
6,5600.000432710819,5799.999975960506,229.9999177598164
6,5799.999975960506,6200.000264434389,232.00001561508049
6,6200.000264434389,6400.00040867133,233.00006792911176
6,6400.00040867133,6599.999951921017,233.99994453503248
6,6599.999951921017,7000.000240394897,234.99999245275382
6,7000.000240394897,7200.000384631839,236.00004799880247
6,7200.000384631839,7600.000673105721,236.99994514437327
6,7600.000673105721,7800.000817342662,237.99990664476516
6,7800.000817342662,7999.999759605095,240.99995995607193
6,7999.999759605095,8199.999903842036,241.9999619181978
6,8199.999903842036,8400.000048078975,244.00000030558388
6,8400.000048078975,8800.000336552857,244.99996871154588
6,8800.000336552857,9200.00062502674,245.9999924403954
6,9200.00062502674,9599.999711526114,247.99993904009884
6,9599.999711526114,9799.999855763053,248.99993139623376
6,9799.999855763053,9999.999999999996,249.99998438645574
6,13199.999903842036,13400.000048078975,261.9998958483225
7,-9.094947017729282e-13,199.9998437433128,39.999993733408
7,199.9998437433128,399.999987980254,70.99998537719868
7,399.999987980254,600.0001322171947,94.99998955555522
7,600.0001322171947,799.9999759605089,108.99997633592719
7,799.9999759605089,1000.0001201974492,124.000013196712
7,1000.0001201974492,1199.9999639407633,130.9999940664349
7,1199.9999639407633,1400.0001081777045,133.00003047209898
7,1400.0001081777045,1599.9999519210178,134.00001885183514
7,1599.9999519210178,1800.000096157959,136.99998561615627
7,1800.000096157959,2000.0002403949002,139.99999378354866
7,2000.0002403949002,2199.9997836445873,145.999968695763
7,2199.9997836445873,2399.9999278815276,146.9999890374915
7,2399.9999278815276,2600.000072118469,147.99996752267165
7,2600.000072118469,2800.000216355409,152.99995348284673
7,2800.000216355409,3000.0003605923503,156.9999448640779
7,3000.0003605923503,3199.9999038420374,158.9999613720819
7,3199.9999038420374,3400.0000480789786,160.99996553354302
7,3400.0000480789786,3600.000192315919,164.0000234405626
7,3600.000192315919,3999.999879802547,165.99998309176848
7,3999.999879802547,4400.000168276429,168.00003432176774
7,4400.000168276429,4600.00031251337,169.99996880390253
7,4600.00031251337,4799.999855763056,171.99996587509688
7,4799.999855763056,5200.0001442369385,175.00001418103895
7,5200.0001442369385,5400.00028847388,176.9999706459755
7,5400.00028847388,5600.000432710819,179.00003287158302
7,5600.000432710819,5799.999975960506,180.00004308810924
7,5799.999975960506,6000.000120197447,182.00000491147694
7,6000.000120197447,6200.000264434389,183.00003290765196
7,6200.000264434389,6800.000096157958,184.00001192204317
7,6800.000096157958,7200.000384631839,185.9999874942423
7,7200.000384631839,8199.999903842036,186.99996853876124
7,8199.999903842036,8800.000336552857,187.99997037991187
7,8800.000336552857,9400.00076926368,189.0000395400688
7,9400.00076926368,9999.999999999996,189.99991218720643
7,9999.999999999996,10200.000144236936,191.00005221589197
7,10200.000144236936,10800.000576947758,192.9999773000222
7,10800.000576947758,11200.00086542164,193.9999678032568
7,11200.00086542164,11399.999807684075,194.99990528282038
7,11399.999807684075,11800.000096157957,195.9999503834461
7,11800.000096157957,13400.000048078975,198.0000504192996
8,-9.094947017729282e-13,199.9998437433128,37.99998362407043
8,199.9998437433128,399.999987980254,62.000028436694926
8,399.999987980254,600.0001322171947,73.99996928943075
8,600.0001322171947,799.9999759605089,82.9999753138807
8,799.9999759605089,1000.0001201974492,91.99998796891828
8,1000.0001201974492,1199.9999639407633,94.99998955555522
8,1199.9999639407633,1400.0001081777045,98.0000097103755
8,1400.0001081777045,1599.9999519210178,100.0000164339278
8,1599.9999519210178,1800.000096157959,105.00001408759891
8,1800.000096157959,2000.0002403949002,106.99999868107454
8,2000.0002403949002,2399.9999278815276,110.00001975642024
8,2399.9999278815276,2800.000216355409,110.9999954633627
8,2800.000216355409,3000.0003605923503,111.99998097781457
8,3000.0003605923503,3199.9999038420374,113.9999533694939
8,3199.9999038420374,3800.00033655286,114.99999938648591
8,3800.00033655286,3999.999879802547,115.99998512184483
8,3999.999879802547,4200.0000240394875,118.99999523788328
8,4200.0000240394875,4600.00031251337,119.99998382894324
8,4600.00031251337,4799.999855763056,121.99997629370006
8,4799.999855763056,4999.999999999997,124.000013196712
8,4999.999999999997,5200.0001442369385,124.99996774743843
8,5200.0001442369385,6000.000120197447,126.9999900415142
8,6000.000120197447,7400.00052886878,127.99994383778886
8,7400.00052886878,7600.000673105721,128.9999974419565
8,7600.000673105721,8800.000336552857,130.00003064472511
8,8800.000336552857,10600.000432710818,130.9999940664349
8,10600.000432710818,10800.000576947758,131.99998422675645
8,10800.000576947758,11399.999807684075,133.00003047209898
8,11399.999807684075,12400.000528868779,134.00001885183514
8,12400.000528868779,13400.000048078975,134.9999824704753
9,-9.094947017729282e-13,199.9998437433128,44.99999317105532
9,199.9998437433128,399.999987980254,62.000028436694926
9,399.999987980254,600.0001322171947,71.99999412294828
9,600.0001322171947,799.9999759605089,84.00000073330898
9,799.9999759605089,1000.0001201974492,89.99995464131544
9,1000.0001201974492,1199.9999639407633,94.99998955555522
9,1199.9999639407633,1400.0001081777045,101.99998670191633
9,1400.0001081777045,1599.9999519210178,103.99995449932094
9,1599.9999519210178,1800.000096157959,108.00003159124118
9,1800.000096157959,2199.9997836445873,111.99998097781457
9,2199.9997836445873,2399.9999278815276,116.99994938626145
9,2399.9999278815276,2600.000072118469,118.00000092257
9,2600.000072118469,2800.000216355409,121.00002357907182
9,2800.000216355409,3000.0003605923503,121.99997629370006
9,3000.0003605923503,3199.9999038420374,125.99997921876123
9,3199.9999038420374,3400.0000480789786,126.9999900415142
9,3400.0000480789786,3600.000192315919,127.99994383778886
9,3600.000192315919,3999.999879802547,130.00003064472511
9,3999.999879802547,4200.0000240394875,130.9999940664349
9,4200.0000240394875,4600.00031251337,131.99998422675645
9,4600.00031251337,6200.000264434389,133.00003047209898
9,6200.000264434389,6599.999951921017,134.9999824704753
9,6599.999951921017,7000.000240394897,135.9999579835948
9,7000.000240394897,7400.00052886878,136.99998561615627
9,7400.00052886878,8600.000192315918,137.99995798825432
9,8600.000192315918,10200.000144236936,138.99999537362152
9,10200.000144236936,11000.0007211847,139.99999378354866
9,11000.0007211847,13000.0009615796,141.00000296341844
9,13000.0009615796,13400.000048078975,141.99999852481562
10,-9.094947017729282e-13,199.9998437433128,37.99998362407043
10,199.9998437433128,399.999987980254,63.00001179994479
10,399.999987980254,600.0001322171947,78.00002253121745
10,600.0001322171947,799.9999759605089,88.99999273546804
10,799.9999759605089,1000.0001201974492,91.99998796891828
10,1000.0001201974492,1199.9999639407633,92.99997555945399
10,1199.9999639407633,1400.0001081777045,96.99996493169776
10,1400.0001081777045,1599.9999519210178,105.00001408759891
10,1599.9999519210178,1800.000096157959,108.99997633592719
10,1800.000096157959,2000.0002403949002,112.99999922184554
10,2000.0002403949002,2199.9997836445873,114.99999938648591
10,2199.9997836445873,2399.9999278815276,116.99994938626145
10,2399.9999278815276,2600.000072118469,118.00000092257
10,2600.000072118469,2800.000216355409,119.99998382894324
10,2800.000216355409,3600.000192315919,121.99997629370006
10,3600.000192315919,3800.00033655286,122.99997216554013
10,3800.00033655286,5200.0001442369385,124.99996774743843
10,5200.0001442369385,5400.00028847388,125.99997921876123
10,5400.00028847388,6000.000120197447,126.9999900415142
10,6000.000120197447,6400.00040867133,127.99994383778886
10,6400.00040867133,6599.999951921017,128.9999974419565
10,6599.999951921017,7200.000384631839,130.9999940664349
10,7200.000384631839,7600.000673105721,131.99998422675645
10,7600.000673105721,8199.999903842036,133.00003047209898
10,8199.999903842036,9799.999855763053,134.00001885183514
10,9799.999855763053,11000.0007211847,134.9999824704753
10,11000.0007211847,12600.000673105718,135.9999579835948
10,12600.000673105718,13000.0009615796,136.99998561615627
10,13000.0009615796,13400.000048078975,137.99995798825432
