shell,paper_endpoint,old_euler_raw,old_euler_invalid,strict_raw,strict_scaled,strict_MC_se,strict_zero_count_upper95_scaled,strict_ratio_to_paper,strict_hard,strict_invalid,strict_first67_scaled,strict_tight_raw,strict_tight_scaled,strict_tight_MC_se,strict_tight_zero_count_upper95_scaled,strict_tight_ratio_to_paper,strict_tight_hard,strict_tight_invalid,strict_tight_first67_scaled,gw_only_raw,gw_only_scaled,gw_only_MC_se,gw_only_zero_count_upper95_scaled,gw_only_ratio_to_paper,gw_only_hard,gw_only_invalid,gw_only_first67_scaled,paper_order_raw,paper_order_scaled,paper_order_MC_se,paper_order_zero_count_upper95_scaled,paper_order_ratio_to_paper,paper_order_hard,paper_order_invalid,paper_order_first67_scaled,taper_raw,taper_scaled,taper_MC_se,taper_zero_count_upper95_scaled,taper_ratio_to_paper,taper_hard,taper_invalid,taper_first67_scaled
1,219396.99545260615,31172,117232,148409,59363600.0,115523.49156522531,,270.57617574723645,226074,0,58710400.0,148409,59363600.0,115523.49156522531,,270.57617574723645,226074,0,58710400.0,19175,7670000.0,53804.44955352996,,34.959457781895026,226074,0,7566000.0,22350,8940000.0,57744.84854518801,,40.74805118254779,77498,0,8872400.0,20223,8089200.0,55161.69876465119,,36.870149398866396,226074,0,7985200.0
2,2010.000264042114,36700,1578,37650,15060000.0,72970.0495109132,,7492.5363291815265,105909,0,14922400.0,37649,15059600.0,72969.23476263383,,7492.337324232544,105909,0,14922000.0,18974,7589600.0,53538.496898306985,,3775.919901989118,105909,0,7487200.0,944,377600.0,12265.171783867421,,187.86067183923933,14646,0,376800.0,19020,7608000.0,53599.47451919418,,3785.074129642301,105909,0,7505200.0
3,710.9998510082802,19516,0,19140,7656000.0,53745.49137898652,,10767.934745897492,46546,0,7553600.0,19140,7656000.0,53745.49137898652,,10767.934745897492,46546,0,7553600.0,18434,7373600.0,52817.52241571757,,10370.747602187794,46546,0,7271600.0,164,65600.0,5121.080852107176,,92.2644356492784,2991,0,64400.0,18441,7376400.0,52826.97396061568,,10374.685718343555,46546,0,7274400.0
4,505.99992575199735,14889,0,14756,5902400.0,47519.32559770869,,11664.823846027415,20152,0,5816800.0,14756,5902400.0,47519.32559770869,,11664.823846027415,20152,0,5816800.0,14729,5891600.0,47478.96951819091,,11643.479969377731,20152,0,5806000.0,100,40000.0,3999.3678236188425,,79.0513949988304,642,0,40000.0,14729,5891600.0,47478.96951819091,,11643.479969377731,20152,0,5806000.0
5,359.9999593729877,8011,0,7988,3195200.0,35307.70679089434,,8875.55655718707,8744,0,3153600.0,7988,3195200.0,35307.70679089434,,8875.55655718707,8744,0,3153600.0,7986,3194400.0,35303.64362853629,,8873.334334714065,8744,0,3152800.0,49,19600.0,2799.7828052817513,,54.44445058865379,160,0,18800.0,7986,3194400.0,35303.64362853629,,8873.334334714065,8744,0,3152800.0
6,261.9998958483225,3704,0,3698,1479200.0,24166.596551392493,,5645.803771068448,3858,0,1462000.0,3698,1479200.0,24166.596551392493,,5645.803771068448,3858,0,1462000.0,3698,1479200.0,24166.596551392493,,5645.803771068448,3858,0,1462000.0,9,3600.0,1199.9733277025116,,13.740463477451605,36,0,3600.0,3698,1479200.0,24166.596551392493,,5645.803771068448,3858,0,1462000.0
7,198.0000504192996,1577,0,1575,630000.0,15802.699296671193,,3181.817371590892,1615,0,623200.0,1575,630000.0,15802.699296671193,,3181.817371590892,1615,0,623200.0,1575,630000.0,15802.699296671193,,3181.817371590892,1615,0,623200.0,1,400.0,400.0,,2.020201505771995,6,0,400.0,1575,630000.0,15802.699296671193,,3181.817371590892,1615,0,623200.0
8,134.9999824704753,836,0,836,334400.0,11515.744807683745,,2477.0373586762043,853,0,331200.0,836,334400.0,11515.744807683745,,2477.0373586762043,853,0,331200.0,836,334400.0,11515.744807683745,,2477.0373586762043,853,0,331200.0,2,800.0,565.6288422609294,,5.925926695397618,4,0,800.0,836,334400.0,11515.744807683745,,2477.0373586762043,853,0,331200.0
9,141.99999852481562,590,0,589,235600.0,9678.08643645087,,1659.154946813799,598,0,233600.0,589,235600.0,9678.08643645087,,1659.154946813799,598,0,233600.0,589,235600.0,9678.08643645087,,1659.154946813799,598,0,233600.0,2,800.0,565.6288422609294,,5.633802875428859,3,0,800.0,589,235600.0,9678.08643645087,,1659.154946813799,598,0,233600.0
10,137.99995798825432,667,0,666,266400.0,10283.84828296788,,1930.4353702968103,684,0,264000.0,666,266400.0,10283.84828296788,,1930.4353702968103,684,0,264000.0,666,266400.0,10283.84828296788,,1930.4353702968103,684,0,264000.0,4,1600.0,800.0,,11.594206428209072,6,0,1600.0,666,266400.0,10283.84828296788,,1930.4353702968103,684,0,264000.0
