step,shell,t_end_myr,redshift_start,sampled,hard,merged,invalid,k_above
1,1,200.0,12.0,5000,3721,2930,0,3361
1,2,200.0,12.0,5000,2249,1301,0,2018
1,3,200.0,12.0,5000,1302,485,0,1215
1,4,200.0,12.0,5000,786,302,0,757
1,5,200.0,12.0,5000,499,260,0,486
1,6,200.0,12.0,5000,294,205,0,289
1,7,200.0,12.0,5000,222,192,0,221
1,8,200.0,12.0,5000,170,155,0,168
1,9,200.0,12.0,5000,116,108,0,116
1,10,200.0,12.0,5000,152,138,0,152
2,1,400.0,8.81813784279133,5000,3297,2589,0,2958
2,2,400.0,8.81813784279133,5000,1703,953,0,1570
2,3,400.0,8.81813784279133,5000,874,363,0,836
2,4,400.0,8.81813784279133,5000,492,270,0,479
2,5,400.0,8.81813784279133,5000,258,210,0,257
2,6,400.0,8.81813784279133,5000,154,138,0,152
2,7,400.0,8.81813784279133,5000,78,75,0,78
2,8,400.0,8.81813784279133,5000,68,68,0,68
2,9,400.0,8.81813784279133,5000,46,45,0,46
2,10,400.0,8.81813784279133,5000,44,43,0,44
3,1,600.0,7.061767106276299,5000,3005,2364,0,2723
3,2,600.0,7.061767106276299,5000,1448,770,0,1347
3,3,600.0,7.061767106276299,5000,743,303,0,715
3,4,600.0,7.061767106276299,5000,389,244,0,383
3,5,600.0,7.061767106276299,5000,215,185,0,213
3,6,600.0,7.061767106276299,5000,107,105,0,107
3,7,600.0,7.061767106276299,5000,62,62,0,62
3,8,600.0,7.061767106276299,5000,34,34,0,34
3,9,600.0,7.061767106276299,5000,35,35,0,35
3,10,600.0,7.061767106276299,5000,32,31,0,32
4,1,800.0,5.924220571452539,5000,2927,2233,0,2626
4,2,800.0,5.924220571452539,5000,1414,715,0,1314
4,3,800.0,5.924220571452539,5000,694,303,0,667
4,4,800.0,5.924220571452539,5000,345,228,0,343
4,5,800.0,5.924220571452539,5000,192,169,0,191
4,6,800.0,5.924220571452539,5000,99,97,0,99
4,7,800.0,5.924220571452539,5000,37,35,0,36
4,8,800.0,5.924220571452539,5000,31,31,0,31
4,9,800.0,5.924220571452539,5000,27,27,0,27
4,10,800.0,5.924220571452539,5000,18,18,0,18
5,1,1000.0,5.1169934430410065,5000,2929,2190,0,2603
5,2,1000.0,5.1169934430410065,5000,1415,693,0,1334
5,3,1000.0,5.1169934430410065,5000,681,285,0,651
5,4,1000.0,5.1169934430410065,5000,330,234,0,327
5,5,1000.0,5.1169934430410065,5000,151,140,0,150
5,6,1000.0,5.1169934430410065,5000,77,70,0,75
5,7,1000.0,5.1169934430410065,5000,36,36,0,36
5,8,1000.0,5.1169934430410065,5000,27,27,0,27
5,9,1000.0,5.1169934430410065,5000,19,19,0,19
5,10,1000.0,5.1169934430410065,5000,17,16,0,16
6,1,1200.0,4.509080089241049,5000,2947,2195,0,2636
6,2,1200.0,4.509080089241049,5000,1347,652,0,1266
6,3,1200.0,4.509080089241049,5000,639,245,0,621
6,4,1200.0,4.509080089241049,5000,314,220,0,309
6,5,1200.0,4.509080089241049,5000,151,140,0,150
6,6,1200.0,4.509080089241049,5000,89,88,0,89
6,7,1200.0,4.509080089241049,5000,34,34,0,34
6,8,1200.0,4.509080089241049,5000,18,17,0,18
6,9,1200.0,4.509080089241049,5000,19,19,0,19
6,10,1200.0,4.509080089241049,5000,16,16,0,16
7,1,1400.0,4.031684754557708,5000,2976,2187,0,2624
7,2,1400.0,4.031684754557708,5000,1451,642,0,1353
7,3,1400.0,4.031684754557708,5000,655,273,0,634
7,4,1400.0,4.031684754557708,5000,300,213,0,296
7,5,1400.0,4.031684754557708,5000,173,162,0,172
7,6,1400.0,4.031684754557708,5000,70,68,0,70
7,7,1400.0,4.031684754557708,5000,26,26,0,26
7,8,1400.0,4.031684754557708,5000,19,19,0,19
7,9,1400.0,4.031684754557708,5000,14,14,0,14
7,10,1400.0,4.031684754557708,5000,8,8,0,8
8,1,1600.0,3.6449238828581763,5000,2998,2185,0,2656
8,2,1600.0,3.6449238828581763,5000,1437,654,0,1343
8,3,1600.0,3.6449238828581763,5000,677,302,0,654
8,4,1600.0,3.6449238828581763,5000,300,227,0,300
8,5,1600.0,3.6449238828581763,5000,146,137,0,145
8,6,1600.0,3.6449238828581763,5000,71,70,0,71
8,7,1600.0,3.6449238828581763,5000,25,25,0,25
8,8,1600.0,3.6449238828581763,5000,17,17,0,17
8,9,1600.0,3.6449238828581763,5000,9,9,0,9
8,10,1600.0,3.6449238828581763,5000,9,9,0,9
9,1,1800.0,3.3239485017462647,5000,3057,2225,0,2720
9,2,1800.0,3.3239485017462647,5000,1387,598,0,1293
9,3,1800.0,3.3239485017462647,5000,672,296,0,654
9,4,1800.0,3.3239485017462647,5000,329,241,0,324
9,5,1800.0,3.3239485017462647,5000,116,107,0,114
9,6,1800.0,3.3239485017462647,5000,59,59,0,59
9,7,1800.0,3.3239485017462647,5000,25,24,0,25
9,8,1800.0,3.3239485017462647,5000,20,20,0,20
9,9,1800.0,3.3239485017462647,5000,2,2,0,2
9,10,1800.0,3.3239485017462647,5000,11,11,0,11
10,1,2000.0,3.0524023973304173,5000,3100,2177,0,2701
10,2,2000.0,3.0524023973304173,5000,1428,592,0,1332
10,3,2000.0,3.0524023973304173,5000,671,278,0,659
10,4,2000.0,3.0524023973304173,5000,313,225,0,309
10,5,2000.0,3.0524023973304173,5000,147,137,0,143
10,6,2000.0,3.0524023973304173,5000,62,61,0,62
10,7,2000.0,3.0524023973304173,5000,28,28,0,28
10,8,2000.0,3.0524023973304173,5000,14,14,0,14
10,9,2000.0,3.0524023973304173,5000,11,11,0,11
10,10,2000.0,3.0524023973304173,5000,9,9,0,9
11,1,2200.0,2.819042497488105,5000,3144,2191,0,2755
11,2,2200.0,2.819042497488105,5000,1402,577,0,1313
11,3,2200.0,2.819042497488105,5000,687,297,0,665
11,4,2200.0,2.819042497488105,5000,282,205,0,279
11,5,2200.0,2.819042497488105,5000,131,124,0,131
11,6,2200.0,2.819042497488105,5000,49,47,0,49
11,7,2200.0,2.819042497488105,5000,25,25,0,25
11,8,2200.0,2.819042497488105,5000,16,16,0,16
11,9,2200.0,2.819042497488105,5000,9,9,0,9
11,10,2200.0,2.819042497488105,5000,9,9,0,9
12,1,2400.0,2.615864239676068,5000,3123,2188,0,2738
12,2,2400.0,2.615864239676068,5000,1482,612,0,1380
12,3,2400.0,2.615864239676068,5000,658,272,0,639
12,4,2400.0,2.615864239676068,5000,278,198,0,275
12,5,2400.0,2.615864239676068,5000,117,109,0,117
12,6,2400.0,2.615864239676068,5000,68,68,0,68
12,7,2400.0,2.615864239676068,5000,20,20,0,20
12,8,2400.0,2.615864239676068,5000,13,13,0,13
12,9,2400.0,2.615864239676068,5000,8,8,0,8
12,10,2400.0,2.615864239676068,5000,15,15,0,15
13,1,2600.0,2.4370008143633375,5000,3222,2262,0,2812
13,2,2600.0,2.4370008143633375,5000,1490,589,0,1372
13,3,2600.0,2.4370008143633375,5000,675,278,0,656
13,4,2600.0,2.4370008143633375,5000,287,208,0,285
13,5,2600.0,2.4370008143633375,5000,122,116,0,122
13,6,2600.0,2.4370008143633375,5000,62,62,0,62
13,7,2600.0,2.4370008143633375,5000,27,27,0,27
13,8,2600.0,2.4370008143633375,5000,12,12,0,12
13,9,2600.0,2.4370008143633375,5000,7,7,0,7
13,10,2600.0,2.4370008143633375,5000,12,12,0,12
14,1,2800.0,2.2780459211079274,5000,3195,2180,0,2781
14,2,2800.0,2.2780459211079274,5000,1555,597,0,1448
14,3,2800.0,2.2780459211079274,5000,681,288,0,657
14,4,2800.0,2.2780459211079274,5000,319,244,0,316
14,5,2800.0,2.2780459211079274,5000,133,125,0,132
14,6,2800.0,2.2780459211079274,5000,46,45,0,46
14,7,2800.0,2.2780459211079274,5000,25,25,0,25
14,8,2800.0,2.2780459211079274,5000,8,8,0,8
14,9,2800.0,2.2780459211079274,5000,5,5,0,5
14,10,2800.0,2.2780459211079274,5000,7,7,0,7
15,1,3000.0,2.1356205078811503,5000,3230,2230,0,2821
15,2,3000.0,2.1356205078811503,5000,1480,586,0,1371
15,3,3000.0,2.1356205078811503,5000,693,289,0,670
15,4,3000.0,2.1356205078811503,5000,306,241,0,301
15,5,3000.0,2.1356205078811503,5000,126,118,0,124
15,6,3000.0,2.1356205078811503,5000,52,52,0,52
15,7,3000.0,2.1356205078811503,5000,16,16,0,16
15,8,3000.0,2.1356205078811503,5000,8,8,0,8
15,9,3000.0,2.1356205078811503,5000,9,9,0,9
15,10,3000.0,2.1356205078811503,5000,9,9,0,9
16,1,3200.0,2.0070862584574614,5000,3206,2213,0,2802
16,2,3200.0,2.0070862584574614,5000,1425,532,0,1323
16,3,3200.0,2.0070862584574614,5000,735,285,0,711
16,4,3200.0,2.0070862584574614,5000,295,219,0,293
16,5,3200.0,2.0070862584574614,5000,149,143,0,149
16,6,3200.0,2.0070862584574614,5000,52,50,0,52
16,7,3200.0,2.0070862584574614,5000,22,22,0,22
16,8,3200.0,2.0070862584574614,5000,11,11,0,11
16,9,3200.0,2.0070862584574614,5000,5,5,0,5
16,10,3200.0,2.0070862584574614,5000,7,7,0,7
17,1,3400.0,1.8903506462909023,5000,3291,2277,0,2890
17,2,3400.0,1.8903506462909023,5000,1545,596,0,1450
17,3,3400.0,1.8903506462909023,5000,704,285,0,684
17,4,3400.0,1.8903506462909023,5000,292,230,0,287
17,5,3400.0,1.8903506462909023,5000,123,112,0,122
17,6,3400.0,1.8903506462909023,5000,53,53,0,53
17,7,3400.0,1.8903506462909023,5000,20,20,0,20
17,8,3400.0,1.8903506462909023,5000,7,7,0,7
17,9,3400.0,1.8903506462909023,5000,5,5,0,5
17,10,3400.0,1.8903506462909023,5000,7,7,0,7
18,1,3600.0,1.783730963141085,5000,3242,2149,0,2785
18,2,3600.0,1.783730963141085,5000,1566,578,0,1448
18,3,3600.0,1.783730963141085,5000,676,289,0,655
18,4,3600.0,1.783730963141085,5000,307,218,0,299
18,5,3600.0,1.783730963141085,5000,134,120,0,133
18,6,3600.0,1.783730963141085,5000,36,36,0,36
18,7,3600.0,1.783730963141085,5000,26,23,0,25
18,8,3600.0,1.783730963141085,5000,6,6,0,6
18,9,3600.0,1.783730963141085,5000,6,6,0,6
18,10,3600.0,1.783730963141085,5000,6,6,0,6
19,1,3799.9999999999995,1.6858573959306535,5000,3239,2159,0,2802
19,2,3799.9999999999995,1.6858573959306535,5000,1615,591,0,1491
19,3,3799.9999999999995,1.6858573959306535,5000,675,267,0,660
19,4,3799.9999999999995,1.6858573959306535,5000,313,239,0,310
19,5,3799.9999999999995,1.6858573959306535,5000,123,120,0,122
19,6,3799.9999999999995,1.6858573959306535,5000,57,57,0,57
19,7,3799.9999999999995,1.6858573959306535,5000,20,20,0,20
19,8,3799.9999999999995,1.6858573959306535,5000,12,12,0,12
19,9,3799.9999999999995,1.6858573959306535,5000,7,7,0,7
19,10,3799.9999999999995,1.6858573959306535,5000,5,5,0,5
20,1,3999.9999999999995,1.5956025949388386,5000,3293,2181,0,2827
20,2,3999.9999999999995,1.5956025949388386,5000,1583,577,0,1469
20,3,3999.9999999999995,1.5956025949388386,5000,684,293,0,663
20,4,3999.9999999999995,1.5956025949388386,5000,296,230,0,289
20,5,3999.9999999999995,1.5956025949388386,5000,123,118,0,122
20,6,3999.9999999999995,1.5956025949388386,5000,48,48,0,48
20,7,3999.9999999999995,1.5956025949388386,5000,25,25,0,25
20,8,3999.9999999999995,1.5956025949388386,5000,5,5,0,5
20,9,3999.9999999999995,1.5956025949388386,5000,5,5,0,5
20,10,3999.9999999999995,1.5956025949388386,5000,8,8,0,8
21,1,4200.0,1.5120296066094316,5000,3266,2174,0,2833
21,2,4200.0,1.5120296066094316,5000,1551,579,0,1453
21,3,4200.0,1.5120296066094316,5000,667,277,0,648
21,4,4200.0,1.5120296066094316,5000,304,219,0,303
21,5,4200.0,1.5120296066094316,5000,134,125,0,134
21,6,4200.0,1.5120296066094316,5000,47,45,0,47
21,7,4200.0,1.5120296066094316,5000,17,17,0,17
21,8,4200.0,1.5120296066094316,5000,13,13,0,13
21,9,4200.0,1.5120296066094316,5000,3,3,0,3
21,10,4200.0,1.5120296066094316,5000,8,8,0,8
22,1,4400.0,1.4343527852104168,5000,3300,2207,0,2843
22,2,4400.0,1.4343527852104168,5000,1538,562,0,1421
22,3,4400.0,1.4343527852104168,5000,682,305,0,662
22,4,4400.0,1.4343527852104168,5000,291,233,0,289
22,5,4400.0,1.4343527852104168,5000,120,111,0,117
22,6,4400.0,1.4343527852104168,5000,51,49,0,49
22,7,4400.0,1.4343527852104168,5000,23,23,0,23
22,8,4400.0,1.4343527852104168,5000,9,9,0,9
22,9,4400.0,1.4343527852104168,5000,4,4,0,4
22,10,4400.0,1.4343527852104168,5000,5,5,0,5
23,1,4600.0,1.3619080374935768,5000,3273,2207,0,2836
23,2,4600.0,1.3619080374935768,5000,1562,571,0,1438
23,3,4600.0,1.3619080374935768,5000,687,296,0,667
23,4,4600.0,1.3619080374935768,5000,297,219,0,290
23,5,4600.0,1.3619080374935768,5000,111,101,0,110
23,6,4600.0,1.3619080374935768,5000,55,53,0,55
23,7,4600.0,1.3619080374935768,5000,19,19,0,19
23,8,4600.0,1.3619080374935768,5000,4,4,0,4
23,9,4600.0,1.3619080374935768,5000,9,9,0,9
23,10,4600.0,1.3619080374935768,5000,15,15,0,15
24,1,4800.0,1.294129884677159,5000,3297,2183,0,2847
24,2,4800.0,1.294129884677159,5000,1560,522,0,1450
24,3,4800.0,1.294129884677159,5000,652,249,0,636
24,4,4800.0,1.294129884677159,5000,298,213,0,292
24,5,4800.0,1.294129884677159,5000,97,92,0,96
24,6,4800.0,1.294129884677159,5000,48,48,0,48
24,7,4800.0,1.294129884677159,5000,21,21,0,21
24,8,4800.0,1.294129884677159,5000,10,10,0,10
24,9,4800.0,1.294129884677159,5000,5,5,0,5
24,10,4800.0,1.294129884677159,5000,4,4,0,4
25,1,5000.0,1.2305335755901692,5000,3298,2160,0,2841
25,2,5000.0,1.2305335755901692,5000,1592,551,0,1461
25,3,5000.0,1.2305335755901692,5000,699,274,0,686
25,4,5000.0,1.2305335755901692,5000,306,224,0,299
25,5,5000.0,1.2305335755901692,5000,117,112,0,117
25,6,5000.0,1.2305335755901692,5000,55,53,0,54
25,7,5000.0,1.2305335755901692,5000,15,15,0,15
25,8,5000.0,1.2305335755901692,5000,7,7,0,7
25,9,5000.0,1.2305335755901692,5000,6,6,0,6
25,10,5000.0,1.2305335755901692,5000,5,5,0,5
26,1,5200.0,1.17070099133303,5000,3352,2198,0,2872
26,2,5200.0,1.17070099133303,5000,1502,540,0,1392
26,3,5200.0,1.17070099133303,5000,633,259,0,622
26,4,5200.0,1.17070099133303,5000,292,215,0,286
26,5,5200.0,1.17070099133303,5000,107,102,0,107
26,6,5200.0,1.17070099133303,5000,49,49,0,49
26,7,5200.0,1.17070099133303,5000,5,5,0,5
26,8,5200.0,1.17070099133303,5000,5,5,0,5
26,9,5200.0,1.17070099133303,5000,3,3,0,3
26,10,5200.0,1.17070099133303,5000,5,5,0,5
27,1,5400.0,1.1142694300324978,5000,3317,2164,0,2835
27,2,5400.0,1.1142694300324978,5000,1575,547,0,1441
27,3,5400.0,1.1142694300324978,5000,648,283,0,628
27,4,5400.0,1.1142694300324978,5000,276,213,0,274
27,5,5400.0,1.1142694300324978,5000,137,129,0,136
27,6,5400.0,1.1142694300324978,5000,45,44,0,44
27,7,5400.0,1.1142694300324978,5000,21,21,0,21
27,8,5400.0,1.1142694300324978,5000,5,5,0,5
27,9,5400.0,1.1142694300324978,5000,7,7,0,7
27,10,5400.0,1.1142694300324978,5000,4,4,0,4
28,1,5600.0,1.0609226034564796,5000,3351,2197,0,2868
28,2,5600.0,1.0609226034564796,5000,1568,506,0,1454
28,3,5600.0,1.0609226034564796,5000,682,280,0,656
28,4,5600.0,1.0609226034564796,5000,288,224,0,286
28,5,5600.0,1.0609226034564796,5000,132,124,0,131
28,6,5600.0,1.0609226034564796,5000,42,41,0,42
28,7,5600.0,1.0609226034564796,5000,19,19,0,19
28,8,5600.0,1.0609226034564796,5000,6,6,0,6
28,9,5600.0,1.0609226034564796,5000,4,4,0,4
28,10,5600.0,1.0609226034564796,5000,7,7,0,7
29,1,5800.0,1.0103833495566175,5000,3382,2207,0,2915
29,2,5800.0,1.0103833495566175,5000,1507,496,0,1382
29,3,5800.0,1.0103833495566175,5000,675,270,0,663
29,4,5800.0,1.0103833495566175,5000,272,214,0,269
29,5,5800.0,1.0103833495566175,5000,111,105,0,111
29,6,5800.0,1.0103833495566175,5000,68,67,0,68
29,7,5800.0,1.0103833495566175,5000,20,20,0,20
29,8,5800.0,1.0103833495566175,5000,11,11,0,11
29,9,5800.0,1.0103833495566175,5000,6,6,0,6
29,10,5800.0,1.0103833495566175,5000,7,7,0,7
30,1,6000.0,0.9624076887198962,5000,3339,2200,0,2893
30,2,6000.0,0.9624076887198962,5000,1536,526,0,1434
30,3,6000.0,0.9624076887198962,5000,661,274,0,642
30,4,6000.0,0.9624076887198962,5000,311,235,0,305
30,5,6000.0,0.9624076887198962,5000,101,96,0,101
30,6,6000.0,0.9624076887198962,5000,57,56,0,57
30,7,6000.0,0.9624076887198962,5000,24,24,0,24
30,8,6000.0,0.9624076887198962,5000,7,7,0,7
30,9,6000.0,0.9624076887198962,5000,6,6,0,6
30,10,6000.0,0.9624076887198962,5000,3,3,0,3
31,1,6200.0,0.9167799414366353,5000,3327,2098,0,2839
31,2,6200.0,0.9167799414366353,5000,1536,529,0,1425
31,3,6200.0,0.9167799414366353,5000,668,276,0,656
31,4,6200.0,0.9167799414366353,5000,301,226,0,301
31,5,6200.0,0.9167799414366353,5000,88,85,0,88
31,6,6200.0,0.9167799414366353,5000,51,50,0,51
31,7,6200.0,0.9167799414366353,5000,13,13,0,13
31,8,6200.0,0.9167799414366353,5000,7,7,0,7
31,9,6200.0,0.9167799414366353,5000,4,4,0,4
31,10,6200.0,0.9167799414366353,5000,6,6,0,6
32,1,6400.0,0.8733086912090773,5000,3376,2222,0,2919
32,2,6400.0,0.8733086912090773,5000,1525,507,0,1423
32,3,6400.0,0.8733086912090773,5000,664,252,0,649
32,4,6400.0,0.8733086912090773,5000,280,211,0,276
32,5,6400.0,0.8733086912090773,5000,102,98,0,102
32,6,6400.0,0.8733086912090773,5000,53,52,0,53
32,7,6400.0,0.8733086912090773,5000,7,6,0,6
32,8,6400.0,0.8733086912090773,5000,7,7,0,7
32,9,6400.0,0.8733086912090773,5000,10,10,0,10
32,10,6400.0,0.8733086912090773,5000,5,5,0,5
33,1,6600.0,0.8318234256552861,5000,3288,2115,0,2838
33,2,6600.0,0.8318234256552861,5000,1586,532,0,1460
33,3,6600.0,0.8318234256552861,5000,658,278,0,641
33,4,6600.0,0.8318234256552861,5000,258,202,0,257
33,5,6600.0,0.8318234256552861,5000,132,125,0,131
33,6,6600.0,0.8318234256552861,5000,45,45,0,45
33,7,6600.0,0.8318234256552861,5000,22,22,0,22
33,8,6600.0,0.8318234256552861,5000,10,10,0,10
33,9,6600.0,0.8318234256552861,5000,5,5,0,5
33,10,6600.0,0.8318234256552861,5000,8,8,0,8
34,1,6800.0,0.7921717256346288,5000,3382,2194,0,2892
34,2,6800.0,0.7921717256346288,5000,1576,506,0,1471
34,3,6800.0,0.7921717256346288,5000,676,271,0,650
34,4,6800.0,0.7921717256346288,5000,276,213,0,271
34,5,6800.0,0.7921717256346288,5000,113,110,0,112
34,6,6800.0,0.7921717256346288,5000,58,58,0,58
34,7,6800.0,0.7921717256346288,5000,20,20,0,20
34,8,6800.0,0.7921717256346288,5000,8,8,0,8
34,9,6800.0,0.7921717256346288,5000,8,8,0,8
34,10,6800.0,0.7921717256346288,5000,3,3,0,3
35,1,7000.0,0.7542169001500947,5000,3402,2177,0,2895
35,2,7000.0,0.7542169001500947,5000,1557,507,0,1444
35,3,7000.0,0.7542169001500947,5000,648,274,0,625
35,4,7000.0,0.7542169001500947,5000,251,190,0,248
35,5,7000.0,0.7542169001500947,5000,107,105,0,107
35,6,7000.0,0.7542169001500947,5000,41,41,0,41
35,7,7000.0,0.7542169001500947,5000,19,19,0,19
35,8,7000.0,0.7542169001500947,5000,6,6,0,6
35,9,7000.0,0.7542169001500947,5000,7,7,0,7
35,10,7000.0,0.7542169001500947,5000,6,6,0,6
36,1,7200.0,0.7178359861223473,5000,3424,2157,0,2929
36,2,7200.0,0.7178359861223473,5000,1579,522,0,1465
36,3,7200.0,0.7178359861223473,5000,705,271,0,683
36,4,7200.0,0.7178359861223473,5000,321,230,0,315
36,5,7200.0,0.7178359861223473,5000,119,116,0,118
36,6,7200.0,0.7178359861223473,5000,46,46,0,46
36,7,7200.0,0.7178359861223473,5000,19,19,0,19
36,8,7200.0,0.7178359861223473,5000,5,5,0,5
36,9,7200.0,0.7178359861223473,5000,6,6,0,6
36,10,7200.0,0.7178359861223473,5000,7,7,0,7
37,1,7400.0,0.6829180485688013,5000,3361,2146,0,2854
37,2,7400.0,0.6829180485688013,5000,1623,538,0,1499
37,3,7400.0,0.6829180485688013,5000,681,281,0,657
37,4,7400.0,0.6829180485688013,5000,300,238,0,297
37,5,7400.0,0.6829180485688013,5000,107,104,0,106
37,6,7400.0,0.6829180485688013,5000,50,49,0,49
37,7,7400.0,0.6829180485688013,5000,18,18,0,18
37,8,7400.0,0.6829180485688013,5000,8,8,0,8
37,9,7400.0,0.6829180485688013,5000,4,4,0,4
37,10,7400.0,0.6829180485688013,5000,6,6,0,6
38,1,7600.0,0.6493627294813218,5000,3446,2215,0,2947
38,2,7600.0,0.6493627294813218,5000,1524,518,0,1417
38,3,7600.0,0.6493627294813218,5000,655,268,0,627
38,4,7600.0,0.6493627294813218,5000,265,206,0,263
38,5,7600.0,0.6493627294813218,5000,131,126,0,130
38,6,7600.0,0.6493627294813218,5000,53,53,0,53
38,7,7600.0,0.6493627294813218,5000,25,25,0,25
38,8,7600.0,0.6493627294813218,5000,7,7,0,7
38,9,7600.0,0.6493627294813218,5000,3,3,0,3
38,10,7600.0,0.6493627294813218,5000,3,3,0,3
39,1,7800.0,0.6170790036731979,5000,3389,2180,0,2899
39,2,7800.0,0.6170790036731979,5000,1635,550,0,1526
39,3,7800.0,0.6170790036731979,5000,676,286,0,653
39,4,7800.0,0.6170790036731979,5000,307,233,0,304
39,5,7800.0,0.6170790036731979,5000,111,102,0,110
39,6,7800.0,0.6170790036731979,5000,43,43,0,43
39,7,7800.0,0.6170790036731979,5000,18,18,0,18
39,8,7800.0,0.6170790036731979,5000,7,7,0,7
39,9,7800.0,0.6170790036731979,5000,4,4,0,4
39,10,7800.0,0.6170790036731979,5000,2,2,0,2
40,1,8000.0,0.5859841077203389,5000,3390,2098,0,2866
40,2,8000.0,0.5859841077203389,5000,1573,521,0,1440
40,3,8000.0,0.5859841077203389,5000,695,280,0,669
40,4,8000.0,0.5859841077203389,5000,284,213,0,281
40,5,8000.0,0.5859841077203389,5000,106,102,0,105
40,6,8000.0,0.5859841077203389,5000,36,35,0,36
40,7,8000.0,0.5859841077203389,5000,20,20,0,20
40,8,8000.0,0.5859841077203389,5000,5,5,0,5
40,9,8000.0,0.5859841077203389,5000,6,6,0,6
40,10,8000.0,0.5859841077203389,5000,4,4,0,4
41,1,8200.0,0.5560026143448609,5000,3386,2140,0,2861
41,2,8200.0,0.5560026143448609,5000,1651,514,0,1522
41,3,8200.0,0.5560026143448609,5000,704,287,0,686
41,4,8200.0,0.5560026143448609,5000,256,207,0,254
41,5,8200.0,0.5560026143448609,5000,108,103,0,107
41,6,8200.0,0.5560026143448609,5000,38,37,0,38
41,7,8200.0,0.5560026143448609,5000,17,17,0,17
41,8,8200.0,0.5560026143448609,5000,9,9,0,9
41,9,8200.0,0.5560026143448609,5000,8,8,0,8
41,10,8200.0,0.5560026143448609,5000,3,3,0,3
42,1,8400.0,0.5270656295503378,5000,3408,2188,0,2932
42,2,8400.0,0.5270656295503378,5000,1505,472,0,1401
42,3,8400.0,0.5270656295503378,5000,676,281,0,656
42,4,8400.0,0.5270656295503378,5000,296,206,0,294
42,5,8400.0,0.5270656295503378,5000,116,113,0,116
42,6,8400.0,0.5270656295503378,5000,50,50,0,50
42,7,8400.0,0.5270656295503378,5000,23,23,0,23
42,8,8400.0,0.5270656295503378,5000,7,7,0,7
42,9,8400.0,0.5270656295503378,5000,3,3,0,3
42,10,8400.0,0.5270656295503378,5000,4,4,0,4
43,1,8600.0,0.4991100937959414,5000,3464,2185,0,2954
43,2,8600.0,0.4991100937959414,5000,1558,454,0,1418
43,3,8600.0,0.4991100937959414,5000,670,253,0,648
43,4,8600.0,0.4991100937959414,5000,289,225,0,287
43,5,8600.0,0.4991100937959414,5000,118,113,0,118
43,6,8600.0,0.4991100937959414,5000,52,52,0,52
43,7,8600.0,0.4991100937959414,5000,15,15,0,15
43,8,8600.0,0.4991100937959414,5000,7,7,0,7
43,9,8600.0,0.4991100937959414,5000,4,4,0,4
43,10,8600.0,0.4991100937959414,5000,5,5,0,5
44,1,8800.0,0.47207817170396504,5000,3455,2198,0,2952
44,2,8800.0,0.47207817170396504,5000,1580,506,0,1468
44,3,8800.0,0.47207817170396504,5000,662,263,0,641
44,4,8800.0,0.47207817170396504,5000,249,198,0,247
44,5,8800.0,0.47207817170396504,5000,93,88,0,92
44,6,8800.0,0.47207817170396504,5000,52,52,0,52
44,7,8800.0,0.47207817170396504,5000,16,16,0,16
44,8,8800.0,0.47207817170396504,5000,7,7,0,7
44,9,8800.0,0.47207817170396504,5000,3,3,0,3
44,10,8800.0,0.47207817170396504,5000,8,8,0,8
45,1,9000.0,0.4459167173946734,5000,3422,2187,0,2927
45,2,9000.0,0.4459167173946734,5000,1610,527,0,1507
45,3,9000.0,0.4459167173946734,5000,664,269,0,651
45,4,9000.0,0.4459167173946734,5000,307,224,0,300
45,5,9000.0,0.4459167173946734,5000,112,107,0,112
45,6,9000.0,0.4459167173946734,5000,34,33,0,34
45,7,9000.0,0.4459167173946734,5000,18,18,0,18
45,8,9000.0,0.4459167173946734,5000,7,7,0,7
45,9,9000.0,0.4459167173946734,5000,2,2,0,2
45,10,9000.0,0.4459167173946734,5000,6,6,0,6
46,1,9200.0,0.4205768046598175,5000,3441,2151,0,2903
46,2,9200.0,0.4205768046598175,5000,1561,499,0,1443
46,3,9200.0,0.4205768046598175,5000,704,283,0,679
46,4,9200.0,0.4205768046598175,5000,270,218,0,266
46,5,9200.0,0.4205768046598175,5000,114,106,0,113
46,6,9200.0,0.4205768046598175,5000,49,49,0,49
46,7,9200.0,0.4205768046598175,5000,24,24,0,24
46,8,9200.0,0.4205768046598175,5000,8,8,0,8
46,9,9200.0,0.4205768046598175,5000,4,4,0,4
46,10,9200.0,0.4205768046598175,5000,7,7,0,7
47,1,9400.0,0.3960133129190808,5000,3470,2156,0,2934
47,2,9400.0,0.3960133129190808,5000,1642,472,0,1509
47,3,9400.0,0.3960133129190808,5000,661,273,0,646
47,4,9400.0,0.3960133129190808,5000,295,224,0,293
47,5,9400.0,0.3960133129190808,5000,129,120,0,129
47,6,9400.0,0.3960133129190808,5000,46,45,0,46
47,7,9400.0,0.3960133129190808,5000,24,24,0,24
47,8,9400.0,0.3960133129190808,5000,5,5,0,5
47,9,9400.0,0.3960133129190808,5000,7,7,0,7
47,10,9400.0,0.3960133129190808,5000,9,8,0,8
48,1,9600.0,0.37218456132846733,5000,3365,2146,0,2870
48,2,9600.0,0.37218456132846733,5000,1550,469,0,1431
48,3,9600.0,0.37218456132846733,5000,647,274,0,631
48,4,9600.0,0.37218456132846733,5000,272,211,0,268
48,5,9600.0,0.37218456132846733,5000,127,120,0,126
48,6,9600.0,0.37218456132846733,5000,56,55,0,55
48,7,9600.0,0.37218456132846733,5000,20,20,0,20
48,8,9600.0,0.37218456132846733,5000,4,4,0,4
48,9,9600.0,0.37218456132846733,5000,2,2,0,2
48,10,9600.0,0.37218456132846733,5000,7,7,0,7
49,1,9800.0,0.3490519845860913,5000,3445,2146,0,2917
49,2,9800.0,0.3490519845860913,5000,1547,469,0,1437
49,3,9800.0,0.3490519845860913,5000,680,291,0,665
49,4,9800.0,0.3490519845860913,5000,294,230,0,291
49,5,9800.0,0.3490519845860913,5000,112,108,0,112
49,6,9800.0,0.3490519845860913,5000,45,45,0,45
49,7,9800.0,0.3490519845860913,5000,15,15,0,15
49,8,9800.0,0.3490519845860913,5000,8,8,0,8
49,9,9800.0,0.3490519845860913,5000,3,3,0,3
49,10,9800.0,0.3490519845860913,5000,8,8,0,8
50,1,10000.0,0.32657984495630954,5000,3438,2177,0,2955
50,2,10000.0,0.32657984495630954,5000,1582,457,0,1470
50,3,10000.0,0.32657984495630954,5000,694,269,0,678
50,4,10000.0,0.32657984495630954,5000,258,199,0,254
50,5,10000.0,0.32657984495630954,5000,122,119,0,122
50,6,10000.0,0.32657984495630954,5000,44,43,0,44
50,7,10000.0,0.32657984495630954,5000,23,23,0,23
50,8,10000.0,0.32657984495630954,5000,8,8,0,8
50,9,10000.0,0.32657984495630954,5000,5,5,0,5
50,10,10000.0,0.32657984495630954,5000,5,5,0,5
51,1,10200.0,0.3047349758451692,5000,3453,2171,0,2921
51,2,10200.0,0.3047349758451692,5000,1647,542,0,1529
51,3,10200.0,0.3047349758451692,5000,674,280,0,648
51,4,10200.0,0.3047349758451692,5000,262,193,0,259
51,5,10200.0,0.3047349758451692,5000,131,121,0,131
51,6,10200.0,0.3047349758451692,5000,37,36,0,37
51,7,10200.0,0.3047349758451692,5000,11,11,0,11
51,8,10200.0,0.3047349758451692,5000,8,8,0,8
51,9,10200.0,0.3047349758451692,5000,5,5,0,5
51,10,10200.0,0.3047349758451692,5000,6,6,0,6
52,1,10400.0,0.2834865529387405,5000,3422,2151,0,2913
52,2,10400.0,0.2834865529387405,5000,1588,496,0,1477
52,3,10400.0,0.2834865529387405,5000,665,292,0,638
52,4,10400.0,0.2834865529387405,5000,260,200,0,258
52,5,10400.0,0.2834865529387405,5000,109,102,0,108
52,6,10400.0,0.2834865529387405,5000,40,40,0,40
52,7,10400.0,0.2834865529387405,5000,16,16,0,16
52,8,10400.0,0.2834865529387405,5000,8,8,0,8
52,9,10400.0,0.2834865529387405,5000,4,4,0,4
52,10,10400.0,0.2834865529387405,5000,8,8,0,8
53,1,10600.0,0.26280588948501205,5000,3452,2130,0,2937
53,2,10600.0,0.26280588948501205,5000,1619,509,0,1495
53,3,10600.0,0.26280588948501205,5000,680,278,0,652
53,4,10600.0,0.26280588948501205,5000,269,203,0,266
53,5,10600.0,0.26280588948501205,5000,121,115,0,120
53,6,10600.0,0.26280588948501205,5000,47,46,0,47
53,7,10600.0,0.26280588948501205,5000,14,14,0,14
53,8,10600.0,0.26280588948501205,5000,4,4,0,4
53,9,10600.0,0.26280588948501205,5000,3,3,0,3
53,10,10600.0,0.26280588948501205,5000,6,6,0,6
54,1,10800.0,0.24266625277903398,5000,3458,2209,0,2939
54,2,10800.0,0.24266625277903398,5000,1636,506,0,1508
54,3,10800.0,0.24266625277903398,5000,630,257,0,612
54,4,10800.0,0.24266625277903398,5000,273,205,0,271
54,5,10800.0,0.24266625277903398,5000,110,104,0,110
54,6,10800.0,0.24266625277903398,5000,42,42,0,42
54,7,10800.0,0.24266625277903398,5000,20,20,0,20
54,8,10800.0,0.24266625277903398,5000,9,9,0,9
54,9,10800.0,0.24266625277903398,5000,4,4,0,4
54,10,10800.0,0.24266625277903398,5000,9,9,0,9
55,1,11000.0,0.2230426993154977,5000,3467,2114,0,2921
55,2,11000.0,0.2230426993154977,5000,1516,436,0,1404
55,3,11000.0,0.2230426993154977,5000,700,268,0,681
55,4,11000.0,0.2230426993154977,5000,283,210,0,280
55,5,11000.0,0.2230426993154977,5000,125,116,0,123
55,6,11000.0,0.2230426993154977,5000,43,42,0,43
55,7,11000.0,0.2230426993154977,5000,15,15,0,15
55,8,11000.0,0.2230426993154977,5000,4,4,0,4
55,9,11000.0,0.2230426993154977,5000,5,5,0,5
55,10,11000.0,0.2230426993154977,5000,5,5,0,5
56,1,11200.0,0.20391192641564815,5000,3369,2102,0,2891
56,2,11200.0,0.20391192641564815,5000,1573,471,0,1446
56,3,11200.0,0.20391192641564815,5000,667,287,0,651
56,4,11200.0,0.20391192641564815,5000,255,184,0,253
56,5,11200.0,0.20391192641564815,5000,100,94,0,100
56,6,11200.0,0.20391192641564815,5000,41,39,0,40
56,7,11200.0,0.20391192641564815,5000,10,10,0,10
56,8,11200.0,0.20391192641564815,5000,12,12,0,12
56,9,11200.0,0.20391192641564815,5000,2,2,0,2
56,10,11200.0,0.20391192641564815,5000,4,4,0,4
57,1,11400.0,0.18525213842667787,5000,3488,2215,0,2991
57,2,11400.0,0.18525213842667787,5000,1557,490,0,1452
57,3,11400.0,0.18525213842667787,5000,683,267,0,666
57,4,11400.0,0.18525213842667787,5000,246,186,0,245
57,5,11400.0,0.18525213842667787,5000,84,75,0,83
57,6,11400.0,0.18525213842667787,5000,48,46,0,46
57,7,11400.0,0.18525213842667787,5000,12,12,0,12
57,8,11400.0,0.18525213842667787,5000,6,6,0,6
57,9,11400.0,0.18525213842667787,5000,5,5,0,5
57,10,11400.0,0.18525213842667787,5000,3,3,0,3
58,1,11600.0,0.16704292584003566,5000,3438,2145,0,2902
58,2,11600.0,0.16704292584003566,5000,1560,489,0,1453
58,3,11600.0,0.16704292584003566,5000,639,249,0,621
58,4,11600.0,0.16704292584003566,5000,245,183,0,243
58,5,11600.0,0.16704292584003566,5000,103,99,0,103
58,6,11600.0,0.16704292584003566,5000,41,40,0,40
58,7,11600.0,0.16704292584003566,5000,15,15,0,15
58,8,11600.0,0.16704292584003566,5000,5,5,0,5
58,9,11600.0,0.16704292584003566,5000,3,3,0,3
58,10,11600.0,0.16704292584003566,5000,6,6,0,6
59,1,11800.0,0.1492651558873075,5000,3420,2092,0,2854
59,2,11800.0,0.1492651558873075,5000,1558,491,0,1429
59,3,11800.0,0.1492651558873075,5000,690,302,0,673
59,4,11800.0,0.1492651558873075,5000,264,204,0,258
59,5,11800.0,0.1492651558873075,5000,104,103,0,104
59,6,11800.0,0.1492651558873075,5000,45,43,0,44
59,7,11800.0,0.1492651558873075,5000,19,19,0,19
59,8,11800.0,0.1492651558873075,5000,10,10,0,10
59,9,11800.0,0.1492651558873075,5000,9,9,0,9
59,10,11800.0,0.1492651558873075,5000,6,6,0,6
60,1,12000.0,0.13190087335430922,5000,3425,2122,0,2909
60,2,12000.0,0.13190087335430922,5000,1687,557,0,1557
60,3,12000.0,0.13190087335430922,5000,681,278,0,665
60,4,12000.0,0.13190087335430922,5000,276,217,0,273
60,5,12000.0,0.13190087335430922,5000,116,109,0,116
60,6,12000.0,0.13190087335430922,5000,50,50,0,50
60,7,12000.0,0.13190087335430922,5000,9,9,0,9
60,8,12000.0,0.13190087335430922,5000,9,9,0,9
60,9,12000.0,0.13190087335430922,5000,3,3,0,3
60,10,12000.0,0.13190087335430922,5000,5,5,0,5
61,1,12200.0,0.11493321051041194,5000,3400,2107,0,2906
61,2,12200.0,0.11493321051041194,5000,1563,488,0,1448
61,3,12200.0,0.11493321051041194,5000,632,268,0,613
61,4,12200.0,0.11493321051041194,5000,273,212,0,272
61,5,12200.0,0.11493321051041194,5000,112,105,0,112
61,6,12200.0,0.11493321051041194,5000,49,49,0,49
61,7,12200.0,0.11493321051041194,5000,15,15,0,15
61,8,12200.0,0.11493321051041194,5000,7,6,0,6
61,9,12200.0,0.11493321051041194,5000,4,4,0,4
61,10,12200.0,0.11493321051041194,5000,10,10,0,10
62,1,12400.0,0.09834630518493004,5000,3406,2103,0,2881
62,2,12400.0,0.09834630518493004,5000,1583,486,0,1465
62,3,12400.0,0.09834630518493004,5000,674,294,0,653
62,4,12400.0,0.09834630518493004,5000,269,215,0,267
62,5,12400.0,0.09834630518493004,5000,102,95,0,100
62,6,12400.0,0.09834630518493004,5000,43,43,0,43
62,7,12400.0,0.09834630518493004,5000,16,16,0,16
62,8,12400.0,0.09834630518493004,5000,3,3,0,3
62,9,12400.0,0.09834630518493004,5000,6,6,0,6
62,10,12400.0,0.09834630518493004,5000,4,4,0,4
63,1,12600.0,0.08212522613886364,5000,3392,2104,0,2853
63,2,12600.0,0.08212522613886364,5000,1603,500,0,1476
63,3,12600.0,0.08212522613886364,5000,642,272,0,618
63,4,12600.0,0.08212522613886364,5000,251,185,0,247
63,5,12600.0,0.08212522613886364,5000,98,92,0,97
63,6,12600.0,0.08212522613886364,5000,44,44,0,44
63,7,12600.0,0.08212522613886364,5000,19,19,0,19
63,8,12600.0,0.08212522613886364,5000,7,7,0,7
63,9,12600.0,0.08212522613886364,5000,7,7,0,7
63,10,12600.0,0.08212522613886364,5000,4,4,0,4
64,1,12800.0,0.06625590498114087,5000,3436,2130,0,2905
64,2,12800.0,0.06625590498114087,5000,1574,466,0,1457
64,3,12800.0,0.06625590498114087,5000,650,256,0,631
64,4,12800.0,0.06625590498114087,5000,238,185,0,236
64,5,12800.0,0.06625590498114087,5000,114,112,0,114
64,6,12800.0,0.06625590498114087,5000,47,47,0,47
64,7,12800.0,0.06625590498114087,5000,14,14,0,14
64,8,12800.0,0.06625590498114087,5000,5,5,0,5
64,9,12800.0,0.06625590498114087,5000,4,4,0,4
64,10,12800.0,0.06625590498114087,5000,6,6,0,6
65,1,13000.0,0.050725073966091605,5000,3378,2131,0,2895
65,2,13000.0,0.050725073966091605,5000,1532,533,0,1422
65,3,13000.0,0.050725073966091605,5000,648,265,0,628
65,4,13000.0,0.050725073966091605,5000,260,212,0,253
65,5,13000.0,0.050725073966091605,5000,124,115,0,122
65,6,13000.0,0.050725073966091605,5000,45,44,0,45
65,7,13000.0,0.050725073966091605,5000,14,14,0,14
65,8,13000.0,0.050725073966091605,5000,4,4,0,4
65,9,13000.0,0.050725073966091605,5000,5,5,0,5
65,10,13000.0,0.050725073966091605,5000,9,9,0,9
66,1,13200.0,0.03552020908505438,5000,3419,2125,0,2877
66,2,13200.0,0.03552020908505438,5000,1592,498,0,1462
66,3,13200.0,0.03552020908505438,5000,644,262,0,628
66,4,13200.0,0.03552020908505438,5000,275,219,0,273
66,5,13200.0,0.03552020908505438,5000,110,104,0,110
66,6,13200.0,0.03552020908505438,5000,44,42,0,44
66,7,13200.0,0.03552020908505438,5000,8,8,0,8
66,8,13200.0,0.03552020908505438,5000,3,3,0,3
66,9,13200.0,0.03552020908505438,5000,3,3,0,3
66,10,13200.0,0.03552020908505438,5000,6,6,0,6
67,1,13400.0,0.020629477931471074,5000,3411,2147,0,2937
67,2,13400.0,0.020629477931471074,5000,1522,473,0,1408
67,3,13400.0,0.020629477931471074,5000,645,286,0,623
67,4,13400.0,0.020629477931471074,5000,229,180,0,227
67,5,13400.0,0.020629477931471074,5000,112,104,0,111
67,6,13400.0,0.020629477931471074,5000,45,45,0,45
67,7,13400.0,0.020629477931471074,5000,12,12,0,12
67,8,13400.0,0.020629477931471074,5000,8,8,0,8
67,9,13400.0,0.020629477931471074,5000,6,6,0,6
67,10,13400.0,0.020629477931471074,5000,5,5,0,5
68,1,13484.03621897459,0.006041691876883526,5000,3444,1633,0,2844
68,2,13484.03621897459,0.006041691876883526,5000,1586,344,0,1469
68,3,13484.03621897459,0.006041691876883526,5000,652,256,0,626
68,4,13484.03621897459,0.006041691876883526,5000,287,214,0,282
68,5,13484.03621897459,0.006041691876883526,5000,106,104,0,106
68,6,13484.03621897459,0.006041691876883526,5000,43,43,0,43
68,7,13484.03621897459,0.006041691876883526,5000,17,17,0,17
68,8,13484.03621897459,0.006041691876883526,5000,8,8,0,8
68,9,13484.03621897459,0.006041691876883526,5000,5,5,0,5
68,10,13484.03621897459,0.006041691876883526,5000,6,6,0,6
