z_grid,z_recovered_from_pdf_x,source_mass_msun,source_concentration
0.000000000000e+00,nan,nan,nan
1.212121212121e-01,1.212121464403e-01,9.355046580572e+11,7.785733654887e+00
2.424242424242e-01,2.424242891228e-01,8.727659116605e+11,7.563558657736e+00
3.636363636364e-01,3.636365188056e-01,8.124163159511e+11,7.322423493815e+00
4.848484848485e-01,4.848485707301e-01,7.548372222743e+11,7.075634180545e+00
6.060606060606e-01,6.060607435066e-01,7.002440684782e+11,6.826520886358e+00
7.272727272727e-01,7.272727092568e-01,6.487319050324e+11,6.585718356942e+00
8.484848484848e-01,8.484850178037e-01,6.003160839286e+11,6.352732101156e+00
9.696969696970e-01,9.696971264292e-01,5.549534104986e+11,6.132868340305e+00
1.090909090909e+00,1.090909319250e+00,5.125647790609e+11,5.924834451605e+00
1.212121212121e+00,1.212121468224e+00,4.730405063779e+11,5.731513267430e+00
1.333333333333e+00,1.333333581869e+00,4.362574007386e+11,5.550227143741e+00
1.454545454545e+00,1.454546030130e+00,4.020800436107e+11,5.383061737116e+00
1.575757575758e+00,1.575757621162e+00,3.703693811744e+11,5.227590791086e+00
1.696969696970e+00,1.696970009303e+00,3.409818813165e+11,5.083024776625e+00
1.818181818182e+00,1.818181835241e+00,3.137783147457e+11,4.948880035518e+00
1.939393939394e+00,1.939394222797e+00,2.886201812427e+11,4.824543551683e+00
2.060606060606e+00,2.060606741930e+00,2.653732202464e+11,4.709580733682e+00
2.181818181818e+00,2.181818604679e+00,2.439091861349e+11,4.602645749953e+00
2.303030303030e+00,2.303030544104e+00,2.241052881190e+11,4.503176562885e+00
2.424242424242e+00,2.424242898872e+00,2.058443236679e+11,4.410848184745e+00
2.545454545455e+00,2.545454500021e+00,1.890159652486e+11,4.324778688033e+00
2.666666666667e+00,2.666667122404e+00,1.735158017848e+11,4.244321920664e+00
2.787878787879e+00,2.787878387483e+00,1.592460512639e+11,4.168867415484e+00
2.909090909091e+00,2.909092015167e+00,1.461149498834e+11,4.097853134880e+00
3.030303030303e+00,3.030303774059e+00,1.340362926650e+11,4.032162280813e+00
3.151515151515e+00,3.151516567491e+00,1.229302381797e+11,3.970261675854e+00
3.272727272727e+00,3.272728673112e+00,1.127218552328e+11,3.911401936520e+00
3.393939393939e+00,3.393939965998e+00,1.033416999054e+11,3.856970951608e+00
3.515151515152e+00,3.515151869627e+00,9.472532887697e+10,3.805141143033e+00
3.636363636364e+00,3.636363614116e+00,8.681270951418e+10,3.756231126221e+00
3.757575757576e+00,3.757576832147e+00,7.954836236367e+10,3.710313545491e+00
3.878787878788e+00,3.878790076569e+00,7.288079258161e+10,3.666415349330e+00
4.000000000000e+00,3.999999875995e+00,6.676241077177e+10,3.625385966465e+00
4.121212121212e+00,4.121213419979e+00,6.114928862856e+10,3.586023579509e+00
4.242424242424e+00,4.242425168155e+00,5.600074082723e+10,3.548965419313e+00
4.363636363636e+00,4.363637141720e+00,5.127929459877e+10,3.513690231041e+00
4.484848484848e+00,4.484850031854e+00,4.695028753773e+10,3.479797833718e+00
4.606060606061e+00,4.606061016812e+00,4.298185257412e+10,3.448182262229e+00
4.727272727273e+00,4.727273896788e+00,3.934451972293e+10,3.417261272369e+00
4.848484848485e+00,4.848485722588e+00,3.601122323422e+10,3.388407459392e+00
4.969696969697e+00,4.969697485573e+00,3.295702821507e+10,3.360699387487e+00
5.090909090909e+00,5.090908921129e+00,3.015895870325e+10,3.333578842428e+00
5.212121212121e+00,5.212121739106e+00,2.759587240028e+10,3.308588560106e+00
5.333333333333e+00,5.333334162137e+00,2.524837532332e+10,3.284301780646e+00
5.454545454545e+00,5.454546697995e+00,2.309859842057e+10,3.260529246483e+00
5.575757575758e+00,5.575756688538e+00,2.113011365064e+10,3.238409051919e+00
5.696969696970e+00,5.696969593404e+00,1.932785394445e+10,3.217130002079e+00
5.818181818182e+00,5.818183940147e+00,1.767795159006e+10,3.196310395684e+00
5.939393939394e+00,5.939395073679e+00,1.616771180494e+10,3.176226153692e+00
6.060606060606e+00,6.060607454175e+00,1.478542177782e+10,3.157578230040e+00
6.181818181818e+00,6.181821577034e+00,1.352039730589e+10,3.139336222441e+00
6.303030303030e+00,6.303030289244e+00,1.236276934684e+10,3.121471455506e+00
6.424242424242e+00,6.424245589062e+00,1.130353978192e+10,3.104217792959e+00
6.545454545455e+00,6.545457244766e+00,1.033441762483e+10,3.088203544418e+00
6.666666666667e+00,6.666668033705e+00,9.447813119926e+09,3.072525753767e+00
6.787878787879e+00,6.787882786205e+00,8.636758555911e+09,3.057163392388e+00
6.909090909091e+00,6.909090130254e+00,7.894885209383e+09,3.042097980586e+00
7.030303030303e+00,7.030303630279e+00,7.216353094273e+09,3.027950818442e+00
7.151515151515e+00,7.151516938766e+00,6.595780459470e+09,3.014440249919e+00
7.272727272727e+00,7.272730286312e+00,6.028253718704e+09,3.001199230046e+00
7.393939393939e+00,7.393941137050e+00,5.509289303573e+09,2.988214376976e+00
7.515151515152e+00,7.515153547803e+00,5.034755203455e+09,2.975472946091e+00
7.636363636364e+00,7.636365169244e+00,4.600878562222e+09,2.963261054044e+00
7.757575757576e+00,7.757576650691e+00,4.204194615712e+09,2.951835504868e+00
7.878787878788e+00,7.878791687823e+00,3.841544258993e+09,2.940635535414e+00
8.000000000000e+00,7.999999627984e+00,3.510022163598e+09,2.929651587219e+00
8.121212121212e+00,8.121213139222e+00,3.206969758849e+09,2.918872190127e+00
8.242424242424e+00,8.242426712196e+00,2.929966597786e+09,2.908286511214e+00
8.363636363636e+00,8.363640637034e+00,2.676778082204e+09,2.897992684032e+00
8.484848484848e+00,8.484850204790e+00,2.445376700771e+09,2.888487748644e+00
8.606060606061e+00,8.606063972675e+00,2.233890963129e+09,2.879161237895e+00
8.727272727273e+00,8.727274148161e+00,2.040618768317e+09,2.870004230552e+00
8.848484848485e+00,8.848490017670e+00,1.864004018566e+09,2.861010354308e+00
8.969696969697e+00,8.969699924671e+00,1.702611318298e+09,2.852171962391e+00
9.090909090909e+00,9.090909345784e+00,1.555142375114e+09,2.843483319725e+00
9.212121212121e+00,9.212121890830e+00,1.420395880666e+09,2.834937416769e+00
9.333333333333e+00,9.333334993026e+00,1.297282681508e+09,2.826995608661e+00
9.454545454545e+00,9.454547647024e+00,1.184800834623e+09,2.819321437511e+00
9.575757575758e+00,9.575760430157e+00,1.082039102092e+09,2.811780447609e+00
9.696969696970e+00,9.696975522618e+00,9.881593387467e+08,2.804368815570e+00
9.818181818182e+00,9.818183884831e+00,9.023984254597e+08,2.797080806316e+00
9.939393939394e+00,9.939394817079e+00,8.240565274655e+08,2.789911959231e+00
1.006060606061e+01,1.006061071602e+01,7.524931512994e+08,2.782859088162e+00
1.018181818182e+01,1.018182212357e+01,6.871259180052e+08,2.775917732491e+00
1.030303030303e+01,1.030303390184e+01,6.274193188298e+08,2.769084706066e+00
1.042424242424e+01,1.042424331663e+01,5.728858916113e+08,2.762785679094e+00
1.054545454545e+01,1.054545331626e+01,5.230781728229e+08,2.756649145990e+00
1.066666666667e+01,1.066666815893e+01,4.775888786902e+08,2.750613932591e+00
1.078787878788e+01,1.078787931558e+01,4.360446359023e+08,2.744676215512e+00
1.090909090909e+01,1.090909322689e+01,3.981038475629e+08,2.738832171369e+00
1.103030303030e+01,1.103030806258e+01,3.634560003030e+08,2.733079888468e+00
1.115151515152e+01,1.115151806613e+01,3.318153303877e+08,2.727414268964e+00
1.127272727273e+01,1.127273296047e+01,3.029221934560e+08,2.721834038393e+00
1.139393939394e+01,1.139393901019e+01,2.765389010416e+08,2.716334736141e+00
1.151515151515e+01,1.151515293532e+01,2.524476974126e+08,2.710914450514e+00
1.163636363636e+01,1.163636769992e+01,2.304501998695e+08,2.705569995358e+00
1.175757575758e+01,1.175758195695e+01,2.103651097211e+08,2.700644200873e+00
1.187878787879e+01,1.187878996323e+01,1.920263501502e+08,2.695836931326e+00
1.200000000000e+01,1.200000225098e+01,1.752826337826e+08,2.691101031634e+00
