z,mass_msun,concentration_ludlow16
1.000000000000000056e-01,9.508084242045727539e+11,8.409397565118441165e+00
1.012070999661269927e-01,9.502182686971864014e+11,8.405935277391130001e+00
1.024287708355362397e-01,9.496211031781810303e+11,8.402435027312657567e+00
1.036651884935962942e-01,9.490168466409217529e+11,8.398896439621919896e+00
1.049165309487880005e-01,9.484054172158985596e+11,8.395319136214137501e+00
1.061829783583324444e-01,9.477867321639272461e+11,8.391702736137180096e+00
1.074647130541285245e-01,9.471607078693828125e+11,8.388046855588232376e+00
1.087619195690033846e-01,9.465272598334621582e+11,8.384351107910896772e+00
1.100747846632799121e-01,9.458863026674827881e+11,8.380615103592688797e+00
1.114034973516647292e-01,9.452377500862235107e+11,8.376838450262948044e+00
1.127482489304609814e-01,9.445815149013046875e+11,8.373020752691216373e+00
1.141092330051093479e-01,9.439175090146220703e+11,8.369161612785950055e+00
1.154866455180618284e-01,9.432456434118255615e+11,8.365260629593791464e+00
1.168806847769915530e-01,9.425658281558605957e+11,8.361317399299181830e+00
1.182915514833436099e-01,9.418779723805653076e+11,8.357331515224496243e+00
1.197194487612301683e-01,9.411819842843367920e+11,8.353302567830592551e+00
1.211645821866744049e-01,9.404777711238668213e+11,8.349230144717859403e+00
1.226271598172076899e-01,9.397652392079503174e+11,8.345113830627726159e+00
1.241073922218236952e-01,9.390442938913778076e+11,8.340953207444639972e+00
1.256054925112944642e-01,9.383148395689111328e+11,8.336747854198540253e+00
1.271216763688519380e-01,9.375767796693520508e+11,8.332497347067835847e+00
1.286561620812404216e-01,9.368300166497062988e+11,8.328201259382863597e+00
1.302091705701433622e-01,9.360744519894509277e+11,8.323859161629863834e+00
1.317809254239898364e-01,9.353099861849108887e+11,8.319470621455463899e+00
1.333716529301446629e-01,9.345365187437497559e+11,8.315035203671680364e+00
1.349815821074874522e-01,9.337539481795823975e+11,8.310552470261445279e+00
1.366109447393846488e-01,9.329621720067153320e+11,8.306021980384670655e+00
1.382599754070595599e-01,9.321610867350211182e+11,8.301443290384822760e+00
1.399289115233653402e-01,9.313505878649561768e+11,8.296815953796070175e+00
1.416179933669657609e-01,9.305305698827263184e+11,8.292139521350957665e+00
1.433274641169281771e-01,9.297009262556083984e+11,8.287413540988636029e+00
1.450575698877342723e-01,9.288615494274370117e+11,8.282637557863649747e+00
1.468085597647137974e-01,9.280123308142622070e+11,8.277811114355289490e+00
1.485806858399051633e-01,9.271531608001883545e+11,8.272933750077489989e+00
1.503742032483499635e-01,9.262839287333991699e+11,8.268005001889326522e+00
1.521893702048245367e-01,9.254045229223826904e+11,8.263024403906081616e+00
1.540264480410158399e-01,9.245148306323582764e+11,8.257991487510860651e+00
1.558857012431456024e-01,9.236147380819217529e+11,8.252905781366823845e+00
1.577673974900484777e-01,9.227041304399123535e+11,8.247766811429977807e+00
1.596718076917102713e-01,9.217828918225136719e+11,8.242574100962590578e+00
1.615992060282712695e-01,9.208509052905994873e+11,8.237327170547141364e+00
1.635498699895000518e-01,9.199080528473303223e+11,8.232025538100929296e+00
1.655240804147440348e-01,9.189542154360162354e+11,8.226668718891238186e+00
1.675221215333624891e-01,9.179892729382529297e+11,8.221256225551103469e+00
1.695442810056469185e-01,9.170131041723431396e+11,8.215787568095695548e+00
1.715908499642363749e-01,9.160255868920151367e+11,8.210262253939298205e+00
1.736621230560316809e-01,9.150265977854483643e+11,8.204679787912885658e+00
1.757583984846164959e-01,9.140160124746192627e+11,8.199039672282316005e+00
1.778799780531896413e-01,9.129937055149796143e+11,8.193341406767114421e+00
1.800271672080164531e-01,9.119595503954772949e+11,8.187584488559890517e+00
1.822002750824038009e-01,9.109134195389353027e+11,8.181768412346322350e+00
1.843996145412067633e-01,9.098551843027998047e+11,8.175892670325783484e+00
1.866255022258720420e-01,9.087847149802717285e+11,8.169956752232563346e+00
1.888782586000249120e-01,9.077018808018348389e+11,8.163960145357677334e+00
1.911582079956070657e-01,9.066065499371933594e+11,8.157902334571307534e+00
1.934656786595709832e-01,9.054985894976365967e+11,8.151782802345833190e+00
1.958010028011380743e-01,9.043778655388411865e+11,8.145601028779443809e+00
1.981645166396269753e-01,9.032442430641276855e+11,8.139356491620386436e+00
2.005565604528595780e-01,9.020975860281877441e+11,8.133048666291790241e+00
2.029774786261515640e-01,9.009377573412958984e+11,8.126677025917077302e+00
2.054276197018932992e-01,8.997646188740214844e+11,8.120241041345968469e+00
2.079073364297303328e-01,8.985780314624603271e+11,8.113740181181094968e+00
2.104169858173491336e-01,8.973778549139969482e+11,8.107173911805162447e+00
2.129569291818758647e-01,8.961639480136213379e+11,8.100541697408711883e+00
2.155275322018954109e-01,8.949361685308110352e+11,8.093843000018450695e+00
2.181291649700988211e-01,8.936943732270008545e+11,8.087077279526154072e+00
2.207622020465659918e-01,8.924384178636564941e+11,8.080243993718125850e+00
2.234270225126913367e-01,8.911681572109687500e+11,8.073342598305231377e+00
2.261240100257606300e-01,8.898834450571925049e+11,8.066372546953457956e+00
2.288535528741865999e-01,8.885841342186417236e+11,8.059333291315047276e+00
2.316160440334113224e-01,8.872700765503677979e+11,8.052224281060155420e+00
2.344118812224833537e-01,8.859411229575351562e+11,8.045044963909052882e+00
2.372414669613175930e-01,8.845971234075187988e+11,8.037794785664837960e+00
2.401052086286468434e-01,8.832379269427397461e+11,8.030473190246690152e+00
2.430035185206724235e-01,8.818633816942648926e+11,8.023079619723608502e+00
2.459368139104229356e-01,8.804733348961862793e+11,8.015613514348688184e+00
2.489055171078294326e-01,8.790676329008084717e+11,8.008074312593858934e+00
2.519100555205262548e-01,8.776461211946588135e+11,8.000461451185127970e+00
2.549508617153851131e-01,8.762086444153489990e+11,7.992774365138307857e+00
2.580283734807920504e-01,8.747550463693073730e+11,7.985012487795200009e+00
2.611430338896766901e-01,8.732851700504057617e+11,7.977175250860249811e+00
2.642952913633019874e-01,8.717988576595042725e+11,7.969262084437650273e+00
2.674855997358236981e-01,8.702959506249388428e+11,7.961272417068894214e+00
2.707144183196295018e-01,8.687762896239746094e+11,7.953205675770756322e+00
2.739822119714665494e-01,8.672397146052487793e+11,7.945061286073703322e+00
2.772894511593681499e-01,8.656860648122302246e+11,7.936838672060722466e+00
2.806366120303867007e-01,8.641151788077188721e+11,7.928537256406556821e+00
2.840241764791454071e-01,8.625268944994111328e+11,7.920156460417334898e+00
2.874526322172176740e-01,8.609210491665563965e+11,7.911695704070582202e+00
2.909224728433428830e-01,8.592974794877321777e+11,7.903154406055651116e+00
2.944341979144907695e-01,8.576560215697620850e+11,7.894531983814458087e+00
2.979883130177828909e-01,8.559965109778055420e+11,7.885827853582657809e+00
3.015853298432829011e-01,8.543187827666437988e+11,7.877041430431097169e+00
3.052257662576652320e-01,8.526226715131912842e+11,7.868172128307687530e+00
3.089101463787724544e-01,8.509080113502580566e+11,7.859219360079550576e+00
3.126390006510734176e-01,8.491746360015927734e+11,7.850182537575553177e+00
3.164128659220323270e-01,8.474223788182320557e+11,7.841061071629120249e+00
3.202322855193986961e-01,8.456510728161843262e+11,7.831854372121409114e+00
3.240978093294310525e-01,8.438605507154798584e+11,7.822561848024744080e+00
3.280099938760649980e-01,8.420506449806087646e+11,7.813182907446428516e+00
3.319694024010361177e-01,8.402211878623824463e+11,7.803716957672780730e+00
3.359766049449711134e-01,8.383720114412418213e+11,7.794163405213535789e+00
3.400321784294564331e-01,8.365029476720429688e+11,7.784521655846520005e+00
3.441367067400992741e-01,8.346138284303509521e+11,7.774791114662597202e+00
3.482907808105896730e-01,8.327044855602656250e+11,7.764971186110957824e+00
3.524949987077777291e-01,8.307747509238140869e+11,7.755061274044659392e+00
3.567499657177787276e-01,8.288244564519335938e+11,7.745060781766490265e+00
3.610562944331160984e-01,8.268534341970783691e+11,7.734969112075107844e+00
3.654146048409177006e-01,8.248615163874735107e+11,7.724785667311514281e+00
3.698255244121754770e-01,8.228485354830516357e+11,7.714509849405805753e+00
3.742896881920839136e-01,8.208143242330930176e+11,7.704141059924269896e+00
3.788077388914674049e-01,8.187587157356049805e+11,7.693678700116763025e+00
3.833803269793128465e-01,8.166815434984641113e+11,7.683122170964479913e+00
3.880081107764176696e-01,8.145826415023497314e+11,7.672470873228027344e+00
3.926917565501698570e-01,8.124618442654984131e+11,7.661724207495882233e+00
3.974319386104704366e-01,8.103189869103063965e+11,7.650881574233216575e+00
4.022293394068152672e-01,8.081539052318048096e+11,7.639942373831131839e+00
4.070846496265478898e-01,8.059664357680357666e+11,7.628906006656309913e+00
4.119985682942980953e-01,8.037564158723599854e+11,7.617771873101108149e+00
4.169718028726223658e-01,8.015236837877110596e+11,7.606539373634105594e+00
4.220050693638568995e-01,7.992680787228349609e+11,7.595207908851207890e+00
4.270990924132023192e-01,7.969894409305272217e+11,7.583776879527213133e+00
4.322546054130507742e-01,7.946876117879022217e+11,7.572245686667997688e+00
4.374723506085742009e-01,7.923624338787095947e+11,7.560613731563281092e+00
4.427530792045852315e-01,7.900137510777260742e+11,7.548880415840082847e+00
4.480975514736901255e-01,7.876414086372423096e+11,7.537045141516820479e+00
4.535065368657448803e-01,7.852452532756665039e+11,7.525107311058200743e+00
4.589808141186351165e-01,7.828251332682628174e+11,7.513066327430912850e+00
4.645211713703905065e-01,7.803808985400489502e+11,7.500921594160145922e+00
4.701284062726552304e-01,7.779124007608630371e+11,7.488672515387079009e+00
4.758033261055259477e-01,7.754194934426258545e+11,7.476318495927339214e+00
4.815467478937768275e-01,7.729020320388063965e+11,7.463858941330530072e+00
4.873594985244883437e-01,7.703598740461101074e+11,7.451293257940905690e+00
4.932424148660941032e-01,7.677928791084020996e+11,7.438620852959286545e+00
4.991963438888668558e-01,7.652009091228746338e+11,7.425841134506266705e+00
5.052221427868565096e-01,7.625838283484743652e+11,7.412953511686872332e+00
5.113206791013028552e-01,7.599415035165920410e+11,7.399957394656692777e+00
5.174928308455349901e-01,7.572738039440273438e+11,7.386852194689678797e+00
5.237394866313811459e-01,7.545806016482303467e+11,7.373637324247637181e+00
5.300615457971022959e-01,7.518617714648254395e+11,7.360312197051618099e+00
5.364599185368713608e-01,7.491171911674191895e+11,7.346876228155279520e+00
5.429355260318148302e-01,7.463467415896907959e+11,7.333328834020351294e+00
5.494893005826363419e-01,7.435503067497636719e+11,7.319669432594429814e+00
5.561221857438408689e-01,7.407277739768546143e+11,7.305897443391121904e+00
5.628351364595794992e-01,7.378790340401917725e+11,7.292012287572836371e+00
5.696291192011340154e-01,7.350039812801936035e+11,7.278013388036272957e+00
5.765051121060603689e-01,7.321025137418964844e+11,7.263900169500899118e+00
5.834641051190131433e-01,7.291745333106186523e+11,7.249672058600507007e+00
5.905071001342678816e-01,7.262199458498410645e+11,7.235328483978110015e+00
5.976351111399662575e-01,7.232386613412869873e+11,7.220868876384375135e+00
6.048491643640998561e-01,7.202305940271785889e+11,7.206292668779796351e+00
6.121502984222584320e-01,7.171956625546430664e+11,7.191599296440857714e+00
6.195395644671597424e-01,7.141337901222419434e+11,7.176788197070416153e+00
6.270180263399862675e-01,7.110449046285900879e+11,7.161858810912585582e+00
6.345867607235464725e-01,7.079289388230292969e+11,7.146810580872343444e+00
6.422468572972866996e-01,7.047858304583215332e+11,7.131642952640197208e+00
6.499994188941741191e-01,7.016155224453132324e+11,7.116355374822148860e+00
6.578455616594712785e-01,6.984179630095313721e+11,7.100947299075319741e+00
6.657864152114308931e-01,6.951931058496580811e+11,7.085418180249522635e+00
6.738231228039262000e-01,6.919409102978315430e+11,7.069767476535108841e+00
6.819568414910484044e-01,6.886613414817164307e+11,7.053994649617512991e+00
6.901887422936875405e-01,6.853543704882805176e+11,7.038099164838763855e+00
6.985200103681270534e-01,6.820199745292142334e+11,7.022080491366427424e+00
7.069518451766709788e-01,6.786581371079219971e+11,7.005938102370371290e+00
7.154854606603329170e-01,6.752688481880083008e+11,6.989671475207728690e+00
7.241220854136073415e-01,6.718521043631851807e+11,6.973280091616553378e+00
7.328629628613532176e-01,6.684079090285120850e+11,6.956763437918595194e+00
7.417093514378099162e-01,6.649362725528811035e+11,6.940121005231694618e+00
7.506625247677763957e-01,6.614372124526539307e+11,6.923352289692286554e+00
7.597237718499765258e-01,6.579107535663547363e+11,6.906456792688503654e+00
7.688943972426361961e-01,6.543569282303103027e+11,6.889434021104503536e+00
7.781757212513046307e-01,6.507757764551313477e+11,6.872283487576479111e+00
7.875690801189375589e-01,6.471673461029219971e+11,6.855004710761032349e+00
7.970758262182801035e-01,6.435316930650936279e+11,6.837597215616468382e+00
8.066973282465674799e-01,6.398688814406630859e+11,6.820060533697665406e+00
8.164349714225792587e-01,6.361789837148988037e+11,6.802394203465190969e+00
8.262901576860701702e-01,6.324620809381822510e+11,6.784597770609336997e+00
8.362643058996095391e-01,6.287182629049410400e+11,6.766670788389816060e+00
8.463588520528558812e-01,6.249476283325040283e+11,6.748612817991813451e+00
8.565752494692989716e-01,6.211502850397257080e+11,6.730423428899254823e+00
8.669149690154950294e-01,6.173263501252196045e+11,6.712102199286005266e+00
8.773794993128308795e-01,6.134759501450312500e+11,6.693648716425886214e+00
8.879703469518414050e-01,6.095992212895830078e+11,6.675062577122359286e+00
8.986890367091148191e-01,6.056963095597069092e+11,6.656343388158802554e+00
9.095371117668178407e-01,6.017673709415827637e+11,6.637490766770277162e+00
9.205161339348674199e-01,5.978125715803911133e+11,6.618504341137754210e+00
9.316276838757889811e-01,5.938320879524793701e+11,6.599383750905873036e+00
9.428733613322832774e-01,5.898261070358414307e+11,6.580128647725173252e+00
9.542547853575459316e-01,5.857948264786961670e+11,6.560738695819948063e+00
9.657735945483620910e-01,5.817384547659514160e+11,6.541213572582818436e+00
9.774314472810190502e-01,5.776572113833275146e+11,6.521552969197202287e+00
9.892300219500627101e-01,5.735513269789110107e+11,6.501756591288825327e+00
1.001171017209939951e+00,5.694210435219034424e+11,6.481824159607596059e+00
1.013256152219554673e+00,5.652666144583234863e+11,6.461755410741043093e+00
1.025487166889776924e+00,5.610883048634119873e+11,6.441550097860750945e+00
1.037865822133939631e+00,5.568863915904857178e+11,6.421207991503030676e+00
1.050393900121362467e+00,5.526611634159805908e+11,6.400728880385383235e+00
1.063073204533927507e+00,5.484129211804170532e+11,6.380112572260139281e+00
1.075905560825761942e+00,5.441419779250118408e+11,6.359358894806819151e+00
1.088892816486047854e+00,5.398486590236646118e+11,6.338467696564785925e+00
1.102036841305010562e+00,5.355333023100275879e+11,6.317438847907796529e+00
1.115339527643110618e+00,5.311962581993753052e+11,6.296272242062127766e+00
1.128802790703491876e+00,5.268378898049760742e+11,6.274967796170017209e+00
1.142428568807713818e+00,5.224585730486658325e+11,6.253525452400142903e+00
1.156218823674817209e+00,5.180586967653220215e+11,6.231945179107031940e+00
1.170175540703749961e+00,5.136386628009266357e+11,6.210226972041249738e+00
1.184300729259211149e+00,5.091988861039033203e+11,6.188370855612322252e+00
1.198596422960940933e+00,5.047397948094150391e+11,6.166376884206368203e+00
1.213064679976502136e+00,5.002618303162969360e+11,6.144245143560544520e+00
1.227707583317597217e+00,4.957654473563014526e+11,6.121975752196354037e+00
1.242527241139962157e+00,4.912511140553271484e+11,6.099568862914042988e+00
1.257525787046881671e+00,4.867193119863001709e+11,6.077024664350261673e+00
1.272705380396363051e+00,4.821705362133762207e+11,6.054343382601347301e+00
1.288068206612024369e+00,4.776052953271254883e+11,6.031525282914478758e+00
1.303616477497730131e+00,4.730241114703665161e+11,6.008570671449210643e+00
1.319352431556031657e+00,4.684275203543083496e+11,5.985479897111730452e+00
1.335278334310440407e+00,4.638160712646652832e+11,5.962253353464472383e+00
1.351396478631603060e+00,4.591903270574033813e+11,5.938891480713560433e+00
1.367709185067406130e+00,4.545508641437812500e+11,5.915394767776767537e+00
1.384218802177070939e+00,4.498982724643462524e+11,5.891763754434618861e+00
1.400927706869274258e+00,4.452331554515558472e+11,5.867999033567410372e+00
1.417838304744356348e+00,4.405561299806830444e+11,5.844101253480901370e+00
1.434953030440661470e+00,4.358678263086792603e+11,5.820071120323465408e+00
1.452274347985049285e+00,4.311688880006694336e+11,5.795909400597619943e+00
1.469804751147648192e+00,4.264599718437500000e+11,5.771616923768781326e+00
1.487546763800883909e+00,4.217417477477781982e+11,5.747194584974207210e+00
1.505502940282847923e+00,4.170148986328342285e+11,5.722643347835063565e+00
1.523675865765043325e+00,4.122801203030552979e+11,5.697964247374615709e+00
1.542068156624578856e+00,4.075381213065374756e+11,5.673158393045533820e+00
1.560682460820848716e+00,4.027896227810172119e+11,5.648226971869294566e+00
1.579521458276767598e+00,3.980353582850488892e+11,5.623171251690727068e+00
1.598587861264595400e+00,3.932760736144063721e+11,5.597992584550666173e+00
1.617884414796430192e+00,3.885125266034453735e+11,5.572692410179699074e+00
1.637413897019412090e+00,3.837454869111763916e+11,5.547272259615922074e+00
1.657179119615692420e+00,3.789757357918094482e+11,5.521733758949685544e+00
1.677182928207237467e+00,3.742040658495468140e+11,5.496078633198050234e+00
1.697428202765514316e+00,3.694312807774105225e+11,5.470308710311843292e+00
1.717917858026127176e+00,3.646581950799099731e+11,5.444425925317868398e+00
1.738654843908450598e+00,3.598856337793727417e+11,5.418432324598980721e+00
1.759642145940335300e+00,3.551144321057722778e+11,5.392330070314276469e+00
1.780882785687936787e+00,3.503454351699109497e+11,5.366121444961868825e+00
1.802379821190737808e+00,3.455794976198339844e+11,5.339808856086174060e+00
1.824136347401811298e+00,3.408174832803699951e+11,5.313394841131729329e+00
1.846155496633409276e+00,3.360602647757138672e+11,5.286882072445093783e+00
1.868440439007922116e+00,3.313087231349935913e+11,5.260273362426291399e+00
1.890994382914290339e+00,3.265637473807809448e+11,5.233571668830791168e+00
1.913820575469912466e+00,3.218262341005392456e+11,5.206780100222789365e+00
1.936922302988140832e+00,3.170970870010137939e+11,5.179901921580118085e+00
1.960302891451417118e+00,3.123772164456103516e+11,5.152940560050635277e+00
1.983965706990114208e+00,3.076675389748272095e+11,5.125899610859534050e+00
2.007914156367163638e+00,3.029689768098355713e+11,5.098782843366382878e+00
2.032151687468529921e+00,2.982824573393355713e+11,5.071594207270169186e+00
2.056681789799612137e+00,2.936089125898412476e+11,5.044337838959878972e+00
2.081507994987624066e+00,2.889492786795864868e+11,5.017018068007457643e+00
2.106633877290050805e+00,2.843044952562678223e+11,4.989639423799123286e+00
2.132063054109238021e+00,2.796755049188775635e+11,4.962206642300139414e+00
2.157799186513197132e+00,2.750632526239179688e+11,4.934724672947090163e+00
2.183845979762687239e+00,2.704686850763162537e+11,4.907198685660675075e+00
2.210207183844667522e+00,2.658927501053995361e+11,4.879634077970760764e+00
2.236886594012193363e+00,2.613363960263218384e+11,4.852036482244132642e+00
2.263888051330814388e+00,2.568005709873807983e+11,4.824411773003959070e+00
2.291215443231582327e+00,2.522862223036869507e+11,4.796766074328281171e+00
2.318872704070726432e+00,2.477942957776970825e+11,4.769105767313275734e+00
2.346863815696092814e+00,2.433257350071561584e+11,4.741437497584920280e+00
2.375192808020407664e+00,2.388814806810360107e+11,4.713768182840810006e+00
2.403863759601473138e+00,2.344624698640920410e+11,4.686105020401438281e+00
2.432880798229361208e+00,2.300696352707050781e+11,4.658455494747901326e+00
2.462248101520698285e+00,2.257039045287110596e+11,4.630827385020163334e+00
2.491969897520117883e+00,2.213661994339651794e+11,4.603228772447213402e+00
2.522050465308977252e+00,2.170574351964218140e+11,4.575668047677066141e+00
2.552494135621428129e+00,2.127785196785541992e+11,4.548153917971237803e+00
2.583305291467908660e+00,2.085303526269799805e+11,4.520695414224348063e+00
2.614488368766175075e+00,2.043138248981904297e+11,4.493301897765508812e+00
2.646047856979945045e+00,2.001298176793268738e+11,4.465983066893509879e+00
2.677988299765254876e+00,1.959792017049814453e+11,4.438748963092991495e+00
2.710314295624606462e+00,1.918628364710404663e+11,4.411609976873425154e+00
2.743030498569027031e+00,1.877815694466183777e+11,4.384576853166844757e+00
2.776141618788106058e+00,1.837362352851745911e+11,4.357660696214054497e+00
2.809652423328135029e+00,1.797276550359308167e+11,4.330872973862041952e+00
2.843567736778416233e+00,1.757566353567479858e+11,4.304225521187905024e+00
2.877892441965867132e+00,1.718239677296451416e+11,4.277730543356446979e+00
2.912631480658007366e+00,1.679304276801802063e+11,4.251400617609726318e+00
2.947789854274435406e+00,1.640767740019338989e+11,4.225248694277241590e+00
2.983372624606877466e+00,1.602637479873733215e+11,4.199288096685034333e+00
3.019384914547948107e+00,1.564920726663852539e+11,4.173532519830571275e+00
3.055831908828700705e+00,1.527624520538009644e+11,4.147996027678077624e+00
3.092718854765070802e+00,1.490755704072508850e+11,4.122693048915629710e+00
3.130051063013343793e+00,1.454320914967036133e+11,4.097638371000919655e+00
3.167833908334734438e+00,1.418326578870607300e+11,4.072847132307086504e+00
3.206072830369203430e+00,1.382778902351908569e+11,4.048334812163155938e+00
3.244773334418597166e+00,1.347683866027969971e+11,4.024117218565666398e+00
3.283940992239262613e+00,1.313047217865135498e+11,4.000210473318519533e+00
3.323581442844212308e+00,1.278874466666382904e+11,3.976630994337514213e+00
3.363700393314988712e+00,1.245170875758990173e+11,3.953395474833583112e+00
3.404303619623308297e+00,1.211941456896563873e+11,3.930520859065381511e+00
3.445396967462640347e+00,1.179190964389328308e+11,3.908024314326693283e+00
3.486986353089823076e+00,1.146923889476487579e+11,3.885923198807793799e+00
3.529077764176824061e+00,1.115144454954344940e+11,3.864235024942171748e+00
3.571677260672798671e+00,1.083856610073639984e+11,3.842977417821140662e+00
3.614790975676544171e+00,1.053064025719383392e+11,3.822168068228842142e+00
3.658425116319498294e+00,1.022770089886163635e+11,3.801824679819332697e+00
3.702585964659373285e+00,9.929779034616520691e+10,3.781964909925981999e+00
3.747279878584600432e+00,9.636902763306144714e+10,3.762606303461523360e+00
3.792513292729677410e+00,9.349097238114093018e+10,3.743766219335319612e+00
3.838292719401580122e+00,9.066384634364884949e+10,3.725461748782890492e+00
3.884624749517332276e+00,8.788784120879632568e+10,3.707709624972112650e+00
3.931516053552917889e+00,8.516311834987551880e+10,3.690526123220911892e+00
3.978973382503631306e+00,8.248980861293174744e+10,3.673926951133666741e+00
4.027003568856035720e+00,7.986801214292904663e+10,3.657927127937656397e+00
4.075613527571630534e+00,7.729779824928396606e+10,3.642540852277833974e+00
4.124810257082414111e+00,7.477920531156944275e+10,3.627781357707674736e+00
4.174600840298459126e+00,7.231224072612191772e+10,3.613660755096402166e+00
4.224992445627639981e+00,6.989688089420741272e+10,3.600189861158303195e+00
4.275992328007680143e+00,6.753307125232000732e+10,3.587378012297777197e+00
4.327607829950652629e+00,6.522072634510429382e+10,3.575232862953789059e+00
4.379846382600097066e+00,6.295972994130429840e+10,3.563760167618279517e+00
4.432715506800878558e+00,6.074993519305202484e+10,3.552963545693301306e+00
4.486222814181978435e+00,5.859116483871154022e+10,3.542844228339402601e+00
4.540376008252349216e+00,5.648321144940094757e+10,3.533400786449639064e+00
4.595182885510002535e+00,5.442583771921158600e+10,3.524628838856799451e+00
4.650651336564468608e+00,5.241877679904436493e+10,3.516520739840907961e+00
4.706789347272821722e+00,5.046173267387528992e+10,3.509065244944699291e+00
4.763604999889421876e+00,4.855438058315821838e+10,3.502247154020354358e+00
4.821106474229511996e+00,4.669636748396498108e+10,3.496046930313272405e+00
4.879302048846883899e+00,4.488731255635110474e+10,3.490440294229566476e+00
4.938200102225747123e+00,4.312680775032823181e+10,3.485397790222938497e+00
4.997809113986997787e+00,4.141441837371127319e+10,3.480884324961388998e+00
5.058137666109027819e+00,3.974968371999925232e+10,3.476858674581590591e+00
5.119194444163287727e+00,3.813211773533618927e+10,3.473272958391744769e+00
5.180988238564756543e+00,3.656120972348986053e+10,3.470072075824206959e+00
5.243527945837516135e+00,3.503642508767601776e+10,3.467193102743859168e+00
5.306822569895581765e+00,3.355720610794977570e+10,3.464564642360488556e+00
5.370881223339212696e+00,3.212297275277778625e+10,3.462106124939191787e+00
5.435713128766859192e+00,3.073312352330359268e+10,3.459727049211890559e+00
5.501327620102966165e+00,2.938703632871676636e+10,3.457326156811098894e+00
5.567734143941764913e+00,2.808406939104050064e+10,3.454790529109385222e+00
5.634942260907325640e+00,2.682356217755620956e+10,3.451994593463871386e+00
5.702961647030014625e+00,2.560483635899680328e+10,3.448799022922762525e+00
5.771802095139551447e+00,2.442719679155395889e+10,3.445049509793126852e+00
5.841473516274898969e+00,2.328993252066461945e+10,3.440575388891192521e+00
5.911985941111169041e+00,2.219231780446741486e+10,3.435188080513738473e+00
5.983349521403756199e+00,2.113361315475156784e+10,3.428679315792558135e+00
6.055574531449881448e+00,2.011306639315738297e+10,3.411376632470493941e+00
6.128671369567809002e+00,1.912991372033115387e+10,3.391358350798987065e+00
6.202650559593894997e+00,1.818338079568923569e+10,3.371672604396289685e+00
6.277522752397730166e+00,1.727268382540282822e+10,3.352313959207749772e+00
6.353298727415539027e+00,1.639703065618181610e+10,3.333277040236466426e+00
6.429989394202117126e+00,1.555562187240814209e+10,3.314556533101427949e+00
6.507605794001501742e+00,1.474765189415182686e+10,3.296147185476002051e+00
6.586159101336573229e+00,1.397231007359238243e+10,3.278043808409337512e+00
6.665660625617879198e+00,1.322878178736553192e+10,3.260241277533559856e+00
6.746121812771850301e+00,1.251624952236371613e+10,3.242734534159656512e+00
6.827554246888706935e+00,1.183389395253289604e+10,3.225518586265180065e+00
6.909969651890204290e+00,1.118089500423398209e+10,3.208588509376986142e+00
6.993379893217557708e+00,1.055643290776878166e+10,3.191939447352290848e+00
7.077796979539717093e+00,9.959689232713798523e+09,3.175566613061461041e+00
7.163233064482279921e+00,9.389847904754882812e+09,3.159465288975981334e+00
7.249700448377245365e+00,8.846096201775671005e+09,3.143630827665121252e+00
7.337211580033916825e+00,8.327625727019969940e+09,3.128058652204819268e+00
7.425779058531170485e+00,7.833633357224440575e+09,3.112744256502367080e+00
7.515415635031367003e+00,7.363322163702044487e+09,3.097683205540461948e+00
7.606134214616135480e+00,6.915902304448434830e+09,3.082871135544178465e+00
7.697947858144337907e+00,6.490591885442163467e+09,3.068303754074424905e+00
7.790869784132473441e+00,6.086617789416087151e+09,3.053976840051401354e+00
7.884913370657736564e+00,5.703216470490193367e+09,3.039886243711545699e+00
7.980092157284090604e+00,5.339634713174078941e+09,3.026027886501400310e+00
8.076419847011568010e+00,4.995130354372667313e+09,3.012397760911817102e+00
8.173910308249119794e+00,4.668972967157485962e+09,2.998991930255769045e+00
8.272577576811247724e+00,4.360444505200490952e+09,2.985806528393097459e+00
8.372435857938768322e+00,4.068839906904614449e+09,2.972837759405328573e+00
8.473499528343948484e+00,3.793467658407073021e+09,2.960081897223668879e+00
8.575783138280360873e+00,3.533650314774763107e+09,2.947535285213231493e+00
8.679301413637670493e+00,3.288724978857292652e+09,2.935194335716398761e+00
8.784069258061746766e+00,3.058043737409732342e+09,2.923055529558181043e+00
8.890101755100383585e+00,2.840974054245075226e+09,2.911115415516304150e+00
8.997414170374858244e+00,2.636899120323832989e+09,2.899370609758702866e+00
9.106021953777760913e+00,2.445218160834415436e+09,2.887817795250960717e+00
9.215940741697325578e+00,2.265346699463284016e+09,2.876453721136154495e+00
9.327186359268640814e+00,2.096716780196260452e+09,2.865275202089472728e+00
9.439774822651976649e+00,1.938777147132320881e+09,2.854279117649852981e+00
9.553722341338675150e+00,1.790993382926867962e+09,2.843462411530809586e+00
9.669045320484837447e+00,1.652848006613557816e+09,2.832822090912495039e+00
9.785760363273215745e+00,1.523840531680124998e+09,2.822355225716965510e+00
9.903884273303559027e+00,1.403487485395114899e+09,2.812058947868510295e+00
1.002343405701186008e+01,1.291322390497112751e+09,2.801930450540805140e+00
1.014442692611881291e+01,1.186895710466584444e+09,2.791966987392557886e+00
1.026688030010777375e+01,1.089774759701564550e+09,2.782165871793228717e+00
1.039081180873267662e+01,9.995435800117801428e+08,2.772524476040282959e+00
1.051623929455621109e+01,9.158027849314217567e+08,2.763040230569406397e+00
1.064318081551863493e+01,8.381693734277943373e+08,2.753710623158948767e+00
1.077165464753758606e+01,7.662765146514935493e+08,2.744533198129831320e+00
1.090167928713933065e+01,6.997733054332408905e+08,2.735505555542046441e+00
1.103327345412166594e+01,6.383245022829838991e+08,2.726625350388804936e+00
1.116645609424906915e+01,5.816102296878800392e+08,2.717890291789298640e+00
1.130124638198033793e+01,5.293256665378365517e+08,2.709298142180970537e+00
1.143766372322915359e+01,4.811807125297724009e+08,2.700846716512133927e+00
1.157572775815797606e+01,4.368996364151643515e+08,2.692533881435663634e+00
1.171545836400564333e+01,3.962207079596742392e+08,2.684357554504468002e+00
1.185687565794918008e+01,3.588958154789201021e+08,2.676315703369343435e+00
1.200000000000000000e+01,3.246900708011248708e+08,2.668406344979776357e+00
