z,current_mass_msun,source_mass_msun,source_concentration,current_concentration,published_concentration,freeze_nu0_concentration,best_tail_concentration,no_h_numeric_concentration,source_mass_current_nu0_concentration,published_nu0,current_nu0,best_tail_nu0,effective_nu0_from_source_mass
0.000000000000e+00,1.000000000000e+12,nan,nan,8.710309181669e+00,8.710309181669e+00,8.710309181669e+00,8.710309181669e+00,8.396375026075e+00,nan,3.413220000000e+00,3.413220000000e+00,3.413220000000e+00,nan
1.212121212121e-01,9.404546083949e+11,9.355046580572e+11,7.785733654887e+00,8.349096266496e+00,8.349096266496e+00,8.349096266496e+00,8.349096266496e+00,8.051786753221e+00,8.353149483705e+00,3.524944552142e+00,3.524944552142e+00,3.524944552142e+00,3.147037806926e+00
2.424242424242e-01,8.821380223053e+11,8.727659116605e+11,7.563558657736e+00,8.024556034115e+00,8.024556034115e+00,8.024556034115e+00,8.024556034115e+00,7.742291598264e+00,8.032344544045e+00,3.638533843152e+00,3.638533843152e+00,3.638533843152e+00,3.299926240459e+00
3.636363636364e-01,8.256738891345e+11,8.124163159511e+11,7.322423493815e+00,7.728936994852e+00,7.728936994852e+00,7.728936994852e+00,7.728936994852e+00,7.460473073711e+00,7.740163339458e+00,3.749643189401e+00,3.749643189401e+00,3.749643189401e+00,3.424077307143e+00
4.848484848485e-01,7.714573412104e+11,7.548372222743e+11,7.075634180545e+00,7.456715988983e+00,7.456715988983e+00,7.456715988983e+00,7.456715988983e+00,7.201044384728e+00,7.471101557952e+00,3.854955271690e+00,3.854955271690e+00,3.854955271690e+00,3.524012792472e+00
6.060606060606e-01,7.197263645397e+11,7.002440684782e+11,6.826520886358e+00,7.203850591945e+00,7.203850591945e+00,7.203850591945e+00,7.203850591945e+00,6.960134497071e+00,7.221129884938e+00,3.951966184653e+00,3.951966184653e+00,3.951966184653e+00,3.599051194592e+00
7.272727272727e-01,6.706090474604e+11,6.487319050324e+11,6.585718356942e+00,6.967318299613e+00,6.967318299613e+00,6.967318299613e+00,6.967318299613e+00,6.734847951967e+00,6.987239844744e+00,4.038842295622e+00,4.038842295622e+00,4.038842295622e+00,3.656672226528e+00
8.484848484848e-01,6.241558561659e+11,6.003160839286e+11,6.352732101156e+00,6.744820525608e+00,6.744820525608e+00,6.744820525608e+00,6.744820525608e+00,6.522982020117e+00,6.767143972894e+00,4.114308533933e+00,4.114308533933e+00,4.114308533933e+00,3.696209973577e+00
9.696969696970e-01,5.803622353293e+11,5.549534104986e+11,6.132868340305e+00,6.534585722344e+00,6.534585722344e+00,6.534585722344e+00,6.534585722344e+00,6.322838501766e+00,6.559082756978e+00,4.177554972056e+00,4.177554972056e+00,4.177554972056e+00,3.723379737291e+00
1.090909090909e+00,5.391847463309e+11,5.125647790609e+11,5.924834451605e+00,6.335234450383e+00,6.335234450383e+00,6.335234450383e+00,6.335234450383e+00,6.133094690916e+00,6.361685238229e+00,4.228157486527e+00,4.228157486527e+00,4.228157486527e+00,3.738138451367e+00
1.212121212121e+00,5.005527676415e+11,4.730405063779e+11,5.731513267430e+00,6.145684452821e+00,6.145684452821e+00,6.145684452821e+00,6.145684452821e+00,5.952712557975e+00,6.173881580887e+00,4.266010720791e+00,4.266010720791e+00,4.266010720791e+00,3.745244927429e+00
1.333333333333e+00,4.643770760191e+11,4.362574007386e+11,5.550227143741e+00,5.965082304672e+00,5.965082304672e+00,5.965082304672e+00,5.965082304672e+00,5.780873329522e+00,5.994827107924e+00,4.291271932056e+00,4.291271932056e+00,4.291271932056e+00,3.743540878307e+00
1.454545454545e+00,4.305561921221e+11,4.020800436107e+11,5.383061737116e+00,5.792753154333e+00,5.792753154333e+00,5.792753154333e+00,5.792753154333e+00,5.616929365432e+00,5.823857725641e+00,4.304314222505e+00,4.304314222505e+00,4.304314222505e+00,3.737448929650e+00
1.575757575758e+00,3.989810973522e+11,3.703693811744e+11,5.227590791086e+00,5.628163048685e+00,5.628163048685e+00,5.628163048685e+00,5.628163048685e+00,5.460368072680e+00,5.660448462754e+00,4.305687620360e+00,4.305687620360e+00,4.305687620360e+00,3.726009530445e+00
1.696969696970e+00,3.695387476494e+11,3.409818813165e+11,5.083024776625e+00,5.470890176198e+00,5.470890176198e+00,5.470890176198e+00,5.470890176198e+00,5.310784354461e+00,5.504189874060e+00,4.296086563904e+00,4.296086563904e+00,4.296086563904e+00,3.710045320870e+00
1.818181818182e+00,3.421146885362e+11,3.137783147457e+11,4.948880035518e+00,5.320602535265e+00,5.320602535265e+00,5.320602535265e+00,5.320602535265e+00,5.167859213044e+00,5.354758633637e+00,4.276322511951e+00,4.276322511951e+00,4.276322511951e+00,3.690706371887e+00
1.939393939394e+00,3.165949924783e+11,2.886201812427e+11,4.824543551683e+00,5.177040299415e+00,5.177040299415e+00,5.177040299415e+00,5.177040299415e+00,5.031342854832e+00,5.211906344404e+00,4.247300606479e+00,4.247300606479e+00,4.247300606479e+00,3.668869882265e+00
2.060606060606e+00,2.928676814690e+11,2.653732202464e+11,4.709580733682e+00,5.040001660440e+00,5.040001660440e+00,5.040001660440e+00,5.040001660440e+00,4.901041132484e+00,5.075442955276e+00,4.209999511981e+00,4.209999511981e+00,4.209999511981e+00,3.645572516729e+00
2.181818181818e+00,2.708237563733e+11,2.439091861349e+11,4.602645749953e+00,4.909331276426e+00,4.909331276426e+00,4.909331276426e+00,4.909331276426e+00,4.776804489379e+00,4.945224019149e+00,4.165453733514e+00,4.165453733514e+00,4.165453733514e+00,3.620341634825e+00
2.303030303030e+00,2.503579246933e+11,2.241052881190e+11,4.503176562885e+00,4.784910690987e+00,4.784910690987e+00,4.784910690987e+00,4.784910690987e+00,4.658518800084e+00,4.821142578553e+00,4.114737864730e+00,4.114737864730e+00,4.114737864730e+00,3.593696794960e+00
2.424242424242e+00,2.313690965248e+11,2.058443236679e+11,4.410848184745e+00,4.666650258039e+00,4.666650258039e+00,4.666650258039e+00,4.666650258039e+00,4.546097660732e+00,4.703121483377e+00,4.058952338419e+00,4.058952338419e+00,4.058952338419e+00,3.566429940176e+00
2.545454545455e+00,2.137607022421e+11,1.890159652486e+11,4.324778688033e+00,4.554482225962e+00,4.554482225962e+00,4.554482225962e+00,4.554482225962e+00,4.439475797080e+00,4.591104838193e+00,3.999210348245e+00,3.999210348245e+00,3.999210348245e+00,3.538306352375e+00
2.666666666667e+00,1.974408732665e+11,1.735158017848e+11,4.244321920664e+00,4.448354720908e+00,4.448354720908e+00,4.448354720908e+00,4.448354720908e+00,4.338603339613e+00,4.485053397989e+00,3.936625685567e+00,3.936625685567e+00,3.936625685567e+00,3.509331941512e+00
2.787878787879e+00,1.823225180475e+11,1.592460512639e+11,4.168867415484e+00,4.348226431120e+00,4.348226431120e+00,4.348226431120e+00,4.348226431120e+00,4.243440773942e+00,4.384937993161e+00,3.872301293379e+00,3.872301293379e+00,3.872301293379e+00,3.479404530158e+00
2.909090909091e+00,1.683233183285e+11,1.461149498834e+11,4.097853134880e+00,4.254061839233e+00,4.254061839233e+00,4.254061839233e+00,4.254061839233e+00,4.153954417353e+00,4.290735402457e+00,3.807318384292e+00,3.807318384292e+00,3.807318384292e+00,3.448417141351e+00
3.030303030303e+00,1.553656653298e+11,1.340362926650e+11,4.032162280813e+00,4.165826882421e+00,4.165826882421e+00,4.165826882421e+00,4.165826882421e+00,4.070112303381e+00,4.202424450767e+00,3.742726003897e+00,3.742726003897e+00,3.742726003897e+00,3.418853611277e+00
3.151515151515e+00,1.433765512631e+11,1.229302381797e+11,3.970261675854e+00,4.083484944454e+00,4.083484944454e+00,4.083484944454e+00,4.083484944454e+00,3.991880379100e+00,4.119980048628e+00,3.679530947273e+00,3.679530947273e+00,3.679530947273e+00,3.388680278856e+00
3.272727272727e+00,1.322874282921e+11,1.127218552328e+11,3.911401936520e+00,4.006993102132e+00,4.006993102132e+00,4.006993102132e+00,4.006993102132e+00,3.919218937250e+00,4.043371481792e+00,3.618687956738e+00,3.618687956738e+00,3.618687956738e+00,3.357106104684e+00
3.393939393939e+00,1.220340444659e+11,1.033416999054e+11,3.856970951608e+00,3.936298563366e+00,3.936298563366e+00,3.936298563366e+00,3.936298563366e+00,3.852079219631e+00,3.972557175096e+00,3.561090144560e+00,3.561090144560e+00,3.561090144560e+00,3.327507198757e+00
3.515151515152e+00,1.125562641095e+11,9.472532887697e+10,3.805141143033e+00,3.871335247480e+00,3.871335247480e+00,3.871335247480e+00,3.871335247480e+00,3.790400141194e+00,3.907481476360e+00,3.507559596403e+00,3.507559596403e+00,3.507559596403e+00,3.296876158752e+00
3.636363636364e+00,1.037978785371e+11,8.681270951418e+10,3.756231126221e+00,3.812020471507e+00,3.812020471507e+00,3.812020471507e+00,3.812020471507e+00,3.734105097558e+00,3.848071885661e+00,3.458838120617e+00,3.458838120617e+00,3.458838120617e+00,3.266372127188e+00
3.757575757576e+00,9.570641166801e+10,7.954836236367e+10,3.710313545491e+00,3.758251720541e+00,3.758251720541e+00,3.758251720541e+00,3.758251720541e+00,3.683098833176e+00,3.794234795951e+00,3.415578115737e+00,3.415578115737e+00,3.415578115737e+00,3.236664358114e+00
3.878787878788e+00,8.823292410056e+10,7.288079258161e+10,3.666415349330e+00,3.709903495895e+00,3.709903495895e+00,3.709903495895e+00,3.709903495895e+00,3.637264363397e+00,3.745852869623e+00,3.378333534188e+00,3.378333534188e+00,3.378333534188e+00,3.206158872954e+00
4.000000000000e+00,8.133181838300e+10,6.676241077177e+10,3.625385966465e+00,3.666824251548e+00,3.666824251548e+00,3.666824251548e+00,3.666824251548e+00,3.596459960856e+00,3.702781425673e+00,3.347550924639e+00,3.347550924639e+00,3.347550924639e+00,3.177099503526e+00
4.121212121212e+00,7.496064756482e+10,6.114928862856e+10,3.586023579509e+00,3.628833445941e+00,3.628833445941e+00,3.628833445941e+00,3.628833445941e+00,3.560516233559e+00,3.664845303540e+00,3.323560538885e+00,3.323560538885e+00,3.323560538885e+00,3.147268775903e+00
4.242424242424e+00,6.907992859173e+10,5.600074082723e+10,3.548965419313e+00,3.595718750624e+00,3.595718750624e+00,3.595718750624e+00,3.595718750624e+00,3.529233336896e+00,3.631836440179e+00,3.306567491927e+00,3.306567491927e+00,3.306567491927e+00,3.118424399715e+00
4.363636363636e+00,6.365296168919e+10,5.127929459877e+10,3.513690231041e+00,3.567233467233e+00,3.567233467233e+00,3.567233467233e+00,3.567233467233e+00,3.502378372221e+00,3.603510627098e+00,3.296642966027e+00,3.296642966027e+00,3.296642966027e+00,3.089734803655e+00
4.484848484848e+00,5.864565654677e+10,4.695028753773e+10,3.479797833718e+00,3.543094207367e+00,3.543094207367e+00,3.543094207367e+00,3.543094207367e+00,3.479683028155e+00,3.579585653596e+00,3.293715451305e+00,3.293715451305e+00,3.293715451305e+00,3.060578778073e+00
4.606060606061e+00,5.402636585058e+10,4.298185257412e+10,3.448182262229e+00,3.522978884375e+00,3.522978884375e+00,3.522978884375e+00,3.522978884375e+00,3.460841515780e+00,3.559738611813e+00,3.297562016763e+00,3.297562016763e+00,3.297562016763e+00,3.033311015547e+00
4.727272727273e+00,4.976572650051e+10,3.934451972293e+10,3.417261272369e+00,3.506525050822e+00,3.506525050822e+00,3.506525050822e+00,3.506525050822e+00,3.445508834341e+00,3.543604872516e+00,3.307799606778e+00,3.307799606778e+00,3.307799606778e+00,3.004492145622e+00
4.848484848485e+00,4.583650868323e+10,3.601122323422e+10,3.388407459392e+00,3.493328590951e+00,3.493328590951e+00,3.493328590951e+00,3.493328590951e+00,3.433299380444e+00,3.530776057450e+00,3.323876358951e+00,3.323876358951e+00,3.323876358951e+00,2.977607136068e+00
4.969696969697e+00,4.221347284168e+10,3.295702821507e+10,3.360699387487e+00,3.482942745247e+00,3.482942745247e+00,3.482942745247e+00,3.482942745247e+00,3.423785882384e+00,3.520799382626e+00,3.345062939953e+00,3.345062939953e+00,3.345062939953e+00,2.950675002995e+00
5.090909090909e+00,3.887323448042e+10,3.015895870325e+10,3.333578842428e+00,3.474877406627e+00,3.474877406627e+00,3.474877406627e+00,3.474877406627e+00,3.416498604672e+00,3.513177012518e+00,3.370443896557e+00,3.370443896557e+00,3.370443896557e+00,2.922527223130e+00
5.212121212121e+00,3.579413666873e+10,2.759587240028e+10,3.308588560106e+00,3.468598587614e+00,3.468598587614e+00,3.468598587614e+00,3.468598587614e+00,3.410924728460e+00,3.507365430417e+00,3.398909019557e+00,3.398909019557e+00,3.398909019557e+00,2.897137805829e+00
5.333333333333e+00,3.295613004434e+10,2.524837532332e+10,3.284301780646e+00,3.463527917487e+00,3.463527917487e+00,3.463527917487e+00,3.463527917487e+00,3.406507773964e+00,3.502774615225e+00,3.429144718624e+00,3.429144718624e+00,3.429144718624e+00,2.871180678786e+00
5.454545454545e+00,3.034066007755e+10,2.309859842057e+10,3.260529246483e+00,3.459041989087e+00,3.459041989087e+00,3.459041989087e+00,3.459041989087e+00,3.402646892278e+00,3.498767841566e+00,3.459625406488e+00,3.459625406488e+00,3.459625406488e+00,2.844315209030e+00
5.575757575758e+00,2.793056132420e+10,2.113011365064e+10,3.238409051919e+00,3.454471336656e+00,3.454471336656e+00,3.454471336656e+00,3.454471336656e+00,3.398695816153e+00,3.494660462224e+00,3.488604891104e+00,3.488604891104e+00,3.488604891104e+00,2.819559658137e+00
5.696969696970e+00,2.570995837519e+10,1.932785394445e+10,3.217130002079e+00,3.449098786369e+00,3.449098786369e+00,3.449098786369e+00,3.449098786369e+00,3.393961220095e+00,3.489717974972e+00,3.514107774649e+00,3.514107774649e+00,3.514107774649e+00,2.795016850152e+00
5.818181818182e+00,2.366417319662e+10,1.767795159006e+10,3.196310395684e+00,3.442156875403e+00,3.442156875403e+00,3.442156875403e+00,3.442156875403e+00,3.387700195176e+00,3.483153724345e+00,3.533920858386e+00,3.533920858386e+00,3.533920858386e+00,2.769825633444e+00
5.939393939394e+00,2.177963854847e+10,1.616771180494e+10,3.176226153692e+00,3.432823975639e+00,3.432823975639e+00,3.432823975639e+00,3.432823975639e+00,3.379116485511e+00,3.474124361813e+00,3.545584552607e+00,3.545584552607e+00,3.545584552607e+00,2.744804858301e+00
6.060606060606e+00,2.004381716736e+10,1.478542177782e+10,3.157578230040e+00,3.409980148991e+00,3.420218672408e+00,3.420615729973e+00,3.408848637934e+00,3.357447122857e+00,3.451227945936e+00,3.546384290933e+00,3.517071436420e+00,3.513835600389e+00,2.721903962435e+00
6.181818181818e+00,1.844512640154e+10,1.352039730589e+10,3.139336222441e+00,3.377158984691e+00,3.403391818553e+00,3.408294775127e+00,3.373869904122e+00,3.326101829625e+00,3.418075859121e+00,3.533341948411e+00,3.457711580953e+00,3.448257614963e+00,2.698542409162e+00
6.303030303030e+00,1.697286799114e+10,1.236276934684e+10,3.121471455506e+00,3.345844528810e+00,3.381315480470e+00,3.396513287568e+00,3.340529219147e+00,3.296192228685e+00,3.386440880356e+00,3.503207262891e+00,3.400322177119e+00,3.384970659158e+00,2.674724934913e+00
6.424242424242e+00,1.561716269454e+10,1.130353978192e+10,3.104217792959e+00,3.315940838278e+00,3.352867667088e+00,3.385242756888e+00,3.308720404231e+00,3.267626838366e+00,3.356226534783e+00,3.452449259268e+00,3.344806713003e+00,3.323858627849e+00,2.651154615337e+00
6.545454545455e+00,1.436888947067e+10,1.033441762483e+10,3.088203544418e+00,3.287359565006e+00,3.316811199689e+00,3.374456630392e+00,3.278345790622e+00,3.240321439915e+00,3.327344331307e+00,3.377247676210e+00,3.291074878256e+00,3.264813068970e+00,2.629605412620e+00
6.666666666667e+00,1.321962893783e+10,9.447813119926e+09,3.072525753767e+00,3.260019255018e+00,3.271764181313e+00,3.364130149921e+00,3.249315428047e+00,3.214198404290e+00,3.299712521230e+00,3.273484395071e+00,3.239042073857e+00,3.207732566142e+00,2.607742861302e+00
6.787878787879e+00,1.216161084093e+10,8.636758555911e+09,3.057163392388e+00,3.233844720244e+00,3.216157944659e+00,3.354240204515e+00,3.221546375549e+00,3.189186089108e+00,3.273255732002e+00,3.136734870705e+00,3.188628967649e+00,3.152522179927e+00,2.585573057081e+00
6.909090909091e+00,1.118766527094e+10,7.894885209383e+09,3.042097980586e+00,3.208766474709e+00,3.148175428628e+00,3.344765197183e+00,3.194962065349e+00,3.165218297759e+00,3.247904040718e+00,2.962259563954e+00,3.139761090750e+00,3.099092941337e+00,2.563105939062e+00
7.030303030303e+00,1.029117739266e+10,7.216353094273e+09,3.027950818442e+00,3.184720227870e+00,3.065657110968e+00,3.335684924242e+00,3.169491731489e+00,3.142233793622e+00,3.223592729029e+00,2.744995375609e+00,3.092368470512e+00,3.047361391981e+00,2.542102831833e+00
7.151515151515e+00,9.466045449282e+09,6.595780459470e+09,3.014440249919e+00,3.161646428736e+00,2.965948941307e+00,3.326980465894e+00,3.145069896040e+00,3.120175863228e+00,3.200262274341e+00,2.479547081662e+00,3.046385296230e+00,2.997249165949e+00,2.521863186449e+00
7.272727272727e+00,8.706641824507e+09,6.028253718704e+09,3.001199230046e+00,3.139489855179e+00,2.845635522799e+00,3.318634086842e+00,3.121635906516e+00,3.098991922924e+00,3.177857234238e+00,2.160178769703e+00,3.001749614234e+00,2.948682609071e+00,2.501433733821e+00
7.393939393939e+00,8.007776955164e+09,5.509289303573e+09,2.988214376976e+00,3.118199243482e+00,2.700011080395e+00,3.310629145903e+00,3.099133518892e+00,3.078633164279e+00,3.156325800019e+00,1.780805276324e+00,2.958403049407e+00,2.901592431726e+00,2.480825028483e+00
7.515151515152e+00,7.364665899033e+09,5.034755203455e+09,2.975472946091e+00,3.097726953803e+00,2.521803957095e+00,3.302950013701e+00,3.077510521273e+00,3.059054234010e+00,3.135620227964e+00,1.334983625422e+00,2.916290550483e+00,2.855913391805e+00,2.460045841990e+00
7.636363636364e+00,6.772897374199e+09,4.600878562222e+09,2.963261054044e+00,3.078028667689e+00,2.296801988581e+00,3.295581997604e+00,3.056718393873e+00,3.040212944719e+00,3.115695879905e+00,8.159044672887e-01,2.875360156792e+00,2.811584004838e+00,2.439938362982e+00
7.757575757576e+00,6.228405097358e+09,4.204194615712e+09,2.951835504868e+00,3.059063114262e+00,1.967091721806e+00,3.288511273196e+00,3.036712001435e+00,3.022070013158e+00,3.096511371700e+00,2.163835184082e-01,2.835562784380e+00,2.768546278587e+00,2.421270075250e+00
7.878787878788e+00,5.727441259134e+09,3.841544258993e+09,2.940635535414e+00,3.040791822063e+00,nan,3.281724821620e+00,3.017449314677e+00,3.004588823130e+00,3.078027818169e+00,-4.711469981187e-01,2.796852029644e+00,2.726745469763e+00,2.402516142414e+00
8.000000000000e+00,5.266551984762e+09,3.510022163598e+09,2.929651587219e+00,3.023178893888e+00,nan,3.275210372234e+00,2.998891157744e+00,2.987735210442e+00,3.060209211655e+00,-1.254646911593e+00,2.759183988841e+00,2.686129860732e+00,2.383684475206e+00
8.121212121212e+00,4.842554638188e+09,3.206969758849e+09,2.918872190127e+00,3.006190802274e+00,nan,3.268956350056e+00,2.981000978983e+00,2.971477267645e+00,3.043021907674e+00,-2.142476662235e+00,2.722517091979e+00,2.646650554328e+00,2.364775802663e+00
8.242424242424e+00,4.452516836945e+09,2.929966597786e+09,2.908286511214e+00,2.989796203500e+00,nan,3.262951827547e+00,2.963744642662e+00,2.955785166534e+00,3.026434075472e+00,-3.143405859262e+00,2.686811949789e+00,2.608261285089e+00,2.345791863954e+00
8.363636363636e+00,4.093737053922e+09,2.676778082204e+09,2.897992684032e+00,2.973965768279e+00,nan,3.257186480318e+00,2.947090239498e+00,2.940630996609e+00,3.010416460963e+00,-4.266621838560e+00,2.652031212575e+00,2.570918245404e+00,2.327040673162e+00
8.484848484848e+00,3.763726690487e+09,2.445376700771e+09,2.888487748644e+00,2.958672027441e+00,nan,3.251650546406e+00,2.931007914132e+00,2.925988617908e+00,2.994941125976e+00,-5.521738220001e+00,2.618139439891e+00,2.534579925219e+00,2.309967125766e+00
8.606060606061e+00,3.460193513244e+09,2.233890963129e+09,2.879161237895e+00,2.943889231157e+00,nan,3.246334788777e+00,2.915469707854e+00,2.911833526778e+00,2.979982392411e+00,-6.918803464440e+00,2.585102980081e+00,2.499206964090e+00,2.292867484690e+00
8.727272727273e+00,3.181026354110e+09,2.040618768317e+09,2.870004230552e+00,2.929593220361e+00,nan,3.241230460778e+00,2.900449415085e+00,2.898142733318e+00,2.965515819698e+00,-8.468309430425e+00,2.552889858834e+00,2.464762014477e+00,2.275741563600e+00
8.848484848485e+00,2.924280980346e+09,1.864004018566e+09,2.861010354308e+00,2.915761309201e+00,nan,3.236329274258e+00,2.885922452277e+00,2.884894649366e+00,2.951518369123e+00,-1.018119993064e+01,2.521469675956e+00,2.431209615314e+00,2.258595415886e+00
8.969696969697e+00,2.688167047694e+09,1.702611318298e+09,2.852171962391e+00,2.902372177461e+00,nan,3.231623370136e+00,2.871865738039e+00,2.872068986010e+00,2.937968871942e+00,-1.206887928813e+01,2.490813509683e+00,2.398516074960e+00,2.241428988276e+00
9.090909090909e+00,2.471036055913e+09,1.555142375114e+09,2.843483319725e+00,2.889405772011e+00,nan,3.227105291188e+00,2.858257583407e+00,2.859646659720e+00,2.924846769317e+00,-1.414322089229e+01,2.460893827885e+00,2.366649362727e+00,2.224248358215e+00
9.212121212121e+00,2.271370231711e+09,1.420395880666e+09,2.834937416769e+00,2.876843216431e+00,nan,3.222767956873e+00,2.845077591317e+00,2.847609706286e+00,2.912133334040e+00,-1.641657575470e+01,2.431684405596e+00,2.335579008266e+00,2.207053210277e+00
9.333333333333e+00,2.087772269456e+09,1.297282681508e+09,2.826995608661e+00,2.864666728059e+00,nan,3.218604640014e+00,2.832306564406e+00,2.835941201847e+00,2.899810453444e+00,-1.890178106471e+01,2.403160248345e+00,2.305276008155e+00,2.191186715217e+00
9.454545454545e+00,1.918955865047e+09,1.184800834623e+09,2.819321437511e+00,2.852859541772e+00,nan,3.214608945181e+00,2.819926420370e+00,2.824625190334e+00,2.887861351041e+00,-2.161216874502e+01,2.375297520828e+00,2.275712739103e+00,2.175705566334e+00
9.575757575758e+00,1.763736983003e+09,1.082039102092e+09,2.811780447609e+00,2.841405839898e+00,nan,3.210774788633e+00,2.807920114202e+00,2.813646616763e+00,2.876269895144e+00,-2.456157400693e+01,2.348073480475e+00,2.246862877216e+00,2.160241400981e+00
9.696969696970e+00,1.621025801202e+09,9.881593387467e+08,2.804368815570e+00,2.830290687691e+00,nan,3.207096379689e+00,2.796271566661e+00,2.802991265841e+00,2.865021144652e+00,-2.776434390560e+01,2.321466415540e+00,2.218701322851e+00,2.144806432210e+00
9.818181818182e+00,1.489819281755e+09,9.023984254597e+08,2.797080806316e+00,2.819499973886e+00,nan,3.203568203416e+00,2.784965598435e+00,2.792645705403e+00,2.854100761455e+00,-3.123534589515e+01,2.295455587355e+00,2.191204130611e+00,2.129385657058e+00
9.939393939394e+00,1.369194320302e+09,8.240565274655e+08,2.789911959231e+00,2.809020355879e+00,nan,3.200185004516e+00,2.773987869470e+00,2.782597234261e+00,2.843495327328e+00,-3.498997638361e+01,2.270021176415e+00,2.164348444070e+00,2.113988253240e+00
1.006060606061e+01,1.258301429519e+09,7.524931512994e+08,2.782859088162e+00,2.798839209128e+00,nan,3.196941772330e+00,2.763324823031e+00,2.772833834078e+00,2.833192211950e+00,-3.904416928788e+01,2.245144232016e+00,2.138112434863e+00,2.098619875743e+00
1.018181818182e+01,1.156358915943e+09,6.871259180052e+08,2.775917732491e+00,2.788944580412e+00,nan,3.193833726859e+00,2.752963634059e+00,2.763344124908e+00,2.823179178472e+00,-4.341440458849e+01,2.220806625165e+00,2.112475245811e+00,2.083281037767e+00
1.030303030303e+01,1.062647512216e+09,6.274193188298e+08,2.769084706066e+00,2.779325144608e+00,nan,3.190856305732e+00,2.742892161469e+00,2.754117324096e+00,2.813444901441e+00,-4.811771688432e+01,2.196991004520e+00,2.087416937765e+00,2.067975033046e+00
1.042424242424e+01,9.765054297325e+08,5.728858916113e+08,2.762785679094e+00,2.769970164702e+00,nan,3.188005152035e+00,2.733098904049e+00,2.745143208250e+00,2.803978440634e+00,-5.317170394729e+01,2.173680755135e+00,2.062918439890e+00,2.053940950816e+00
1.054545454545e+01,8.973237992664e+08,5.230781728229e+08,2.756649145990e+00,2.760869454748e+00,nan,3.185276102951e+00,2.723572959640e+00,2.736412078021e+00,2.794769611839e+00,-5.859453527693e+01,2.150859959805e+00,2.038961503140e+00,2.040119588472e+00
1.066666666667e+01,8.245424696105e+08,4.775888786902e+08,2.750613932591e+00,2.752013345537e+00,nan,3.182665179134e+00,2.714303987347e+00,2.727914725462e+00,2.785808550946e+00,-6.440496065488e+01,2.128513362820e+00,2.015528656681e+00,2.026345866080e+00
1.078787878788e+01,7.576461365188e+08,4.360446359023e+08,2.744676215512e+00,2.743392652752e+00,nan,3.180168574775e+00,2.705282172501e+00,2.719642403756e+00,2.777086014052e+00,-7.062231869941e+01,2.106626335953e+00,1.992603167043e+00,2.012619104136e+00
1.090909090909e+01,6.961607763446e+08,3.981038475629e+08,2.738832171369e+00,2.734998647397e+00,nan,3.177782648298e+00,2.696498194169e+00,2.711586799100e+00,2.768593275731e+00,-7.726654541979e+01,2.085184846529e+00,1.970168999824e+00,1.998938005701e+00
1.103030303030e+01,6.396503607053e+08,3.634560003030e+08,2.733079888468e+00,2.726823028334e+00,nan,3.175503913642e+00,2.687943194982e+00,2.703740004601e+00,2.760321788793e+00,-8.435818277068e+01,2.064175427420e+00,1.948210783730e+00,1.985307057012e+00
1.115151515152e+01,5.877138303150e+08,3.318153303877e+08,2.727414268964e+00,2.718857896737e+00,nan,3.173329032098e+00,2.679608753117e+00,2.696094495996e+00,2.752263723724e+00,-9.191838720647e+01,2.043585148842e+00,1.926713776822e+00,1.971720298098e+00
1.127272727273e+01,5.399823077882e+08,3.029221934560e+08,2.721834038393e+00,2.711095732331e+00,nan,3.171254804641e+00,2.671486856234e+00,2.688643109057e+00,2.744411383440e+00,-9.996893823553e+01,2.023401591817e+00,1.905663834784e+00,1.958183084828e+00
1.139393939394e+01,4.961165307679e+08,2.765389010416e+08,2.716334736141e+00,2.703529371259e+00,nan,3.169278164738e+00,2.663569877239e+00,2.681379018562e+00,2.736757493838e+00,-1.085322469745e+02,2.003612823193e+00,1.885047381096e+00,1.944691072002e+00
1.151515151515e+01,4.558044881583e+08,2.524476974126e+08,2.710914450514e+00,2.696151985459e+00,nan,3.167396171592e+00,2.655850551711e+00,2.674295718693e+00,2.729295237176e+00,-1.176313647025e+02,1.984207372121e+00,1.864851378963e+00,1.931246566811e+00
1.163636363636e+01,4.187592435691e+08,2.304501998695e+08,2.705569995358e+00,2.688957063438e+00,nan,3.165606003785e+00,2.648321956866e+00,2.667387004755e+00,2.722017994548e+00,-1.272899914152e+02,1.965174207880e+00,1.845063304889e+00,1.917848229326e+00
1.175757575758e+01,3.847169313000e+08,2.103651097211e+08,2.700644200873e+00,2.681938392323e+00,nan,3.163904953314e+00,2.640977491950e+00,2.660646956121e+00,2.714919449412e+00,-1.375324843793e+02,1.946502718969e+00,1.825671123786e+00,1.905485053142e+00
1.187878787879e+01,3.534349113271e+08,1.920263501502e+08,2.695836931326e+00,2.675090041106e+00,nan,3.162290419961e+00,2.633810859939e+00,2.654069920305e+00,2.707993682899e+00,-1.483838666863e+02,1.928182693378e+00,1.806663265510e+00,1.893302401835e+00
1.200000000000e+01,3.246900708011e+08,1.752826337826e+08,2.691101031634e+00,2.668406344980e+00,nan,3.160759906007e+00,2.626816050452e+00,2.647650498079e+00,2.701234929244e+00,-1.598698358067e+02,1.910204299967e+00,1.788028602734e+00,1.881171760942e+00
