z,mass_track_M0_1e+03_msun,mass_track_M0_1e+06_msun,mass_track_M0_1e+09_msun,mass_track_M0_1e+12_msun,concentration_M0_1e+03,concentration_M0_1e+06,concentration_M0_1e+09,concentration_M0_1e+12
0.000000000000000000e+00,1.000000000000000000e+03,1.000000000000000000e+06,1.000000000000000000e+09,1.000000000000000000e+12,3.580078437781865119e+01,2.167883556948028811e+01,1.327535361700839367e+01,7.921727580839963423e+00
2.999999999999999889e-02,9.958613302133022671e+02,9.939746445663020713e+05,9.908278034547024965e+08,9.852303780722309570e+11,3.527761989228640260e+01,2.138297944957790975e+01,1.311554680637339843e+01,7.851776239462687101e+00
5.999999999999999778e-02,9.916825408760887512e+02,9.878865441145991208e+05,9.815912343514103889e+08,9.704723935941580811e+11,3.475848472184337368e+01,2.108937945770225042e+01,1.295692440535259138e+01,7.782304859561453902e+00
8.999999999999999667e-02,9.874674639694355847e+02,9.817427947349956958e+05,9.723018850907123089e+08,9.557434563982001953e+11,3.424386993856906258e+01,2.079830959363090415e+01,1.279963254991882593e+01,7.713377473249058092e+00
1.199999999999999956e-01,9.832196225999820172e+02,9.755499173115262529e+05,9.629703657150931358e+08,9.410592647109741211e+11,3.373421154232021735e+01,2.051001317146796055e+01,1.264380111974386622e+01,7.645051251139752146e+00
1.499999999999999944e-01,9.789422625492107954e+02,9.693139149941244395e+05,9.536063999293091297e+08,9.264339726476983643e+11,3.322989223403146042e+01,2.022470375342681592e+01,1.248954418136052524e+01,7.577376619462145690e+00
1.799999999999999933e-01,9.746383798613182989e+02,9.630403235890439246e+05,9.442189096030566692e+08,9.118803383076149902e+11,3.273124344036965283e+01,1.994256623348812596e+01,1.233696051975089780e+01,7.510397427103487900e+00
2.099999999999999922e-01,9.703107450554932711e+02,9.567342559004806681e+05,9.348160894016021490e+08,8.974098551525799561e+11,3.223854754269972744e+01,1.966375804347610412e+01,1.218613424274729873e+01,7.444151154612291599e+00
2.399999999999999911e-01,9.659619244494342638e+02,9.504004408834892092e+05,9.254054729190745354e+08,8.830328689201317139e+11,3.175204026464550466e+01,1.938841045496423732e+01,1.203713544319531792e+01,7.378669157546263513e+00
2.700000000000000178e-01,9.615942990006315085e+02,9.440432583279516548e+05,9.159939914683382511e+08,8.687586819698314209e+11,3.127191317483141475e+01,1.911662995181792013e+01,1.189002090465880634e+01,7.313976937013157986e+00
2.999999999999999889e-01,9.572100810064783900e+02,9.376667696787356399e+05,9.065880265004836321e+08,8.545956466716436768e+11,3.079831626449857396e+01,1.884849965001566829e+01,1.174483483750202062e+01,7.250094430800428036e+00
3.299999999999999600e-01,9.528113289506131878e+02,9.312747455030245474e+05,8.971934564780131578e+08,8.405512492053248291e+11,3.033136056342905817e+01,1.858408074357036455e+01,1.160160963341755469e+01,7.187036319109107119e+00
3.599999999999999867e-01,9.483999607386944035e+02,9.248706900381064042e+05,8.878156989025721550e+08,8.266321849405252686e+11,2.987112076181603015e+01,1.832341395780532878e+01,1.146036662783371263e+01,7.124812339580889109e+00
3.900000000000000133e-01,9.439777655302323183e+02,9.184578631884941133e+05,8.784597480955898762e+08,8.128444264009907227e+11,2.941763781023038504e+01,1.806652099384183430e+01,1.132111686108782145e+01,7.063427607017326082e+00
4.199999999999999845e-01,9.395464143426960391e+02,9.120393002875884995e+05,8.691302092446570396e+08,7.991932846767910156e+11,2.897092147452211108e+01,1.781340595085121947e+01,1.118386183075347340e+01,7.002882933919922337e+00
4.499999999999999556e-01,9.351074695787275459e+02,9.056178298942326801e+05,8.598313291567142010e+08,7.856834650310938721e+11,2.853095282593201532e+01,1.756405671460445106e+01,1.104859422861491325e+01,6.943175148524262319e+00
4.799999999999999822e-01,9.306623936060149163e+02,8.991960898568157572e+05,8.505670240987297297e+08,7.723191173487486572e+11,2.809768666067252596e+01,1.731844630885484904e+01,1.091529866020602668e+01,6.884297409090523345e+00
5.100000000000000089e-01,9.262125565014803215e+02,8.927765418458200293e+05,8.413409050554969311e+08,7.591038819897215576e+11,2.767105381998269920e+01,1.707653419281851370e+01,1.078395233753137816e+01,6.826239509842236153e+00
5.400000000000000355e-01,9.217592430562979189e+02,8.863614845288282959e+05,8.321563006908757687e+08,7.460409315386840820e+11,2.725096343295232160e+01,1.683826751733455040e+01,1.065452575175887873e+01,6.768988181504393964e+00
5.699999999999999512e-01,9.173036591254530094e+02,8.799530655391735490e+05,8.230162782619359493e+08,7.331330088807500000e+11,2.683730506180084419e+01,1.660358232796017219e+01,1.052698331928320208e+01,6.712527383183594765e+00
5.999999999999999778e-01,9.128469373946346650e+02,8.735532923699744279e+05,8.139236627039802074e+08,7.203824619807705078e+11,2.642995076193173887e+01,1.637240472191821183e+01,1.040128400486097604e+01,6.656838587156160614e+00
6.300000000000000044e-01,9.083901426279608131e+02,8.671640423086645314e+05,8.048810540774294138e+08,7.077912756983575439e+11,2.602875706372991260e+01,1.614465196277597059e+01,1.027738192386264870e+01,6.601901057381161841e+00
6.599999999999999201e-01,9.039342764520524725e+02,8.607870715128761949e+05,7.958908435443670750e+08,6.953611009317591553e+11,2.563356688848941189e+01,1.592023355985324962e+01,1.015522692742381672e+01,6.547692123382709894e+00
6.899999999999999467e-01,8.994802817251538727e+02,8.544240233162620571e+05,7.869552280225286484e+08,6.830932813499132080e+11,2.524421141482746833e+01,1.569905232164836484e+01,1.003476517556088332e+01,6.494187451753853146e+00
7.199999999999999734e-01,8.950290465340789297e+02,8.480764358422757359e+05,7.780762236472387314e+08,6.709888779426596680e+11,2.486051191582162190e+01,1.548100539481472282e+01,9.915939704571696822e+00,6.441361318121177071e+00
7.500000000000000000e-01,8.905814078566983198e+02,8.417457489947698778e+05,7.692556781567902565e+08,6.590486915935487061e+11,2.448228159087299005e+01,1.526598530240055140e+01,9.798690996261120389e+00,6.389186882966247261e+00
7.800000000000000266e-01,8.861381549232644375e+02,8.354333108863343950e+05,7.604952823037328720e+08,6.472732838573840332e+11,2.410932741988170847e+01,1.505388099714053141e+01,9.682957557691770134e+00,6.337636475213369813e+00
8.099999999999999423e-01,8.817000323060466371e+02,8.291403837584030116e+05,7.517965803831650019e+08,6.356629961051253662e+11,2.374145207058410989e+01,1.484457894748327433e+01,9.568676521216412212e+00,6.286681887936994784e+00
8.399999999999999689e-01,8.772677427634254173e+02,8.228681494411281310e+05,7.431609799591916800e+08,6.242179671816585693e+11,2.337845589263010027e+01,1.463796427562722968e+01,9.455784275430737296e+00,6.236294690878914082e+00
8.699999999999999956e-01,8.728419498616834744e+02,8.166177143957720837e+05,7.345897608620208502e+08,6.129381497068839111e+11,2.302013903384179727e+01,1.443392196792963489e+01,9.344217138285470625e+00,6.186446564639248358e+00
8.999999999999999112e-01,8.684232803951924780e+02,8.103901143777569523e+05,7.260840835205146074e+08,6.018233251373033447e+11,2.266630371462125737e+01,1.423233817837767567e+01,9.233912083763728518e+00,6.137109661339993139e+00
9.299999999999999378e-01,8.640123266234708126e+02,8.041863187544629909e+05,7.176449966883084774e+08,5.908731176935639648e+11,2.231675669503695048e+01,1.403310164500546975e+01,9.124807533059492215e+00,6.088256996156076184e+00
9.599999999999999645e-01,8.596096483416275760e+02,7.980072345083211549e+05,7.092734446156717539e+08,5.800870072490410156e+11,2.197131196490328975e+01,1.383610523673734249e+01,9.016844219825662421e+00,6.039862873242211272e+00
9.899999999999999911e-01,8.552157747989857626e+02,7.918537099525936646e+05,7.009702737140477896e+08,5.694643412653242188e+11,2.162979367919948714e+01,1.364124764357438835e+01,8.909966136481413557e+00,5.991903348108865046e+00
1.020000000000000018e+00,8.508312064791609828e+02,7.857265381844737567e+05,6.927362387555742264e+08,5.590043458523001709e+11,2.129203934834587386e+01,1.344843521567977795e+01,8.804121564424452373e+00,5.944356726259610646e+00
1.050000000000000044e+00,8.464564167535289698e+02,7.796264602976815077e+05,6.845720086457678080e+08,5.487061360232179565e+11,2.095790327403710052e+01,1.325758394610565460e+01,8.699264184923707788e+00,5.897204094742557245e+00
1.080000000000000071e+00,8.420918534188223248e+02,7.735541683745508781e+05,6.764781718038936853e+08,5.385687252086307373e+11,2.062726019554288470e+01,1.306862157707660188e+01,8.595354259161602783e+00,5.850429879074831696e+00
1.109999999999999876e+00,8.377379401285461427e+02,7.675103082756754011e+05,6.684552411822912693e+08,5.285910340872763062e+11,2.030000907808091881e+01,1.288148979058295573e+01,8.492359855183414297e+00,5.804022412735850622e+00
1.139999999999999902e+00,8.333950777269618584e+02,7.614954822434553644e+05,6.605036589530067444e+08,5.187718987867592163e+11,1.997607693430677855e+01,1.269614642069097066e+01,8.390258086487390798e+00,5.757974500198311141e+00
1.169999999999999929e+00,8.290636454935551001e+02,7.555102513343540486e+05,6.526238008874975443e+08,5.091100785022174072e+11,1.965542252369552756e+01,1.251256759833194110e+01,8.289036312160117603e+00,5.712283947590131916e+00
1.199999999999999956e+00,8.247440023051567550e+02,7.495551376933001447e+05,6.448159804528352022e+08,4.996042625769528809e+11,1.933803972591484666e+01,1.233074971128652741e+01,8.188693232899451502e+00,5.666954028147507927e+00
1.229999999999999982e+00,8.204364877222217274e+02,7.436306266824461054e+05,6.370804526457560062e+08,4.902530770852272949e+11,1.902396033864323499e+01,1.215071103575974298e+01,8.089239802727966833e+00,5.621993843538508173e+00
1.260000000000000009e+00,8.161414230051748291e+02,7.377371688753920607e+05,6.294174175840276480e+08,4.810550909540151367e+11,1.871325601530902816e+01,1.197249287573997023e+01,7.990699865140824087e+00,5.577418538126810432e+00
1.290000000000000036e+00,8.118591120661984633e+02,7.318751819269992411e+05,6.218270238729187250e+08,4.720088216574201050e+11,1.840603904327383589e+01,1.179616003763875831e+01,7.893110417856139094e+00,5.533249322731536246e+00
1.319999999999999840e+00,8.075898423613592740e+02,7.260450523280273192e+05,6.143093717630347013e+08,4.631127405146859741e+11,1.810246167793840399e+01,1.162180047620428880e+01,7.796521415397548616e+00,5.489513268841117011e+00
1.349999999999999867e+00,8.033338857275393821e+02,7.202471370530343847e+05,6.068645161144183874e+08,4.543652776202030640e+11,1.780271380147100402e+01,1.144952397820914847e+01,7.700995036090735546e+00,5.446242844636341118e+00
1.379999999999999893e+00,7.990914991682464006e+02,7.144817651092535816e+05,5.994924691805706024e+08,4.457648264316307983e+11,1.750701877057704436e+01,1.127945980537182535e+01,7.606604371004156206e+00,5.403475180905584097e+00
1.409999999999999920e+00,7.948629255920344576e+02,7.087492389935154933e+05,5.921932032249239683e+08,4.373097480401757202e+11,1.721562745335154077e+01,1.111175329590023786e+01,7.513431536015621859e+00,5.361251077201259818e+00
1.439999999999999947e+00,7.906483945069491028e+02,7.030498360636929283e+05,5.849666529812970161e+08,4.289983751451784058e+11,1.692881061955402089e+01,1.094656151849041592e+01,7.421565260869645186e+00,5.319613784255761146e+00
1.469999999999999973e+00,7.864481226741165756e+02,6.973838098306178581e+05,5.778127179689216614e+08,4.208290157534405518e+11,1.664685002175179562e+01,1.078404817214939193e+01,7.331098064377758128e+00,5.278607624364323847e+00
1.500000000000000000e+00,7.822623147233555301e+02,6.917513911759289913e+05,5.707312646718105078e+08,4.127999566221607666e+11,1.637002866070014306e+01,1.062437801488550448e+01,7.242123174441192468e+00,5.238276533011680058e+00
1.530000000000000027e+00,7.780911637334404531e+02,6.861527895008814521e+05,5.637221285914635658e+08,4.049094664629083862e+11,1.609862083990694259e+01,1.046771116849183514e+01,7.154731386648967906e+00,5.198662618413326442e+00
1.560000000000000053e+00,7.739348517794393274e+02,6.805881938107465394e+05,5.567851161812239885e+08,3.971557989227686157e+11,1.583288265954875307e+01,1.031419767266930343e+01,7.069008068833326774e+00,5.159804837885153539e+00
1.589999999999999858e+00,7.697935504493574399e+02,6.750577737390644616e+05,5.499200066699576378e+08,3.895371953575830688e+11,1.557304356774042375e+01,1.016397264324528393e+01,6.985030507725553228e+00,5.121737879993459863e+00
1.619999999999999885e+00,7.656674213321417710e+02,6.695616805156917544e+05,5.431265537821559906e+08,3.820518874111248169e+11,1.531929948093508287e+01,1.001715232815296908e+01,6.902865758952365205e+00,5.084491320530337255e+00
1.649999999999999911e+00,7.615566164789375989e+02,6.641000478822782170e+05,5.364044873610340953e+08,3.746980994130353394e+11,1.507180782220306270e+01,9.873831261075752153e+00,6.822569108713106623e+00,5.048089091850371801e+00
1.679999999999999938e+00,7.574612788393478695e+02,6.586729929585320642e+05,5.297535149007145762e+08,3.674740506074332886e+11,1.483068463335198217e+01,9.734080601795584542e+00,6.744183193353372019e+00,5.012549273630517277e+00
1.709999999999999964e+00,7.533815426743124135e+02,6.532806170623908984e+05,5.231733229931414723e+08,3.603779572232530518e+11,1.459600372460493745e+01,9.597947641756176651e+00,6.667737761464862523e+00,4.977884183510354887e+00
1.739999999999999991e+00,7.493175339470968765e+02,6.479230064869750058e+05,5.166635786949713230e+08,3.534080343965949707e+11,1.436779766065754060e+01,9.465456358594058983e+00,6.593250010679918560e+00,4.944100722319554997e+00
1.770000000000000018e+00,7.452693706937812976e+02,6.426002332369963406e+05,5.102239308193073273e+08,3.465624979546511841e+11,1.414606026269103189e+01,9.336608834940976820e+00,6.520725393801458658e+00,4.911200913135050250e+00
1.799999999999999822e+00,7.412371633745217423e+02,6.373123557271033060e+05,5.038540111568098664e+08,3.398395660701085815e+11,1.393075023999717388e+01,9.211387319075200253e+00,6.450158768682922705e+00,4.879182566898540685e+00
1.829999999999999849e+00,7.372210152067819990e+02,6.320594194444621680e+05,4.975534356303943396e+08,3.332374607943186035e+11,1.372179555003615192e+01,9.089756696708228390e+00,6.381535762529910727e+00,4.848040008896838948e+00
1.859999999999999876e+00,7.332210224816305981e+02,6.268414575777152786e+05,4.913218053874458075e+08,3.267544094769666748e+11,1.351909811259502447e+01,8.971667158915735740e+00,6.314834230924012637e+00,4.817764808175363456e+00
1.889999999999999902e+00,7.292372748641325870e+02,6.216584916143072769e+05,4.851587078332064152e+08,3.203886460794470215e+11,1.332253855704237111e+01,8.857056882202352099e+00,6.250025709939465379e+00,4.788346463357723515e+00
1.919999999999999929e+00,7.252698556787851203e+02,6.165105319080319023e+05,4.790637176087513566e+08,3.141384123886685181e+11,1.313198076721032592e+01,8.745854586163154920e+00,6.187076787829755453e+00,4.759773013334305247e+00
1.949999999999999956e+00,7.213188421808855537e+02,6.113975782185258577e+05,4.730363975167385936e+08,3.080019591375775757e+11,1.294727601746144607e+01,8.637981851271577582e+00,6.125950333156560568e+00,4.732031549212862842e+00
1.979999999999999982e+00,7.173843058146542262e+02,6.063196202243205626e+05,4.670762993979111314e+08,3.019775470382622681e+11,1.276826663765931258e+01,8.533355162332396660e+00,6.066606562224034604e+00,4.705108624156082442e+00
2.009999999999999787e+00,7.134663124588820438e+02,6.012766380109526217e+05,4.611829649611323476e+08,2.960634477331264648e+11,1.259478912780635085e+01,8.431887633708496921e+00,6.009003924241486772e+00,4.678990558454711568e+00
2.040000000000000036e+00,7.095649226608181834e+02,5.962686025355380261e+05,4.553559265695616007e+08,2.902579446692644043e+11,1.242667673417883556e+01,8.333490424817547648e+00,5.953099811514136697e+00,4.653663649345944897e+00
2.069999999999999840e+00,7.056801918589688967e+02,5.912954760691182455e+05,4.495947079854056239e+08,2.845593339008380127e+11,1.226376151622237742e+01,8.238073864461663121e+00,5.898851107616548184e+00,4.629114297875040585e+00
2.100000000000000089e+00,7.018121705954276877e+02,5.863572126180068590e+05,4.438988250755291581e+08,2.789659248239511108e+11,1.210587595641424663e+01,8.145548315668854400e+00,5.846214593605647991e+00,4.605329067787233832e+00
2.129999999999999893e+00,6.979609047183241728e+02,5.814537583252810873e+05,4.382677864800686240e+08,2.734760408482321472e+11,1.195285417620323898e+01,8.055824818839559143e+00,5.795147235457064561e+00,4.582294692163345395e+00
2.160000000000000142e+00,6.941264355749357264e+02,5.765850518534955336e+05,4.327010942460535169e+08,2.680880200090703125e+11,1.180453282441861518e+01,7.968815552653315315e+00,5.745606376485747013e+00,4.559998042948290475e+00
2.189999999999999947e+00,6.903088001959714575e+02,5.717510247496219818e+05,4.271982444279231429e+08,2.628002155242053833e+11,1.166075170236907255e+01,7.884434150665541985e+00,5.697549857268401574e+00,4.538426077066095132e+00
2.219999999999999751e+00,6.865080314715077066e+02,5.669516017931611277e+05,4.217587276567064524e+08,2.576109962981374207e+11,1.152135418413842061e+01,7.802595907930630403e+00,5.650936083168555335e+00,4.517565770817657977e+00
2.250000000000000000e+00,6.827241583190215124e+02,5.621867013283096021e+05,4.163820296795315146e+08,2.525187473776141663e+11,1.138618748288617510e+01,7.723217907242134750e+00,5.605724056508994302e+00,4.497404052005898656e+00
2.279999999999999805e+00,6.789572058439438251e+02,5.574562355810176814e+05,4.110676318710279465e+08,2.475218703612493286e+11,1.125510280547326225e+01,7.646219089391332879e+00,5.561873387155914727e+00,4.477927736949915527e+00
2.310000000000000053e+00,6.752071954931245727e+02,5.527601109617125476e+05,4.058150117180919051e+08,2.426187837661396179e+11,1.112795542931063686e+01,7.571520286719978898e+00,5.519344292074287672e+00,4.459123477396698121e+00
2.339999999999999858e+00,6.714741452015788354e+02,5.480982283544274978e+05,4.006236432794026136e+08,2.378079233541754761e+11,1.100460472753806229e+01,7.499044234520884977e+00,5.478097591486633000e+00,4.440977720423147979e+00
2.370000000000000107e+00,6.677580695328634874e+02,5.434704833930238383e+05,3.954929976209927797e+08,2.330877424205751038e+11,1.088491416181062554e+01,7.428715570718181560e+00,5.438094706734605488e+00,4.423476682803626936e+00
2.399999999999999911e+00,6.640589798134094508e+02,5.388767667251558742e+05,3.904225432291043401e+08,2.284567120470225220e+11,1.076875125625234197e+01,7.360460830829045342e+00,5.399297662858965730e+00,4.406606340023318857e+00
2.429999999999999716e+00,6.603768842611135597e+02,5.343169642645922722e+05,3.854117464014869332e+08,2.239133213216427002e+11,1.065598756154814630e+01,7.294208442480224264e+00,5.361669097282260488e+00,4.390352429141506363e+00
2.459999999999999964e+00,6.567117881084845976e+02,5.297909574324674904e+05,3.804600716182349324e+08,2.194560775279204407e+11,1.054649861462096538e+01,7.229888721684726072e+00,5.325172274772516090e+00,4.374700464027520219e+00
2.489999999999999769e+00,6.530636937206105586e+02,5.252986233880107757e+05,3.755669818931950331e+08,2.150835063045378418e+11,1.044016389675754652e+01,7.167433871599962814e+00,5.289771108035351332e+00,4.283487477136329602e+00
2.520000000000000018e+00,6.494326007082036085e+02,5.208398352492605918e+05,3.707319391069161892e+08,2.107941517779920959e+11,1.033686679125898245e+01,7.106777983497313933e+00,5.255430182766352765e+00,4.273649633668082259e+00
2.549999999999999822e+00,6.458185060359652425e+02,5.164144623042512685e+05,3.659544043220680952e+08,2.065865766697463684e+11,1.023649454054597996e+01,7.047857039077744190e+00,5.222114785732406617e+00,4.264063231196896453e+00
2.580000000000000071e+00,6.422214041264996922e+02,5.120223702131274040e+05,3.612338380821927190e+08,2.024593623795594482e+11,1.013893820199867513e+01,6.990608912976899347e+00,5.189790934378992304e+00,4.254727902302454901e+00
2.609999999999999876e+00,6.386412869599871556e+02,5.076634212016179808e+05,3.565697006946164966e+08,1.984111090465486450e+11,1.004409260152440275e+01,6.934973374232691334e+00,5.158425406525553925e+00,4.245642353755807008e+00
2.639999999999999680e+00,6.350781441698225080e+02,5.033374742462759023e+05,3.519614524982982874e+08,1.944404355894449158e+11,9.951856283813636850e+00,6.880892085568579120e+00,5.127985768866542671e+00,4.236804470153503033e+00
2.669999999999999929e+00,6.315319631344081017e+02,4.990443852518711356e+05,3.474085541173520684e+08,1.905459797274179077e+11,9.862131458373216475e+00,6.828308599518797983e+00,5.098440403203043481e+00,4.228211414290978354e+00
2.699999999999999734e+00,6.280027290652842566e+02,4.947840072212998057e+05,3.429104667009415030e+08,1.867263979827670288e+11,9.774823940645601894e+00,6.777168350643058226e+00,5.069758529559773130e+00,4.219859723014952380e+00
2.729999999999999982e+00,6.244904250917638819e+02,4.905561904183562146e+05,3.384666521502047777e+08,1.829803656666978760e+11,9.689843087783330589e+00,6.727418643315067115e+00,5.041910225573071891e+00,4.211745397622689957e+00
2.759999999999999787e+00,6.209950323422391421e+02,4.863607825236921781e+05,3.340765733328399658e+08,1.793065768493377075e+11,9.607101728909555050e+00,6.679008634798345057e+00,5.014866441752001691e+00,4.203863988167428900e+00
2.790000000000000036e+00,6.175165300223047780e+02,4.821976287842754973e+05,3.297396942859399915e+08,1.757037443150701599e+11,9.526516089937132392e+00,6.631889313529747199e+00,4.988599012407825661e+00,4.196210671281228599e+00
2.819999999999999840e+00,6.140548954898504235e+02,4.780665721566400025e+05,3.254554804076436162e+08,1.721705995042147522e+11,9.448005713224723934e+00,6.586013472707423766e+00,4.963080662211750926e+00,4.188780321338254176e+00
2.850000000000000089e+00,6.106101043272540210e+02,4.739674534442055156e+05,3.212233986381329298e+08,1.687058924420103760e+11,9.371493372513173270e+00,6.541335679422436655e+00,4.938285008475283178e+00,4.181567574954654809e+00
2.879999999999999893e+00,6.071821304108085542e+02,4.699001114289309480e+05,3.170429176304875016e+08,1.653083916558128967e+11,9.296904983707007020e+00,6.497812239681453939e+00,4.914186559352441641e+00,4.174566888958471722e+00
2.909999999999999698e+00,6.037709459775023788e+02,4.658643829975517583e+05,3.129135079118726254e+08,1.619768840813599548e+11,9.224169512147607719e+00,6.455401159744460493e+00,4.890760708240688537e+00,4.167772592068003767e+00
2.939999999999999947e+00,6.003765216892741137e+02,4.618601032626390224e+05,3.088346420355215073e+08,1.587101749589109192e+11,9.153218877069283721e+00,6.414062104249393492e+00,4.867983724710563287e+00,4.161178930593838032e+00
2.969999999999999751e+00,5.969988266948483897e+02,4.578871056787070120e+05,3.048057947239429355e+08,1.555070877200201721e+11,9.083987853944586632e+00,6.373756351619710436e+00,4.845832742326588338e+00,4.154780108532425409e+00
3.000000000000000000e+00,5.936378286892593223e+02,4.539452221535808058e+05,3.008264430037679076e+08,1.523664638656607666e+11,9.016413975414293347e+00,6.334446747254895094e+00,4.824285743737104504e+00,4.148570322451669234e+00
3.029999999999999805e+00,5.902934939711631159e+02,4.500342831552321441e+05,2.968960663326277733e+08,1.492871628363736572e+11,8.950437431468264649e+00,6.296097654992583337e+00,4.803321543412175210e+00,4.142543791585238999e+00
3.060000000000000053e+00,5.869657874980300676e+02,4.461541178142734570e+05,2.930141467184344530e+08,1.462680618750774231e+11,8.886000969499436408e+00,6.258674907307909763e+00,4.782919768399453986e+00,4.136694783555590504e+00
3.089999999999999858e+00,5.836546729393106716e+02,4.423045540222974960e+05,2.891801688314201832e+08,1.433080558831394348e+11,8.823049794800168044e+00,6.222145754684271779e+00,4.763060837450813878e+00,4.131017636138949456e+00
3.120000000000000107e+00,5.803601127276592706e+02,4.384854185262356186e+05,2.853936201092712879e+08,1.404060572702728882e+11,8.761531472010965160e+00,6.186478814552859973e+00,4.743725938849914670e+00,4.125506775471316168e+00
3.149999999999999911e+00,5.770820681082948340e+02,4.346965370189040550e+05,2.816539908556795716e+08,1.375609957987914124e+11,8.701395827970230812e+00,6.151644020158538950e+00,4.724897007244704739e+00,4.120156731075049983e+00
3.179999999999999716e+00,5.738204991865802640e+02,4.309377342258952558e+05,2.779607743326146603e+08,1.347718184227238770e+11,8.642594856351733412e+00,6.117612569668520628e+00,4.706556699760792384e+00,4.114962148062517144e+00
3.209999999999999964e+00,5.705753649738901458e+02,4.272088339889673516e+05,2.743134668466101289e+08,1.320374891222615356e+11,8.585082624416470409e+00,6.084356875799596942e+00,4.688688371642729891e+00,4.109917796848095328e+00
3.239999999999999769e+00,5.673466234318393617e+02,4.235096593460768345e+05,2.707115678293403387e+08,1.293569887339823914e+11,8.528815182148596463e+00,6.051850516200329544e+00,4.671276051641837235e+00,4.105018580673585937e+00
3.270000000000000018e+00,5.641342315149380511e+02,4.198400326081879903e+05,2.671545799127513468e+08,1.267293147772712860e+11,8.473750473991676913e+00,6.020068184787287890e+00,4.654304417341409206e+00,4.100259541225732995e+00
3.299999999999999822e+00,5.609381452117365825e+02,4.161997754329969175e+05,2.636420089989984035e+08,1.241534812773321686e+11,8.419848253353251266e+00,5.988985644199911640e+00,4.637758770584222923e+00,4.095635862598640209e+00
3.330000000000000071e+00,5.577583195845236332e+02,4.125887088956898078e+05,2.601733643254299462e+08,1.216285185851616669e+11,8.367070000001424646e+00,5.958579679506842197e+00,4.621625013142763194e+00,4.091142873828997217e+00
3.359999999999999876e+00,5.545947088076298996e+02,4.090066535568579566e+05,2.567481585248472393e+08,1.191534731948349915e+11,8.315378840438382824e+00,5.928828053267978682e+00,4.605889622750245493e+00,4.086776050208348998e+00
3.389999999999999680e+00,5.514472662043983746e+02,4.054534295276824851e+05,2.533659076812568605e+08,1.167274075584325714e+11,8.264739471301348672e+00,5.899709462031070828e+00,4.590539629590236537e+00,4.082531013554548949e+00
3.419999999999999929e+00,5.483159442828701913e+02,4.019288565324985539e+05,2.500261313813255727e+08,1.143493998989168549e+11,8.215118085811743853e+00,5.871203494319061633e+00,4.575562593324342231e+00,4.078403531603995269e+00
3.449999999999999734e+00,5.452006947702371917e+02,3.984327539688433171e+05,2.467283527617360353e+08,1.120185440212495270e+11,8.166482303267834197e+00,5.843290590144858854e+00,4.560946580721258137e+00,4.074389516667382694e+00
3.479999999999999982e+00,5.421014686461087422e+02,3.949649409650844173e+05,2.434720985526314676e+08,1.097339491220232544e+11,8.118801101554609545e+00,5.815952002073127680e+00,4.546680143936046470e+00,4.070485023674494940e+00
3.509999999999999787e+00,5.390182161746403153e+02,3.915252364357293700e+05,2.402568991173329353e+08,1.074947395978639374e+11,8.072044752626702291e+00,5.789169757834427443e+00,4.532752299476141111e+00,4.066686247717985481e+00
3.540000000000000036e+00,5.359508869355637444e+02,3.881134591344998335e+05,2.370822884884994924e+08,1.053000548528450775e+11,8.026184760905321625e+00,5.762926624484487448e+00,4.519152507879510061e+00,4.062989521191989084e+00
3.569999999999999840e+00,5.328994298541663284e+02,3.847294277052653488e+05,2.339478044008980989e+08,1.031490491051404114e+11,7.981193804518520452e+00,5.737206074091565355e+00,4.505870654121301833e+00,4.059391310608855719e+00
3.599999999999999645e+00,5.298637932302527815e+02,3.813729607309121639e+05,2.308529883209396303e+08,1.010408911931269226e+11,7.937045679304629786e+00,5.711992250926097192e+00,4.492897028757106170e+00,4.055888213166002565e+00
3.629999999999999893e+00,5.268439247661336822e+02,3.780438767802329967e+05,2.277973854731325209e+08,9.897476438113743591e+10,7.893715245491650379e+00,5.687269940120336820e+00,4.480222309804481995e+00,4.052476953124910075e+00
3.659999999999999698e+00,5.238397715936720260e+02,3.747419944529095665e+05,2.247805448635975718e+08,9.694986616504981995e+10,7.851178376960262106e+00,5.663024537760125376e+00,4.467837545358568363e+00,4.049154378055415116e+00
3.689999999999999947e+00,5.208512803004266516e+02,3.714671324226630386e+05,2.218020193007809818e+08,9.496540807788621521e+10,7.809411912994477234e+00,5.639242022366805607e+00,4.455734136933116929e+00,4.045917454990654250e+00
3.719999999999999751e+00,5.178783969549247104e+02,3.682191094786417088e+05,2.188613654134982228e+08,9.302061549558714294e+10,7.768393612421926164e+00,5.615908927724228228e+00,4.443903823514375517e+00,4.042763266531121502e+00
3.750000000000000000e+00,5.149210671310931957e+02,3.649977445651122835e+05,2.159581436664328277e+08,9.111472744311235046e+10,7.728102110044709150e+00,5.593012317003520195e+00,4.432338666312312547e+00,4.039689006930319515e+00
3.779999999999999805e+00,5.119792359318838635e+02,3.618028568195200060e+05,2.130919183732116818e+08,8.924699640101170349e+10,7.688516875261880656e+00,5.570539758136898278e+00,4.421031034191170050e+00,4.036691978189180574e+00
3.810000000000000053e+00,5.090528480121171810e+02,3.586342656089772354e+05,2.102622577071705163e+08,8.741668811259889221e+10,7.649618172785356052e+00,5.548479300390956936e+00,4.409973589759576207e+00,4.033769586181876754e+00
3.839999999999999858e+00,5.061418476005771936e+02,3.554917905652417685e+05,2.074687337099206150e+08,8.562308139185327148e+10,7.611387025352606805e+00,5.526819452089675622e+00,4.399159276099033455e+00,4.030919336831653155e+00
3.869999999999999662e+00,5.032461785213799317e+02,3.523752516182388063e+05,2.047109222978206575e+08,8.386546793216418457e+10,7.573805178341514122e+00,5.505549159437542528e+00,4.388581304108661207e+00,4.028138832351869425e+00
3.899999999999999911e+00,5.003657842146457142e+02,3.492844690281829098e+05,2.019884032664549053e+08,8.214315211602684021e+10,7.536855066195160546e+00,5.484657786393737133e+00,4.378233140443438032e+00,4.025425767564444257e+00
3.929999999999999716e+00,4.975006077564959241e+02,3.462192634163505281e+05,1.993007602932139933e+08,8.045545082578898621e+10,7.500519780567175943e+00,5.464135095549247367e+00,4.368108496022889753e+00,4.022777926305380447e+00
3.959999999999999964e+00,4.946505918784019400e+02,3.431794557945540291e+05,1.966475809380699396e+08,7.880169325554159546e+10,7.464783040101155009e+00,5.443971229959790215e+00,4.358201315087042005e+00,4.020193177924795691e+00
3.989999999999999769e+00,4.918156789859049240e+02,3.401648675933632185e+05,1.940284566426336169e+08,7.718122072424012756e+10,7.429629161760908040e+00,5.424156695888767921e+00,4.348505764776602334e+00,4.017669473887050202e+00
4.019999999999999574e+00,4.889958111767329001e+02,3.371753206891231821e+05,1.914429827275789678e+08,7.559338649013491821e+10,7.395043033631520046e+00,5.404682346415874861e+00,4.339016225214574085e+00,4.015204844474956403e+00
4.049999999999999822e+00,4.861909302583317185e+02,3.342106374298098381e+05,1.888907583885149658e+08,7.403755556658549500e+10,7.361010089114587984e+00,5.385539365868456940e+00,4.329727280066932416e+00,4.012797395600690820e+00
4.080000000000000071e+00,4.834009777648331010e+02,3.312706406597668538e+05,1.863713866903817356e+08,7.251310453932574463e+10,7.327516282444282325e+00,5.366719255034390734e+00,4.320633707560480374e+00,4.010445305724907428e+00
4.109999999999999432e+00,4.806258949734781254e+02,3.283551537433651974e+05,1.838844745604460835e+08,7.101942138524275208e+10,7.294548065454316443e+00,5.348213817116798552e+00,4.311730471936595421e+00,4.008146822884580018e+00
4.139999999999999680e+00,4.778656229205134309e+02,3.254640005876224604e+05,1.814296327799651325e+08,6.955590529272612000e+10,7.262092365529055904e+00,5.330015144392617366e+00,4.303012715320210901e+00,4.005900261829310693e+00
4.169999999999999929e+00,4.751201024165821423e+02,3.225970056638227543e+05,1.790064759745886028e+08,6.812196648364065552e+10,7.230136564675396116e+00,5.312115605538688001e+00,4.294475749984087543e+00,4.003704001265193213e+00
4.200000000000000178e+00,4.723892740616204264e+02,3.197539940281691379e+05,1.766146226035622060e+08,6.671702603696943665e+10,7.198668479655069952e+00,5.294507833590637702e+00,4.286115050989116604e+00,4.001556481204753268e+00
4.229999999999999538e+00,4.696730782592819082e+02,3.169347913415073999e+05,1.742536949477956295e+08,6.534051571417128754e+10,7.167676343120161775e+00,5.277184714501530927e+00,4.277926249182185003e+00,3.999456200421099172e+00
4.259999999999999787e+00,4.669714552309029614e+02,3.141392238881516387e+05,1.719233190968537331e+08,6.399187778629125977e+10,7.137148785697561060e+00,5.260139376268710976e+00,4.269905124533829088e+00,3.997401714004001239e+00
4.290000000000000036e+00,4.642843450290243936e+02,3.113671185938462731e+05,1.696231249349296987e+08,6.267056486286048889e+10,7.107074818970946950e+00,5.243365178599003862e+00,4.262047599798682640e+00,3.995391631015416500e+00
4.320000000000000284e+00,4.616116875504848167e+02,3.086183030428918428e+05,1.673527461258521676e+08,6.137603972261592102e+10,7.077443819311612039e+00,5.226855703083711724e+00,4.254349734482492096e+00,3.993424612241706750e+00
4.349999999999999645e+00,4.589534225490997414e+02,3.058926054944699281e+05,1.651118200971806347e+08,6.010777514606907654e+10,7.048245512512001376e+00,5.210604743856472432e+00,4.246807719100113232e+00,3.991499368039676199e+00
4.379999999999999893e+00,4.563094896479391309e+02,3.031898548981889035e+05,1.628999880234383643e+08,5.886525374994839478e+10,7.019469959178599616e+00,5.194606298708378311e+00,4.239417869709789954e+00,3.989614656273440918e+00
4.410000000000000142e+00,4.536798283512179637e+02,3.005098809088845155e+05,1.607168948085315526e+08,5.764796782353748322e+10,6.991107540842778967e+00,5.178854560636055204e+00,4.232176622709532765e+00,3.987769280339058753e+00
4.439999999999999503e+00,4.510643780558110620e+02,2.978525139006974059e+05,1.585621890673994422e+08,5.645541916692786407e+10,6.963148946750904678e+00,5.163343909799745113e+00,4.225080529882220048e+00,3.985962087273829724e+00
4.469999999999999751e+00,4.484630780624050317e+02,2.952175849804555764e+05,1.564355231069399416e+08,5.528711893120246887e+10,6.935585161296900836e+00,5.148068905869653378e+00,4.218126253676686588e+00,3.984191965947155634e+00
4.500000000000000000e+00,4.458758675862992504e+02,2.926049260003854870e+05,1.543365529062542021e+08,5.414258746056434631e+10,6.908407452062632181e+00,5.133024280739949319e+00,4.211310562712664129e+00,3.982457845329861357e+00
4.530000000000000249e+00,4.433026857678659098e+02,2.900143695701746037e+05,1.522649380962480903e+08,5.302135413642073822e+10,6.881607358433340593e+00,5.118204931590960349e+00,4.204630327498060538e+00,3.980758692838913149e+00
4.559999999999999609e+00,4.407434716826817294e+02,2.874457490684108925e+05,1.502203419386313856e+08,5.192295722343250275e+10,6.855176680757393726e+00,5.103605914281201805e+00,4.198082516347717785e+00,3.979093512754523054e+00
4.589999999999999858e+00,4.381981643513401536e+02,2.848988986534184660e+05,1.482024313043504059e+08,5.084694371753477478e+10,6.829107470021018145e+00,5.089222437051780901e+00,4.191664191493246427e+00,3.977461344706664903e+00
4.620000000000000107e+00,4.356667027489553448e+02,2.823736532735120854e+05,1.462108766514906883e+08,4.979286919593490601e+10,6.803392018010739228e+00,5.075049854526780813e+00,4.185372505374152396e+00,3.975861262228127746e+00
4.649999999999999467e+00,4.331490258143675192e+02,2.798698486766907736e+05,1.442453520026826262e+08,4.876029766908932495e+10,6.778022847937443807e+00,5.061083661994067562e+00,4.179204697100965760e+00,3.974292371371277888e+00
4.679999999999999716e+00,4.306450724590570189e+02,2.773873214197893394e+05,1.423055349220430851e+08,4.774880143466121674e+10,6.752992705497717019e+00,5.047319489951879845e+00,4.173158089081560718e+00,3.972753809385801027e+00
4.709999999999999964e+00,4.281547815757804756e+02,2.749259088771092356e+05,1.403911064916847050e+08,4.675796093345842743e+10,6.728294550349339431e+00,5.033753098907292944e+00,4.167230083802323293e+00,3.971244743454774184e+00
4.740000000000000213e+00,4.256780920469329317e+02,2.724854492485437077e+05,1.385017512878217697e+08,4.578736460734903717e+10,6.703921547979192042e+00,5.020380374413520919e+00,4.161418160756280571e+00,3.969764369486507238e+00
4.769999999999999574e+00,4.232149427526470618e+02,2.700657815672177821e+05,1.366371573565020859e+08,4.483660875915167999e+10,6.679867057461787994e+00,5.007197319851141692e+00,4.155719872504981538e+00,3.968311910959681832e+00
4.799999999999999822e+00,4.207652725786380188e+02,2.676667457066579373e+05,1.347970161889914870e+08,4.390529741449478149e+10,6.656124642002917646e+00,4.994200061852781758e+00,4.150132845913989676e+00,3.966886617819409544e+00
4.830000000000000071e+00,4.183290204237998182e+02,2.652881823875108967e+05,1.329810226968382895e+08,4.299304218563957977e+10,6.632688034899427265e+00,4.981384831041501648e+00,4.144654773406556636e+00,3.965487765421918720e+00
4.859999999999999432e+00,4.159061252075628090e+02,2.629299331838231301e+05,1.311888751866416186e+08,4.209946213725836945e+10,6.609551150787401852e+00,4.968747967885369654e+00,4.139283414469441702e+00,3.964114653525672161e+00
4.889999999999999680e+00,4.134965258770166088e+02,2.605918405289005896e+05,1.294202753345480263e+08,4.122418365415990448e+10,6.586708074678594649e+00,4.956285916257538560e+00,4.134016592193082928e+00,3.962766605326803582e+00
4.919999999999999929e+00,4.111001614138107811e+02,2.582737477207608172e+05,1.276749281605003178e+08,4.036684031095255280e+10,6.564153055790105995e+00,4.943995219669397478e+00,4.128852190937813305e+00,3.961442966536854016e+00
4.950000000000000178e+00,4.087169708408336533e+02,2.559754989271929371e+05,1.259525420022590607e+08,3.952707274363397217e+10,6.541880501645012558e+00,4.931872517669093625e+00,4.123788154102443926e+00,3.960143104500865707e+00
4.979999999999999538e+00,4.063468932286810400e+02,2.536969391904385411e+05,1.242528284892189354e+08,3.870452852309636688e+10,6.519884972430118886e+00,4.919914542397147095e+00,4.118822481990090267e+00,3.958866407353986094e+00
5.009999999999999787e+00,4.039898677019179445e+02,2.514379144315070007e+05,1.225755025160397291e+08,3.789886203053442383e+10,6.498161175598068162e+00,4.908118115291271621e+00,4.113953229766480035e+00,3.957612283214807736e+00
5.040000000000000036e+00,4.016458334451422161e+02,2.491982714541390887e+05,1.209202822161114663e+08,3.710973433474343872e+10,6.476703960701472695e+00,4.896480143932995688e+00,4.109178505506132950e+00,3.956380159413745545e+00
5.069999999999999396e+00,3.993147297088532355e+02,2.469778579484296788e+05,1.192868889348720908e+08,3.633681307129302979e+10,6.455508314447604867e+00,4.884997619029110005e+00,4.104496468322164304e+00,3.955169481754845950e+00
5.099999999999999645e+00,3.969964958151330734e+02,2.447765224941219785e+05,1.176750472029944062e+08,3.557977232356232452e+10,6.434569355962723058e+00,4.873667611521236509e+00,4.099905326575603581e+00,3.953979713809469221e+00
5.129999999999999893e+00,3.946910711631458071e+02,2.425941145635859866e+05,1.160844847094613314e+08,3.483829250562144470e+10,6.413882332255722574e+00,4.862487269817321156e+00,4.095403336160341468e+00,3.952810336240384359e+00
5.160000000000000142e+00,3.923983952344595423e+02,2.404304845244910102e+05,1.145149322745431960e+08,3.411206024694335938e+10,6.393442613871441083e+00,4.851453817139074864e+00,4.090988798860133002e+00,3.951660846154865681e+00
5.189999999999999503e+00,3.901184075981964270e+02,2.382854836421839718e+05,1.129661238226941228e+08,3.340076827893004227e+10,6.373245690724286483e+00,4.840564548979755521e+00,4.086660060774084613e+00,3.950530756485451711e+00
5.219999999999999751e+00,3.878510479160167392e+02,2.361589640817824111e+05,1.114377963553812951e+08,3.270411532323590469e+10,6.353287168103626925e+00,4.829816830666996630e+00,4.082415510807442693e+00,3.949419595397089200e+00
5.250000000000000000e+00,3.855962559469409712e+02,2.340507789099949878e+05,1.099296899238623232e+08,3.202180598187190628e+10,6.333562762842587013e+00,4.819208095025652838e+00,4.078253579224511149e+00,3.948326905719450330e+00
5.279999999999999361e+00,3.833539715520134337e+02,2.319607820966767904e+05,1.084415476019225270e+08,3.135355062907210541e+10,6.314068299642511484e+00,4.808735840135873296e+00,4.074172736260791794e+00,3.947252244403256061e+00
5.309999999999999609e+00,3.811241346988155669e+02,2.298888285161292879e+05,1.069731154585864097e+08,3.069906530490508652e+10,6.294799707545711165e+00,4.798397627181946845e+00,4.070171490791541835e+00,3.946195181999505586e+00
5.339999999999999858e+00,3.789066854658293551e+02,2.278347739481555182e+05,1.055241425308152288e+08,3.005807161061214828e+10,6.275753016549487029e+00,4.788191078387599831e+00,4.066248389054108792e+00,3.945155302160564759e+00
5.370000000000000107e+00,3.767015640466582340e+02,2.257984750788776146e+05,1.040943807962017953e+08,2.943029660565334320e+10,6.256924354354850948e+00,4.778113875033755953e+00,4.062402013421536395e+00,3.944132201162099172e+00
5.399999999999999467e+00,3.745087107541062892e+02,2.237797895013263042e+05,1.026835851456742734e+08,2.881547270644296646e+10,6.238309943243601552e+00,4.768163755554850169e+00,4.058630981225051393e+00,3.943125487444911759e+00
5.429999999999999716e+00,3.723280660241243822e+02,2.217785757158094202e+05,1.012915133562195152e+08,2.821333758675512695e+10,6.219906097077945617e+00,4.758338513710167916e+00,4.054933943623213466e+00,3.942134781175771430e+00
5.459999999999999964e+00,3.701595704196219003e+02,2.197946931300691504e+05,9.991792606363600492e+07,2.762363407978053665e+10,6.201709218416876723e+00,4.748635996826658712e+00,4.051309584515537132e+00,3.941159713826362765e+00
5.490000000000000213e+00,3.680031646341527676e+02,2.178280020592338115e+05,9.856258673532609642e+07,2.704611008181497955e+10,6.183715795744099353e+00,4.739054104110022259e+00,4.047756619498599662e+00,3.940199927769545862e+00
5.519999999999999574e+00,3.658587894954747526e+02,2.158783637255736976e+05,9.722526164313676953e+07,2.648051845755974579e+10,6.165922400802386072e+00,4.729590785020973520e+00,4.044273794862697891e+00,3.939255075892130087e+00
5.549999999999999822e+00,3.637263859689893479e+02,2.139456402580650465e+05,9.590571983625759184e+07,2.592661694701481628e+10,6.148325686029570747e+00,4.720244037713698049e+00,4.040859886627197639e+00,3.938324821223426309e+00
5.580000000000000071e+00,3.616058951610642112e+02,2.120296946917736495e+05,9.460373311418475211e+07,2.538416807394466019e+10,6.130922382091591238e+00,4.711011907533739773e+00,4.037513699612887308e+00,3.937408836578860427e+00
5.609999999999999432e+00,3.594972583222407252e+02,2.101303909670601133e+05,9.331907599975831807e+07,2.485293905589715576e+10,6.113709295508345853e+00,4.701892485572683356e+00,4.034234066549647224e+00,3.936506804217974054e+00
5.639999999999999680e+00,3.574004168503303163e+02,2.082475939286164648e+05,9.205152571228082478e+07,2.433270171575537109e+10,6.096683306368159805e+00,4.692883907277090039e+00,4.031019847217891083e+00,3.935618415516173751e+00
5.669999999999999929e+00,3.553153122934050430e+02,2.063811693243396294e+05,9.080086214072437584e+07,2.382323239480271912e+10,6.079841366127000768e+00,4.683984351109296895e+00,4.027869927622274915e+00,3.934743370649604888e+00
5.700000000000000178e+00,3.532418863526800124e+02,2.045309838040468167e+05,8.956686781703288853e+07,2.332431186728133774e+10,6.063180495488768251e+00,4.675192037257838606e+00,4.024783219196275574e+00,3.933881378292579889e+00
5.729999999999999538e+00,3.511800808852972864e+02,2.026969049180403235e+05,8.834932788952596486e+07,2.283572525642364502e+10,6.046697782363069429e+00,4.666505226395292638e+00,4.021758658036276302e+00,3.933032155326992907e+00
5.759999999999999787e+00,3.491298379070085502e+02,2.008788011155264976e+05,8.714803009641066194e+07,2.235726195193743896e+10,6.030390379897230702e+00,4.657922218481533427e+00,4.018795204163900792e+00,3.932195426563203089e+00
5.790000000000000036e+00,3.470910995947619995e+02,1.990765417428947694e+05,8.596276473940712214e+07,2.188871552892444611e+10,6.014255504579236522e+00,4.649441351610427375e+00,4.015891840815357661e+00,3.931370924471871309e+00
5.819999999999999396e+00,3.450638082891961744e+02,1.972899970418616140e+05,8.479332465749311447e+07,2.142988366821258545e+10,5.998290434408703575e+00,4.641061000898098143e+00,4.013047573756653108e+00,3.930558388926280067e+00
5.849999999999999645e+00,3.430479064970422201e+02,1.955190381474853493e+05,8.363950520077328384e+07,2.098056807808193588e+10,5.982492507132922910e+00,4.632779577411039185e+00,4.010261430623570433e+00,3.929757566954672043e+00
5.879999999999999893e+00,3.410433368934380383e+02,1.937635370860566327e+05,8.250110420447753370e+07,2.054057441736503601e+10,5.966859118545229101e+00,4.624595527132340678e+00,4.007532460285347931e+00,3.928968212502176538e+00
5.910000000000000142e+00,3.390500423241558678e+02,1.920233667728685832e+05,8.137792196309378743e+07,2.010971221990159607e+10,5.951387720843176687e+00,4.616507329964480988e+00,4.004859732231101255e+00,3.928190086201905018e+00
5.939999999999999503e+00,3.370679658077465319e+02,1.902984010098729050e+05,8.026976120463883877e+07,1.968779482032805252e+10,5.936075821043925949e+00,4.608513498767118577e+00,4.002242335977975962e+00,3.927422955154824535e+00
5.969999999999999751e+00,3.350970505376021720e+02,1.885885144832246588e+05,7.917642706507205963e+07,1.927463928118273163e+10,5.920920979454557198e+00,4.600612578428463273e+00,3.926666592718024873e+00,3.926666592718024873e+00
6.000000000000000000e+00,3.331372398839404241e+02,1.868935827607222891e+05,7.809772706285569072e+07,1.887006632130703735e+10,5.905920808195016747e+00,4.592803144968828910e+00,3.925920778301029035e+00,3.925920778301029035e+00
6.029999999999999361e+00,3.311884773957104358e+02,1.852134822891447693e+05,7.703347107366527617e+07,1.847390024552361298e+10,5.891072969771557588e+00,4.585083804675051056e+00,3.925185297169797582e+00,3.925185297169797582e+00
6.059999999999999609e+00,3.292507068024249861e+02,1.835480903914918308e+05,7.598347130525358021e+07,1.808596887557214355e+10,5.876375175698663966e+00,4.577453193264527265e+00,3.924459940258100854e+00,3.924459940258100854e+00
6.089999999999999858e+00,3.273238720159194486e+02,1.818972852641305362e+05,7.494754227247190475e+07,1.770610348228407669e+10,5.861825185167423236e+00,4.569909975077660391e+00,3.923744503985953536e+00,3.923744503985953536e+00
6.120000000000000107e+00,3.254079171320398132e+02,1.802609459738524165e+05,7.392550077245096862e+07,1.733413871897732162e+10,5.847420803758588193e+00,4.562452842297587630e+00,3.923038790084804717e+00,3.923038790084804717e+00
6.149999999999999467e+00,3.235027864322621554e+02,1.786389524548440240e+05,7.291716585994492471e+07,1.696991255605208015e+10,5.833159882198481583e+00,4.555080514196081509e+00,3.922342605429210316e+00,3.922342605429210316e+00
6.179999999999999716e+00,3.216084243852442341e+02,1.770311855055756168e+05,7.192235882284043729e+07,1.661326621676956940e+10,5.819040315156047249e+00,4.547791736404614760e+00,3.921655761874709434e+00,3.921655761874709434e+00
6.209999999999999964e+00,3.197247756483133685e+02,1.754375267856116407e+05,7.094090315783423185e+07,1.626404411419508934e+10,5.805060040079495387e+00,4.540585280209554320e+00,3.920978076101648835e+00,3.920978076101648835e+00
6.240000000000000213e+00,3.178517850688891713e+02,1.738578588123445807e+05,6.997262454628054798e+07,1.592209378928708839e+10,5.791217036070922752e+00,4.533459941870574106e+00,3.920309369464714866e+00,3.920309369464714866e+00
6.269999999999999574e+00,3.159893976858456313e+02,1.722920649576580327e+05,6.901735083021113276e+07,1.558726585011456680e+10,5.777509322797490299e+00,4.526414541961377935e+00,3.919649467847928559e+00,3.919649467847928559e+00
6.299999999999999822e+00,3.141375587308128843e+02,1.707400294445196341e+05,6.807491198852933943e+07,1.525941391218438530e+10,5.763934959437679417e+00,4.519447924731829325e+00,3.918998201524884983e+00,3.918998201524884983e+00
6.330000000000000071e+00,3.122962136294204356e+02,1.692016373435098503e+05,6.714514011338078976e+07,1.493839453986146736e+10,5.750492043661388664e+00,4.512558957490729661e+00,3.918355405024023241e+00,3.918355405024023241e+00
6.359999999999999432e+00,3.104653080024837664e+02,1.676767745692862372e+05,6.622786938670159131e+07,1.462406718886362457e+10,5.737178710642465873e+00,4.505746530008381434e+00,3.917720916998721048e+00,3.917720916998721048e+00
6.389999999999999680e+00,3.086447876671351196e+02,1.661653278769890021e+05,6.532293605694583803e+07,1.431629414981427765e+10,5.723993132102506820e+00,4.499009553938246420e+00,3.917094580102016277e+00,3.917094580102016277e+00
6.419999999999999929e+00,3.068345986379010810e+02,1.646671848585892003e+05,6.443017841599418223e+07,1.401494049283559036e+10,5.710933515384776449e+00,4.492346962256929643e+00,3.916476240865772951e+00,3.916476240865772951e+00
6.450000000000000178e+00,3.050346871277278638e+02,1.631822339391828282e+05,6.354943677624410391e+07,1.371987401316507339e+10,5.697998102557028766e+00,4.485757708721827441e+00,3.915865749584111377e+00,3.915865749584111377e+00
6.479999999999999538e+00,3.032449995489543539e+02,1.617103643732320634e+05,6.268055344788347930e+07,1.343096517777906609e+10,5.685185169542242178e+00,4.479240767345775254e+00,3.915262960200928788e+00,3.915262960200928788e+00
6.509999999999999787e+00,3.014654825142371806e+02,1.602514662407592987e+05,6.182337271634806693e+07,1.314808707300616837e+10,5.672493025276191148e+00,4.472795131888037901e+00,3.914667730201356388e+00,3.914667730201356388e+00
6.540000000000000036e+00,2.996960828374267862e+02,1.588054304434927762e+05,6.097774081996442378e+07,1.287111535311470032e+10,5.659920010890899356e+00,4.466419815361088119e+00,3.914079920506986721e+00,3.914079920506986721e+00
6.569999999999999396e+00,2.979367475343966021e+02,1.573721487009689154e+05,6.014350592777828872e+07,1.259992818985744858e+10,5.647464498922963649e+00,4.460113849552533871e+00,3.913499395374727907e+00,3.913499395374727907e+00
6.599999999999999645e+00,2.961874238238258386e+02,1.559515135465922649e+05,5.932051811756950617e+07,1.233440622295812607e+10,5.635124892545927189e+00,4.453876284561686383e+00,3.912926022299142215e+00,3.912926022299142215e+00
6.629999999999999893e+00,2.944480591279395867e+02,1.545434183236559911e+05,5.850862935405422002e+07,1.207443251152356911e+10,5.622899624825797638e+00,4.447706188350222689e+00,3.912359671918133053e+00,3.912359671918133053e+00
6.660000000000000142e+00,2.927186010732036152e+02,1.531477571813244140e+05,5.770769346727441996e+07,1.181989248636595154e+10,5.610787157998849750e+00,4.441602646306425761e+00,3.911800217921847622e+00,3.911800217921847622e+00
6.689999999999999503e+00,2.909989974909786952e+02,1.517644250705808809e+05,5.691756613117551059e+07,1.157067390321986771e+10,5.598785982770984049e+00,4.435564760822519936e+00,3.911247536964670868e+00,3.911247536964670868e+00
6.719999999999999751e+00,2.892891964181325193e+02,1.503933177401412104e+05,5.613810484237210453e+07,1.132666679683874130e+10,5.586894617637791605e+00,4.429591650884638021e+00,3.910701508580195274e+00,3.910701508580195274e+00
6.750000000000000000e+00,2.875891460976129679e+02,1.490343317323367810e+05,5.536916889910219610e+07,1.108776343595592308e+10,5.575111608224683657e+00,4.423682451674976868e+00,3.910162015099048372e+00,3.910162015099048372e+00
6.779999999999999361e+00,2.858987949789821528e+02,1.476873643789671769e+05,5.461061938037009537e+07,1.085385827909525108e+10,5.563435526646318685e+00,4.417836314185682234e+00,3.909628941569468719e+00,3.909628941569468719e+00
6.809999999999999609e+00,2.842180917189119214e+02,1.463523137971257675e+05,5.386231912527766824e+07,1.062484793121677208e+10,5.551864970884685668e+00,4.412052404844096998e+00,3.909102175680528646e+00,3.909102175680528646e+00
6.839999999999999858e+00,2.825469851816440041e+02,1.450290788849992678e+05,5.312413271254447103e+07,1.040063110118309021e+10,5.540398564185164076e+00,4.406329905148933079e+00,3.908581607687899862e+00,3.908581607687899862e+00
6.870000000000000107e+00,2.808854244394134412e+02,1.437175593176432885e+05,5.239592644021625817e+07,1.018110856003201675e+10,5.529034954469985053e+00,4.400668011317012684e+00,3.908067130342068207e+00,3.908067130342068207e+00
6.899999999999999467e+00,2.792333587728375051e+02,1.424176555427348940e+05,5.167756830556184053e+07,9.966183100041723251e+09,5.517772813768474727e+00,4.395065933940210279e+00,3.907558638818906971e+00,3.907558638818906971e+00
6.929999999999999716e+00,2.775907376712701762e+02,1.411292687763050199e+05,5.096892798515792936e+07,9.755759494574274063e+09,5.506610837663489022e+00,4.389522897652233802e+00,3.907056030652513723e+00,3.907056030652513723e+00
6.959999999999999964e+00,2.759575108331254114e+02,1.398523009984513628e+05,5.026987681516208500e+07,9.549744458684267044e+09,5.495547744753524810e+00,4.384038140804926265e+00,3.906559205670237400e+00,3.906559205670237400e+00
6.989999999999999325e+00,2.743336281661661928e+02,1.385866549490335456e+05,4.958028777177289128e+07,9.348046610478729248e+09,5.484582276129964740e+00,4.378610915153759109e+00,3.906068065929803268e+00,3.906068065929803268e+00
7.019999999999999574e+00,2.727190397877634496e+02,1.373322341233517800e+05,4.890003545187717676e+07,9.150576433215389252e+09,5.473713194868931708e+00,4.373240485552187806e+00,3.905582515658465592e+00,3.905582515658465592e+00
7.049999999999999822e+00,2.711136960251248524e+02,1.360889427678110078e+05,4.822899605388402939e+07,8.957246238126058578e+09,5.462939285537302680e+00,4.367926129654608580e+00,3.905102461194111196e+00,3.905102461194111196e+00
7.080000000000000071e+00,2.695175474154935955e+02,1.348566858755718858e+05,4.756704735874468088e+07,8.767970127952291489e+09,5.452259353712373802e+00,4.362667137627591174e+00,3.904627810928241516e+00,3.904627810928241516e+00
7.109999999999999432e+00,2.679305447063185852e+02,1.336353691821889079e+05,4.691406871115804464e+07,8.582663961180786133e+09,5.441672225514762928e+00,4.357462811869153185e+00,3.904158475250767868e+00,3.904158475250767868e+00
7.139999999999999680e+00,2.663526388553968900e+02,1.324248991612379905e+05,4.626994100096099824e+07,8.401245316965775490e+09,5.431176747154064621e+00,4.352312466735755336e+00,3.903694366496547552e+00,3.903694366496547552e+00
7.169999999999999929e+00,2.647837810309884503e+02,1.312251830199349788e+05,4.563454664470314980e+07,8.223633460726502419e+09,5.420771784486907663e+00,4.347215428276829385e+00,3.903235398893609709e+00,3.903235398893609709e+00
7.199999999999999289e+00,2.632239226119049817e+02,1.300361286947452609e+05,4.500776956740500033e+07,8.049749310407258034e+09,5.410456222586974562e+00,4.342171033976542027e+00,3.902781488512994557e+00,3.902781488512994557e+00
7.229999999999999538e+00,2.616730151875726165e+02,1.288576448469861643e+05,4.438949518449883908e+07,7.879515403388366699e+09,5.400228965326570041e+00,4.337178632502578068e+00,3.902332553220164257e+00,3.902332553220164257e+00
7.259999999999999787e+00,2.601310105580702157e+02,1.276896408584238234e+05,4.377961038395192474e+07,7.712855864036276817e+09,5.390088934969443635e+00,4.332237583461722608e+00,3.901888512627915251e+00,3.901888512627915251e+00
7.290000000000000036e+00,2.585978607341422162e+02,1.265320268268643849e+05,4.317800350857070088e+07,7.549696371881134987e+09,5.380035071774423194e+00,4.327347257162011296e+00,3.901449288050751196e+00,3.901449288050751196e+00
7.319999999999999396e+00,2.570735179371889672e+02,1.253847135617418680e+05,4.258456433848545700e+07,7.389964130410619736e+09,5.370066333609583964e+00,4.322507034381231961e+00,3.901014802460654352e+00,3.901014802460654352e+00
7.349999999999999645e+00,2.555579345992329365e+02,1.242476125797029090e+05,4.199918407381436229e+07,7.233587836468650818e+09,5.360181695576581085e+00,4.317716306141622162e+00,3.900584980444212313e+00,3.900584980444212313e+00
7.379999999999999893e+00,2.540510633628641415e+02,1.231206361001896439e+05,4.142175531750647724e+07,7.080497650248198509e+09,5.350380149644834660e+00,4.312974473490490013e+00,3.900159748161054374e+00,3.900159748161054374e+00
7.410000000000000142e+00,2.525528570811614202e+02,1.220036970410215436e+05,4.085217205836184323e+07,6.930625165867056847e+09,5.340660704295257410e+00,4.308280947286629470e+00,3.899739033303541547e+00,3.899739033303541547e+00
7.439999999999999503e+00,2.510632688175948033e+02,1.208967090139776992e+05,4.029032965422876924e+07,6.783903382516196251e+09,5.331022384173262907e+00,4.303635147992348031e+00,3.899322765057683160e+00,3.899322765057683160e+00
7.469999999999999751e+00,2.495822518459058585e+02,1.197995863203791232e+05,3.973612481537639350e+07,6.640266676169960976e+09,5.321464229750684005e+00,4.299036505470893665e+00,3.898910874065219190e+00,3.898910874065219190e+00
7.500000000000000000e+00,2.481097596499686233e+02,1.187122439466739161e+05,3.918945558804234117e+07,6.499650771847952843e+09,5.311985296996436290e+00,4.294484458789140646e+00,3.898503292386844343e+00,3.898503292386844343e+00
7.529999999999999361e+00,2.466457459236311536e+02,1.176345975600238016e+05,3.865022133815365285e+07,6.361992716418368340e+09,5.302584657055568584e+00,4.289978456025377085e+00,3.898099953466523715e+00,3.898099953466523715e+00
7.559999999999999609e+00,2.451901645705375188e+02,1.165665635038953042e+05,3.811832273522032797e+07,6.227230851932755470e+09,5.293261395936483815e+00,4.285517954082017411e+00,3.897700792096867151e+00,3.897700792096867151e+00
7.589999999999999858e+00,2.437429697039320047e+02,1.155080587936538795e+05,3.759366173640064895e+07,6.095304789482456207e+09,5.284014614206085980e+00,4.281102418503104801e+00,3.897305744385529902e+00,3.897305744385529902e+00
7.620000000000000107e+00,2.423041156464451547e+02,1.144590011121639545e+05,3.707614157073648274e+07,5.966155383567002296e+09,5.274843426692621406e+00,4.276731323296453446e+00,3.896914747722594274e+00,3.896914747722594274e+00
7.649999999999999467e+00,2.408735569298628434e+02,1.134193088053939719e+05,3.656566672355813533e+07,5.839724706964947701e+09,5.265746962195912317e+00,4.272404150760285013e+00,3.896527740748912727e+00,3.896527740748912727e+00
7.679999999999999716e+00,2.394512482948775300e+02,1.123889008780279692e+05,3.606214292105709016e+07,5.715956026097832680e+09,5.256724363204894779e+00,4.268120391314235818e+00,3.896144663325366686e+00,3.896144663325366686e+00
7.709999999999999964e+00,2.380371446908243058e+02,1.113676969890841719e+05,3.556547711502601206e+07,5.594793776878059387e+09,5.247774785622110194e+00,4.263879543334589961e+00,3.895765456503025082e+00,3.895765456503025082e+00
7.739999999999999325e+00,2.366312012754000591e+02,1.103556174475414737e+05,3.507557746776425838e+07,5.476183541031661987e+09,5.238897398495028668e+00,4.259681112993627394e+00,3.895390062494155536e+00,3.895390062494155536e+00
7.769999999999999574e+00,2.352333734143676338e+02,1.093525832079736865e+05,3.459235333714813739e+07,5.360072022887025833e+09,5.230091383753967982e+00,4.255524614102947467e+00,3.895018424644077104e+00,3.895018424644077104e+00
7.799999999999999822e+00,2.338436166812448107e+02,1.083585158661933092e+05,3.411571526186465472e+07,5.246407026620902061e+09,5.221355935956423444e+00,4.251409567960670266e+00,3.894650487403813699e+00,3.894650487403813699e+00
7.830000000000000071e+00,2.324618868569787082e+02,1.073733376549040258e+05,3.364557494680730999e+07,5.135137433953106880e+09,5.212690262037630085e+00,4.247335503202386064e+00,3.894286196303529124e+00,3.894286196303529124e+00
7.859999999999999432e+00,2.310881399296059442e+02,1.063969714393643080e+05,3.318184524863310158e+07,5.026213182281388283e+09,5.204093581067162688e+00,4.243301955655747193e+00,3.893925497926717494e+00,3.893925497926717494e+00
7.889999999999999680e+00,2.297223320938988991e+02,1.054293407130601699e+05,3.272444016147908196e+07,4.919585243248297691e+09,5.195565124011412905e+00,4.239308468198609070e+00,3.893568339885118856e+00,3.893568339885118856e+00
7.919999999999999929e+00,2.283644197509992466e+02,1.044703695933906420e+05,3.227327480283767730e+07,4.815205601731801033e+09,5.187104133501750702e+00,4.235354590620595161e+00,3.893214670794344023e+00,3.893214670794344023e+00
7.949999999999999289e+00,2.270143595080376713e+02,1.035199828173635033e+05,3.182826539958917722e+07,4.713027235251697540e+09,5.178709863608249364e+00,4.231439879488004152e+00,3.892864440250182856e+00,3.892864440250182856e+00
7.979999999999999538e+00,2.256721081777411655e+02,1.025781057373037038e+05,3.138932927419025823e+07,4.613004093783885002e+09,5.170381579618770651e+00,4.227563898011959864e+00,3.892517598805568468e+00,3.892517598805568468e+00
8.009999999999999787e+00,2.243376227780288161e+02,1.016446643165745627e+05,3.095638483101741597e+07,4.515091079974846840e+09,5.162118557823290210e+00,4.223726215919712423e+00,3.892174097948188471e+00,3.892174097948188471e+00
8.039999999999999147e+00,2.230108605315948296e+02,1.007195851253115543e+05,3.052935154286384210e+07,4.419244029748675346e+09,5.153920085303300702e+00,4.219926409328994765e+00,3.891833890078710390e+00,3.891833890078710390e+00
8.070000000000000284e+00,2.216917788654805008e+02,9.980279533616940898e+04,3.010814993758853152e+07,4.325419693299152374e+09,5.145785459726160305e+00,4.216164060625347432e+00,3.891496928489607487e+00,3.891496928489607487e+00
8.099999999999999645e+00,2.203803354106351549e+02,9.889422272008376603e+04,2.969270158491660282e+07,4.233575716459697247e+09,5.137713989144228499e+00,4.212438758342348599e+00,3.891163167344567242e+00,3.891163167344567242e+00
8.129999999999999005e+00,2.190764880014657479e+02,9.799379564204627241e+04,2.928292908338899165e+07,4.143670622443710804e+09,5.129704991798692326e+00,4.208750097044642757e+00,3.890832561658460698e+00,3.890832561658460698e+00
8.160000000000000142e+00,2.177801946753764071e+02,9.710144305689484463e+04,2.887875604746090621e+07,4.055663793948526859e+09,5.121757795927898371e+00,4.205097677213685436e+00,3.890505067277856277e+00,3.890505067277856277e+00
8.189999999999999503e+00,2.164914136722979947e+02,9.621709450511875912e+04,2.848010709474731982e+07,3.969515455615819931e+09,5.113871739580145181e+00,4.201481105136182670e+00,3.890180640862063832e+00,3.890180640862063832e+00
8.219999999999998863e+00,2.152101034342072126e+02,9.534068010867900739e+04,2.808690783341427520e+07,3.885186656841682434e+09,5.106046170430716735e+00,4.197899992795068869e+00,3.889859239864685403e+00,3.889859239864685403e+00
8.250000000000000000e+00,2.139362226046364128e+02,9.447213056684432377e+04,2.769908484971488640e+07,3.802639254929713726e+09,5.098280445603140087e+00,4.194353957763023111e+00,3.889540822515666463e+00,3.889540822515666463e+00
8.279999999999999361e+00,2.126697300281744845e+02,9.361137715204361302e+04,2.731656569566876069e+07,3.721835898580485344e+09,5.090573931494479787e+00,4.190842623098409270e+00,3.889225347803825006e+00,3.889225347803825006e+00
8.310000000000000497e+00,2.114105847499584456e+02,9.275835170573399228e+04,2.693927887688308582e+07,3.642740011710903168e+09,5.082926003604574916e+00,4.187365617243611560e+00,3.888912775459844262e+00,3.888912775459844262e+00
8.339999999999999858e+00,2.101587460151565665e+02,9.191298663428620785e+04,2.656715384051497653e+07,3.565315777597161293e+09,5.075336046369159249e+00,4.183922573925658028e+00,3.888603065939718828e+00,3.888603065939718828e+00
8.369999999999999218e+00,2.089141732684425392e+02,9.107521490488620475e+04,2.620012096337274089e+07,3.489528123334985733e+09,5.067803452996691327e+00,4.180513132059108905e+00,3.888296180408638669e+00,3.888296180408638669e+00
8.400000000000000355e+00,2.076768261534622866e+02,9.024497004145444953e+04,2.583811154015585035e+07,3.415342704611085415e+09,5.060327625308850052e+00,4.177136935651132532e+00,3.887992080725295896e+00,3.887992080725295896e+00
8.429999999999999716e+00,2.064466645122929265e+02,8.942218612058256986e+04,2.548105777183141187e+07,3.342725890779792309e+09,5.052907973584561674e+00,4.173793633708696049e+00,3.887690729426600988e+00,3.887690729426600988e+00
8.459999999999999076e+00,2.052236483848932380e+02,8.860679776748726727e+04,2.512889275414652750e+07,3.271644750238935471e+09,5.045543916407490670e+00,4.170482880147852178e+00,3.887392089712801369e+00,3.887392089712801369e+00
8.490000000000000213e+00,2.040077380085476761e+02,8.779874015198269626e+04,2.478155046627471223e+07,3.202067036099198341e+09,5.038234880516895942e+00,4.167204333705017305e+00,3.887096125432986327e+00,3.887096125432986327e+00
8.519999999999999574e+00,2.027988938173030249e+02,8.699794898447064043e+04,2.443896575959586352e+07,3.133961172141293049e+09,5.030980300661752835e+00,4.163957657850241745e+00,3.886802801070963209e+00,3.886802801070963209e+00
8.549999999999998934e+00,2.015970764413978600e+02,8.620436051194892207e+04,2.410107434660751000e+07,3.067296239055217266e+09,5.023779619458064616e+00,4.160742520702364722e+00,3.886512081731502199e+00,3.886512081731502199e+00
8.580000000000000071e+00,2.004022467066859861e+02,8.541791151403884578e+04,2.376781278996684030e+07,3.002041960956311226e+09,5.016632287249287003e+00,4.157558594946062058e+00,3.886223933126933705e+00,3.886223933126933705e+00
8.609999999999999432e+00,1.992143656340532516e+02,8.463853929903089011e+04,2.343911849166221544e+07,2.938168692172568321e+09,5.009537761969787617e+00,4.154405557750679101e+00,3.885938321564085030e+00,3.885938321564085030e+00
8.640000000000000568e+00,1.980333944388274574e+02,8.386618169994953496e+04,2.311492968231217563e+07,2.875647404297958851e+09,5.002495509011217756e+00,4.151283090690852440e+00,3.885655213931554108e+00,3.885655213931554108e+00
8.669999999999999929e+00,1.968592945301840871e+02,8.310077707063738490e+04,2.279518541059183702e+07,2.814449673506622314e+09,4.995505001091803621e+00,4.148190879668843145e+00,3.885374577687304321e+00,3.885374577687304321e+00
8.699999999999999289e+00,1.956920275105439657e+02,8.234226428185806435e+04,2.247982553278420120e+07,2.754547668122748852e+09,4.988565718128403326e+00,4.145128614838547776e+00,3.885096380846571940e+00,3.885096380846571940e+00
8.730000000000000426e+00,1.945315551749675933e+02,8.159058271741897624e+04,2.216879070245620608e+07,2.695914136441229343e+09,4.981677147111311044e+00,4.142095990531148075e+00,3.884820591970080450e+00,3.884820591970080450e+00
8.759999999999999787e+00,1.933778395105427421e+02,8.084567227031356015e+04,2.186202236025753245e+07,2.638522394794120312e+09,4.974838781981705260e+00,4.139092705182346066e+00,3.884547180152547075e+00,3.884547180152547075e+00
8.789999999999999147e+00,1.922308426957673078e+02,8.010747333888302092e+04,2.155946272384132072e+07,2.582346315858106136e+09,4.968050123511696725e+00,4.136118461261163226e+00,3.884276115011479735e+00,3.884276115011479735e+00
8.820000000000000284e+00,1.910905270999274421e+02,7.937592682299809530e+04,2.126105477790530771e+07,2.527360317198259354e+09,4.961310679186922812e+00,4.133172965200237137e+00,3.884007366676250239e+00,3.884007366676250239e+00
8.849999999999999645e+00,1.899568552824706842e+02,7.865097412026085658e+04,2.096674226435264945e+07,2.473539350043445587e+09,4.954619963091548840e+00,4.130255927327604937e+00,3.883740905777439689e+00,3.883740905777439689e+00
8.879999999999999005e+00,1.888297899923748560e+02,7.793255712222635339e+04,2.067646967257033661e+07,2.420858888288806915e+09,4.947977495795749192e+00,4.127367061799917636e+00,3.883476703436446797e+00,3.883476703436446797e+00
8.910000000000000142e+00,1.877092941675118425e+02,7.722061821064446121e+04,2.039018222982504964e+07,2.369294917720869064e+09,4.941382804245466609e+00,4.124506086537061300e+00,3.883214731255350216e+00,3.883214731255350216e+00
8.939999999999999503e+00,1.865953309340082455e+02,7.651510025372252858e+04,2.010782589177439734e+07,2.318823925460928440e+09,4.934835421654500287e+00,4.121672723158142482e+00,3.882954961307021335e+00,3.882954961307021335e+00
8.969999999999998863e+00,1.854878636056010635e+02,7.581594660240746452e+04,1.982934733309279755e+07,2.269422889622310638e+09,4.928334887398785114e+00,4.118866696918801473e+00,3.882697366125477334e+00,3.882697366125477334e+00
9.000000000000000000e+00,1.843868556829898750e+02,7.512310108668902831e+04,1.955469393821056560e+07,2.221069269177415848e+09,4.921880746912880689e+00,4.116087736649839179e+00,3.882441918696468264e+00,3.882441918696468264e+00
9.029999999999999361e+00,1.832922708531856699e+02,7.443650801192357903e+04,1.928381379216540977e+07,2.173740994030311108e+09,4.915472551588565331e+00,4.113335574697097208e+00,3.882188592448294173e+00,3.882188592448294173e+00
9.060000000000000497e+00,1.822040729888552448e+02,7.375611215517797973e+04,1.901665567156445235e+07,2.127416455290838957e+09,4.909109858675493321e+00,4.110609946862590292e+00,3.881937361242839390e+00,3.881937361242839390e+00
9.089999999999999858e+00,1.811222261476632980e+02,7.308185876159484906e+04,1.875316903565655649e+07,2.082074495746286631e+09,4.902792231183876304e+00,4.107910592346820877e+00,3.881688199366827519e+00,3.881688199366827519e+00
9.119999999999999218e+00,1.800466945716103169e+02,7.241369354077789467e+04,1.849330401751275733e+07,2.037694400526627302e+09,4.896519237789156875e+00,4.105237253692308741e+00,3.881441081523282932e+00,3.881441081523282932e+00
9.150000000000000355e+00,1.789774426863679366e+02,7.175156266319843417e+04,1.823701141531463712e+07,1.994255887959604979e+09,4.890290452738574878e+00,4.102589676728229051e+00,3.881195982823195667e+00,3.881195982823195667e+00
9.179999999999999716e+00,1.779144351006115130e+02,7.109541275662295811e+04,1.798424268374871463e+07,1.951739100611807585e+09,4.884105455759623737e+00,4.099967610516209504e+00,3.880952878777385706e+00,3.880952878777385706e+00
9.209999999999999076e+00,1.768576366053490290e+02,7.044519090256081836e+04,1.773494992550615966e+07,1.910124596512077332e+09,4.877963831970345332e+00,4.097370807297183504e+00,3.880711745288558667e+00,3.880711745288558667e+00
9.240000000000000213e+00,1.758070121732484381e+02,6.980084463273365691e+04,1.748908588288646936e+07,1.869393340553637505e+09,4.871865171791406546e+00,4.094799022439349123e+00,3.880472558643550229e+00,3.880472558643550229e+00
9.269999999999999574e+00,1.747625269579617964e+02,6.916232192556541122e+04,1.724660392950429767e+07,1.829526696071382523e+09,4.865809070859935304e+00,4.092252014387147696e+00,3.880235295505751747e+00,3.880235295505751747e+00
9.299999999999998934e+00,1.737241462934470349e+02,6.852957120269324514e+04,1.700745806209773570e+07,1.790506416590827465e+09,4.859795129945037928e+00,4.089729544611260259e+00,3.879999932907712168e+00,3.879999932907712168e+00
9.330000000000000071e+00,1.726918356932877430e+02,6.790254132549969654e+04,1.677160289243766293e+07,1.752314637745324135e+09,4.853822954865013806e+00,4.087231377559615630e+00,3.879766448243916255e+00,3.879766448243916255e+00
9.359999999999999432e+00,1.716655608500105927e+02,6.728118159166579426e+04,1.653899363933654502e+07,1.714933869358190536e+09,4.847892156406175879e+00,4.084757280609350616e+00,3.879534819263725787e+00,3.879534819263725787e+00
9.389999999999998792e+00,1.706452876344009439e+02,6.666544173174501339e+04,1.630958612075564265e+07,1.678346987686437845e+09,4.842002350243262754e+00,4.082307024019725006e+00,3.879305024064488627e+00,3.879305024064488627e+00
9.419999999999999929e+00,1.696309820948160620e+02,6.605527190575865097e+04,1.608333674600990489e+07,1.642537227822896957e+09,4.836153156861417557e+00,4.079880380885963831e+00,3.879077041084802335e+00,3.879077041084802335e+00
9.449999999999999289e+00,1.686226104564975969e+02,6.545062269981198915e+04,1.586020250806903094e+07,1.607488176253597736e+09,4.830344201479664257e+00,4.077477127094008225e+00,3.878850849097936759e+00,3.878850849097936759e+00
9.480000000000000426e+00,1.676201391208807081e+02,6.485144512273142027e+04,1.564014097595389560e+07,1.573183763567224026e+09,4.824575113975872576e+00,4.075097041276134036e+00,3.878626427205405847e+00,3.878626427205405847e+00
9.509999999999999787e+00,1.666235346649036728e+02,6.425769060272311617e+04,1.542311028722720593e+07,1.539608257313720942e+09,4.818845528813183954e+00,4.072739904767447960e+00,3.878403754830682892e+00,3.878403754830682892e+00
9.539999999999999147e+00,1.656327638403142259e+02,6.366931098405209923e+04,1.520906914057734236e+07,1.506746255008935928e+09,4.813155084967832842e+00,4.070405501563223005e+00,3.878182811713065448e+00,3.878182811713065448e+00
9.570000000000000284e+00,1.646477935729756723e+02,6.308625852374279930e+04,1.499797678849429265e+07,1.474582677282493830e+09,4.807503425858359769e+00,4.068093618277052848e+00,3.877963577901671677e+00,3.877963577901671677e+00
9.599999999999999645e+00,1.636685909621714643e+02,6.250848588830069639e+04,1.478979303003688343e+07,1.443102761165948629e+09,4.801890199276177107e+00,4.065804044099821546e+00,3.877746033749577936e+00,3.877746033749577936e+00
9.629999999999999005e+00,1.626951232799083584e+02,6.193594615045438695e+04,1.458447820368977822e+07,1.412292053518433809e+09,4.796315057317449337e+00,4.063536570759442412e+00,3.877530159908086471e+00,3.877530159908086471e+00
9.660000000000000142e+00,1.617273579702188613e+02,6.136859278591927432e+04,1.438199318030989356e+07,1.382136404587053299e+09,4.790777656316270949e+00,4.061290992481382922e+00,3.877315937321118788e+00,3.877315937321118788e+00
9.689999999999999503e+00,1.607652626484628513e+02,6.080637967018200288e+04,1.418229935616065748e+07,1.352621961699303627e+09,4.785277656779096667e+00,4.059067105949929477e+00,3.877103347219739149e+00,3.877103347219739149e+00
9.719999999999998863e+00,1.598088051006277226e+02,6.024926107530558511e+04,1.398535864603341371e+07,1.323735163084863424e+09,4.779814723320425784e+00,4.056864710270196461e+00,3.876892371116795744e+00,3.876892371116795744e+00
9.750000000000000000e+00,1.588579532826282730e+02,5.969719166675572342e+04,1.379113347645483911e+07,1.295462731824168205e+09,4.774388524599665118e+00,4.054683606930845841e+00,3.876682990801683548e+00,3.876682990801683548e+00
9.779999999999999361e+00,1.579126753196062793e+02,5.915012650024802861e+04,1.359958677897966281e+07,1.267791669921211481e+09,4.768998733259197209e+00,4.052523599767503981e+00,3.876475188335221755e+00,3.876475188335221755e+00
9.810000000000000497e+00,1.569729395052282257e+02,5.860802101861565461e+04,1.341068198356715776e+07,1.240709252498059273e+09,4.763645025863574745e+00,4.050384494926879242e+00,3.876268946044641783e+00,3.876268946044641783e+00
9.839999999999999858e+00,1.560387143009842248e+02,5.807083104869831732e+04,1.322438301204119436e+07,1.214203022108653545e+09,4.758327082839877598e+00,4.048266100831540371e+00,3.876064246518690304e+00,3.876064246518690304e+00
9.869999999999999218e+00,1.551099683354847230e+02,5.753851279825148231e+04,1.304065427163213491e+07,1.188260783169470072e+09,4.753044588419146343e+00,4.046168228145349488e+00,3.875861072602835300e+00,3.875861072602835300e+00
9.900000000000000355e+00,1.541866704037583133e+02,5.701102285287663108e+04,1.285946064860027656e+07,1.162870596504693031e+09,4.747797230578898464e+00,4.044090689739548772e+00,3.875659407394576927e+00,3.875659407394576927e+00
9.929999999999999716e+00,1.532687894665489239e+02,5.648831817297210364e+04,1.268076750193943270e+07,1.138020774003604174e+09,4.742584700986708590e+00,4.042033300659451989e+00,3.875459234238861850e+00,3.875459234238861850e+00
9.959999999999999076e+00,1.523562946496119537e+02,5.597035609070443752e+04,1.250454065715999901e+07,1.113699873387876034e+09,4.737406694944825247e+00,4.039995878091783510e+00,3.875260536723596605e+00,3.875260536723596605e+00
9.990000000000000213e+00,1.514491552430116315e+02,5.545709430700029770e+04,1.233074640015041456e+07,1.089896693086612940e+09,4.732262911335775257e+00,4.037978241332583096e+00,3.875063298675255563e+00,3.875063298675255563e+00
1.001999999999999957e+01,1.505473407004175783e+02,5.494849088855913578e+04,1.215935147111633047e+07,1.066600267216911197e+09,4.727153052568993097e+00,4.035980211755722635e+00,3.874867504154585252e+00,3.874867504154585252e+00
1.004999999999999893e+01,1.496508206384011430e+02,5.444450426488576340e+04,1.199032305859620124e+07,1.043799860667819977e+09,4.722076824528378403e+00,4.034001612781980661e+00,3.874673137452400606e+00,3.874673137452400606e+00
1.008000000000000007e+01,1.487595648357327036e+02,5.394509322534388048e+04,1.182362879355286993e+07,1.021484964285619140e+09,4.717033936520831361e+00,4.032042269848702176e+00,3.874480183085470930e+00,3.874480183085470930e+00
1.010999999999999943e+01,1.478735432326784007e+02,5.345021691622967774e+04,1.165923674353992380e+07,9.996452901583542824e+08,4.712024101225691375e+00,4.030102010379976285e+00,3.874288625792492002e+00,3.874288625792492002e+00
1.013999999999999879e+01,1.469927259302976665e+02,5.295983483786552097e+04,1.149711540694198012e+07,9.782707669976114035e+08,4.707047034645104766e+00,4.028180663757384039e+00,3.874098450530143900e+00,3.874098450530143900e+00
1.016999999999999993e+01,1.461170831897403559e+02,5.247390684171411704e+04,1.133723370728824846e+07,9.573515356155732870e+08,4.702102456055262891e+00,4.026278061291251653e+00,3.873909642469234527e+00,3.873909642469234527e+00
1.019999999999999929e+01,1.452465854315449860e+02,5.199239312751269608e+04,1.117956098763825186e+07,9.368779444954214096e+08,4.697190087958512450e+00,4.024394036192427748e+00,3.873722186990921301e+00,3.873722186990921301e+00
1.023000000000000043e+01,1.443812032349370611e+02,5.151525424042720988e+04,1.102406700503898785e+07,9.168405454531748295e+08,4.692309656036335319e+00,4.022528423544575737e+00,3.873536069683014560e+00,3.873536069683014560e+00
1.025999999999999979e+01,1.435209073371276531e+02,5.104245106822657544e+04,1.087072192505268380e+07,8.972300893891372681e+08,4.687460889103111761e+00,4.020681060276927177e+00,3.873351276336354232e+00,3.873351276336354232e+00
1.028999999999999915e+01,1.426656686326131478e+02,5.057394483847684023e+04,1.071949631635425054e+07,8.780375221270999908e+08,4.682643519060770032e+00,4.018851785137565358e+00,3.873167792941268228e+00,3.873167792941268228e+00
1.032000000000000028e+01,1.418154581724749619e+02,5.010969711575507245e+04,1.057036114539762773e+07,8.592539803395406008e+08,4.677857280854172295e+00,4.017040438667147662e+00,3.872985605684099220e+00,3.872985605684099220e+00
1.034999999999999964e+01,1.409702471636803125e+02,4.964966979888331844e+04,1.042328777115035430e+07,8.408707875570697784e+08,4.673101912427313209e+00,4.015246863173097758e+00,3.872804700943805578e+00,3.872804700943805578e+00
1.037999999999999901e+01,1.401300069683834408e+02,4.919382511818185594e+04,1.027824793989515305e+07,8.228794502603785992e+08,4.668377154680279695e+00,4.013470902704266763e+00,3.872625065288632040e+00,3.872625065288632040e+00
1.041000000000000014e+01,1.392947091032278308e+02,4.874212563274227432e+04,1.013521378009826504e+07,8.052716540530570745e+08,4.663682751426952322e+00,4.011712403026019835e+00,3.872446685472847872e+00,3.872446685472847872e+00
1.043999999999999950e+01,1.384643252386492520e+02,4.829453422772028716e+04,9.994157797343276441e+06,7.880392599135997295e+08,4.659018449353456326e+00,4.009971211595775742e+00,3.872269548433554309e+00,3.872269548433554309e+00
1.046999999999999886e+01,1.376388271981793423e+02,4.785101411164753517e+04,9.855052869329921901e+06,7.711743005249930620e+08,4.654383997977308063e+00,4.008247177538955874e+00,3.872093641287555954e+00,3.872093641287555954e+00
1.050000000000000000e+01,1.368181869577501857e+02,4.741152881376321602e+04,9.717872240936938673e+06,7.546689766803139448e+08,4.649779149607302209e+00,4.006540151625370250e+00,3.871918951328293446e+00,3.871918951328293446e+00
1.052999999999999936e+01,1.360023766450006235e+02,4.697604218136476265e+04,9.582589519348382950e+06,7.385156537627797127e+08,4.645203647589129403e+00,4.004849981635980605e+00,3.871745466022843640e+00,3.871745466022843640e+00
1.055999999999999872e+01,1.351913685385821964e+02,4.654451837717776652e+04,9.449178669242331758e+06,7.227068582987269163e+08,4.640657273162342555e+00,4.003176530810374167e+00,3.871573173008974855e+00,3.871573173008974855e+00
1.058999999999999986e+01,1.343851350674671608e+02,4.611692187674509478e+04,9.317614008041610941e+06,7.072352745820424557e+08,4.636139775024425980e+00,4.001519650073459111e+00,3.871402060092266062e+00,3.871402060092266062e+00
1.061999999999999922e+01,1.335836488102576141e+02,4.569321746583504137e+04,9.187870201225478202e+06,6.920937413685787916e+08,4.631650916261485840e+00,3.999879196544381177e+00,3.871232115243281147e+00,3.871232115243281147e+00
1.065000000000000036e+01,1.327868824944947619e+02,4.527337023786830105e+04,9.059922257701670751e+06,6.772752486391198635e+08,4.627190462560307083e+00,3.998255028874511563e+00,3.871063326594801790e+00,3.871063326594801790e+00
1.067999999999999972e+01,1.319948089959706863e+02,4.485734559136407188e+04,8.933745525238081813e+06,6.627729344295116663e+08,4.622758182172150399e+00,3.996647007226163950e+00,3.870895682439112306e+00,3.870895682439112306e+00
1.070999999999999908e+01,1.312074013380405688e+02,4.444510922740464594e+04,8.809315685953304172e+06,6.485800817265632153e+08,4.618353845877173569e+00,3.995054993251659248e+00,3.870729171225343546e+00,3.870729171225343546e+00
1.074000000000000021e+01,1.304246326909357947e+02,4.403662714711885201e+04,8.686608751865329221e+06,6.346901154283903837e+08,4.613977226949436350e+00,3.993478850072747388e+00,3.870563781556865202e+00,3.870563781556865202e+00
1.076999999999999957e+01,1.296464763710797001e+02,4.363186564918426302e+04,8.565601060497773811e+06,6.210965993678760529e+08,4.609628101122505761e+00,3.991918442260388833e+00,3.870399502188731411e+00,3.870399502188731411e+00
1.079999999999999893e+01,1.288729058404029502e+02,4.323079132734749146e+04,8.446269270542748272e+06,6.077932333979450464e+08,4.605306246555639582e+00,3.990373635814857600e+00,3.870236322025177422e+00,3.870236322025177422e+00
1.083000000000000007e+01,1.281038947056617019e+02,4.283337106796320586e+04,8.328590357579913922e+06,5.947738505374108553e+08,4.601011443800513412e+00,3.988844298146191125e+00,3.870074230117162450e+00,3.870074230117162450e+00
1.085999999999999943e+01,1.273394167177566629e+02,4.243957204755160637e+04,8.212541609850847162e+06,5.820324141761273146e+08,4.596743475768519716e+00,3.987330298054965638e+00,3.869913215659966266e+00,3.869913215659966266e+00
1.088999999999999879e+01,1.265794457710529457e+02,4.204936173037369008e+04,8.098100624088129029e+06,5.695630153382411003e+08,4.592502127698611325e+00,3.985831505713386846e+00,3.869753267990826640e+00,3.869753267990826640e+00
1.091999999999999993e+01,1.258239559027023660e+02,4.166270786602509907e+04,7.985245301398471929e+06,5.573598700023608208e+08,4.588287187125651201e+00,3.984347792646700359e+00,3.869594376586626083e+00,3.869594376586626083e+00
1.094999999999999929e+01,1.250729212919672193e+02,4.127957848704781645e+04,7.873953843199197203e+06,5.454173164774574041e+08,4.584098443849312865e+00,3.982879031714909868e+00,3.869436531061623885e+00,3.869436531061623885e+00
1.098000000000000043e+01,1.243263162595442566e+02,4.089994190655975399e+04,7.764204747207455337e+06,5.337298128333628178e+08,4.579935689903478213e+00,3.981425097094793752e+00,3.869279721165229446e+00,3.869279721165229446e+00
1.100999999999999979e+01,1.235841152668922120e+02,4.052376671590249316e+04,7.655976803481481969e+06,5.222919343847486377e+08,4.575798719526134484e+00,3.979985864262217454e+00,3.869123936779822248e+00,3.869123936779822248e+00
1.103999999999999915e+01,1.228462929155591468e+02,4.015102178230634308e+04,7.549249090513296425e+06,5.110983712274758220e+08,4.571687329129762389e+00,3.978561209974749158e+00,3.868969167918609120e+00,3.868969167918609120e+00
1.107000000000000028e+01,1.221128239465124636e+02,3.978167624657349370e+04,7.444000971372145228e+06,5.001439258262422085e+08,4.567601317272220740e+00,3.977151012254540596e+00,3.868815404723527251e+00,3.868815404723527251e+00
1.109999999999999964e+01,1.213836832394705425e+02,3.941569952077857306e+04,7.340212089898214675e+06,4.894235106524846554e+08,4.563540484628076044e+00,3.975755150371504065e+00,3.868662637463184062e+00,3.868662637463184062e+00
1.112999999999999901e+01,1.206588458122350289e+02,3.905306128598660871e+04,7.237862366945705377e+06,4.789321458714794517e+08,4.559504633960437481e+00,3.974373504826748338e+00,3.868510856530838371e+00,3.868510856530838371e+00
1.116000000000000014e+01,1.199382868200263488e+02,3.869373148998848774e+04,7.136931996675012633e+06,4.686649570776544809e+08,4.555493570093195110e+00,3.973005957336305460e+00,3.868360052442417540e+00,3.868360052442417540e+00
1.118999999999999950e+01,1.192219815548196777e+02,3.833768034505371907e+04,7.037401442893106490e+06,4.586171730770995617e+08,4.551507099883742136e+00,3.971652390815092470e+00,3.868210215834575028e+00,3.868210215834575028e+00
1.121999999999999886e+01,1.185099054446833549e+02,3.798487832570025057e+04,6.939251435441685840e+06,4.487841237163112164e+08,4.547545032196135928e+00,3.970312689361157332e+00,3.868061337462781690e+00,3.868061337462781690e+00
1.125000000000000000e+01,1.178020340531188737e+02,3.763529616648147930e+04,6.842462966632397845e+06,4.391612377562277317e+08,4.543607177874654290e+00,3.968986738240164236e+00,3.867913408199456615e+00,3.867913408199456615e+00
1.127999999999999936e+01,1.170983430784024932e+02,3.728890485979036021e+04,6.747017287728715688e+06,4.297440407906048298e+08,4.539693349717811799e+00,3.967674423870130251e+00,3.867766419032128145e+00,3.867766419032128145e+00
1.130999999999999872e+01,1.163988083529290662e+02,3.694567565368011128e+04,6.652895905473602004e+06,4.205281532078275681e+08,4.535803362452766940e+00,3.966375633806408896e+00,3.867620361061634870e+00,3.867620361061634870e+00
1.133999999999999986e+01,1.157034058425573022e+02,3.660558004970198817e+04,6.560080578662715852e+06,4.115092881952671409e+08,4.531937032710143143e+00,3.965090256726914841e+00,3.867475225500355496e+00,3.867475225500355496e+00
1.136999999999999922e+01,1.150121116459571056e+02,3.626858980075972067e+04,6.468553314762334339e+06,4.026832497852927446e+08,4.528094178999243269e+00,3.963818182417574665e+00,3.867331003670473333e+00,3.867331003670473333e+00
1.140000000000000036e+01,1.143249019939588749e+02,3.593467690898039291e+04,6.378296366571589373e+06,3.940459309420859218e+08,4.524274621683664677e+00,3.962559301758019625e+00,3.867187687002275442e+00,3.867187687002275442e+00
1.142999999999999972e+01,1.136417532489044646e+02,3.560381362360207277e+04,6.289292228928360157e+06,3.855933116884196997e+08,4.520478182957281987e+00,3.961313506707496934e+00,3.867045267032477529e+00,3.867045267032477529e+00
1.145999999999999908e+01,1.129626419040001792e+02,3.527597243887754303e+04,6.201523635458361357e+06,3.773214572715666890e+08,4.516704686820617987e+00,3.960080690291005290e+00,3.866903735402586140e+00,3.866903735402586140e+00
1.149000000000000021e+01,1.122875445826717709e+02,3.495112609199467261e+04,6.114973555366803892e+06,3.692265163675325513e+08,4.512953959057592002e+00,3.958860746585650237e+00,3.866763083857285732e+00,3.866763083857285732e+00
1.151999999999999957e+01,1.116164380379213981e+02,3.462924756101277308e+04,6.029625190272202715e+06,3.613047193228303194e+08,4.509225827212601345e+00,3.957653570707214907e+00,3.866623304242859049e+00,3.866623304242859049e+00
1.154999999999999893e+01,1.109492991516864322e+02,3.431031006281509326e+04,5.945461971081619151e+06,3.535523764330023527e+08,4.505520120567993558e+00,3.956459058796933270e+00,3.866484388505633696e+00,3.866484388505633696e+00
1.158000000000000007e+01,1.102861049342001110e+02,3.399428705107735732e+04,5.862467554907056503e+06,3.459658762571510077e+08,4.501836670121861950e+00,3.955277108008472098e+00,3.866346328690458023e+00,3.866346328690458023e+00
1.160999999999999943e+01,1.096268325233549348e+02,3.368115221425233176e+04,5.780625822022269480e+06,3.385416839677145481e+08,4.498175308566204400e+00,3.954107616495129651e+00,3.866209116939205437e+00,3.866209116939205437e+00
1.163999999999999879e+01,1.089714591840670579e+02,3.337087947356996301e+04,5.699920872859622352e+06,3.312763397347685695e+08,4.494535870265402799e+00,3.952950483397206671e+00,3.866072745489304019e+00,3.866072745489304019e+00
1.166999999999999993e+01,1.083199623076433369e+02,3.306344298105337657e+04,5.620337025046410970e+06,3.241664571441408992e+08,4.490918191235034662e+00,3.951805608829594085e+00,3.865937206672295900e+00,3.865937206672295900e+00
1.169999999999999929e+01,1.076723194111505677e+02,3.275881711755062497e+04,5.541858810480204411e+06,3.172087216486309767e+08,4.487322109121030245e+00,3.950672893869550339e+00,3.865802492912417510e+00,3.865802492912417510e+00
1.173000000000000043e+01,1.070285081367860442e+02,3.245697649078158429e+04,5.464470972442665137e+06,3.103998890516525507e+08,4.483747463179112103e+00,3.949552240544644821e+00,3.865668596725209571e+00,3.865668596725209571e+00
1.175999999999999979e+01,1.063885062512512008e+02,3.215789593340068677e+04,5.388158462751396000e+06,3.037367840226330161e+08,4.480194094254590809e+00,3.948443551820915332e+00,3.865535510716151091e+00,3.865535510716151091e+00
1.178999999999999915e+01,1.057522916451265331e+02,3.186155050107466741e+04,5.312906438949310221e+06,2.972162986435016990e+08,4.476661844762430675e+00,3.947346731591198754e+00,3.865403227579316869e+00,3.865403227579316869e+00
1.182000000000000028e+01,1.051198423322487372e+02,3.156791547057570278e+04,5.238700261531050317e+06,2.908353909856269956e+08,4.473150558667638776e+00,3.946261684663615821e+00,3.865271740096058561e+00,3.865271740096058561e+00
1.184999999999999964e+01,1.044911364490906465e+02,3.127696633788965482e+04,5.165525491206039675e+06,2.845910837165761590e+08,4.469660081465943513e+00,3.945188316750266821e+00,3.865141041133710598e+00,3.865141041133710598e+00
1.187999999999999901e+01,1.038661522541422073e+02,3.098867881633923753e+04,5.093367886197557673e+06,2.784804627360690832e+08,4.466190260164768056e+00,3.944126534456072974e+00,3.865011123644317870e+00,3.865011123644317870e+00
1.191000000000000014e+01,1.032448681272944953e+02,3.070302883472222311e+04,5.022213399577580392e+06,2.725006758405259252e+08,4.462740943264485338e+00,3.943076245267804314e+00,3.864881980663386507e+00,3.864881980663386507e+00
1.193999999999999950e+01,1.026272625692256923e+02,3.041999253546455293e+04,4.952048176636759192e+06,2.666489314156190753e+08,4.459311980739957271e+00,3.942037357543247911e+00,3.864753605308655082e+00,3.864753605308655082e+00
1.196999999999999886e+01,1.020133142007885283e+02,3.013954627278789121e+04,4.882858552289186977e+06,2.609224971562366784e+08,4.455903224022352838e+00,3.941009780500575044e+00,3.864625990778891573e+00,3.864625990778891573e+00
1.200000000000000000e+01,1.014030017624009616e+02,2.986166661089213812e+04,4.814631048511447385e+06,2.553186988133017421e+08,4.452514525981232651e+00,3.939993424207834050e+00,3.864499130352704537e+00,3.864499130352704537e+00
