z,mass_msun,concentration,rho_crit_msun_kpc3,Rvir_kpc,Rs_kpc,rho_s_msun_kpc3,vdisp_km_s,vvir_km_s,I_rho2_msun2_kpc3,sigma_v_kpc3_per_year,reconstructed_rate_per_year,module_rate_per_year,dln_Irho2_dz,dln_sigma_v_dz,dln_rate_dz
0.000000000000e+00,1.000000000000e+12,8.710309181669e+00,1.275793626121e+02,2.107173628051e+02,2.419172022602e+01,4.084297198291e+06,1.671302417059e+02,2.020435608638e+02,9.882093119199e+17,9.700153306030e-27,5.325434346705e-12,5.325434346705e-12,-1.033399227288e-01,2.366106277364e-02,-7.967885995517e-02
2.448979591837e-01,8.809655074142e+11,8.018255790044e+00,1.640959510822e+02,1.857437224081e+02,2.316510314360e+01,4.304567977746e+06,1.642966261670e+02,2.019842728305e+02,9.635137833967e+17,9.756524455306e-27,5.222525439297e-12,5.222525439297e-12,-1.552867919983e-02,1.403190306328e-02,-1.496776136548e-03
4.897959183673e-01,7.692960337224e+11,7.446039495048e+00,2.182155311624e+02,1.614469123419e+02,2.168225302179e+01,4.796590747391e+06,1.623305882881e+02,2.024543208436e+02,9.807216181927e+17,9.767049836360e-27,5.321531622491e-12,5.321531622491e-12,1.072051413890e-01,4.207076576407e-03,1.114122179654e-01
7.346938775510e-01,6.676882261440e+11,6.953312944951e+00,2.934009864484e+02,1.395290105409e+02,2.006655124623e+01,5.482892334857e+06,1.606228099509e+02,2.028849241612e+02,1.015458419133e+18,9.776649564645e-27,5.515433950743e-12,5.515433950743e-12,1.435841252514e-01,1.006046444148e-02,1.536445896929e-01
9.795918367347e-01,5.769035484599e+11,6.517920526011e+00,3.931152005354e+02,1.205465880944e+02,1.849463914346e+01,6.308741354189e+06,1.587986642693e+02,2.028940535799e+02,1.052175878575e+18,9.815296473119e-27,5.737454550041e-12,5.737454550041e-12,1.287199434834e-01,2.530166347795e-02,1.540216069613e-01
1.224489795918e+00,4.967504657184e+11,6.126858363065e+00,5.208210570190e+02,1.044184032554e+02,1.704273170159e+01,7.232176811402e+06,1.566763142588e+02,2.022906420276e+02,1.081540764146e+18,9.898562024597e-27,5.947610186684e-12,5.947610186684e-12,8.837501180869e-02,4.478226114561e-02,1.331572729543e-01
1.469387755102e+00,4.265714395268e+11,5.772192900856e+00,6.799814394946e+02,9.080826338982e+01,1.573202159899e+01,8.220963332451e+06,1.541968533559e+02,2.010149588162e+02,1.098720153247e+18,1.003296530774e-26,6.124122878021e-12,6.124122878021e-12,3.837552395660e-02,6.532445517136e-02,1.036999791280e-01
1.714285714286e+00,3.655001266178e+11,5.448999615251e+00,8.740592315577e+02,7.932486729686e+01,1.455769368653e+01,9.251900202934e+06,1.513692532761e+02,1.990830400572e+02,1.102061848398e+18,1.022039412439e-26,6.257503577826e-12,6.257503577826e-12,-1.245921190012e-02,8.524786824009e-02,7.278865633997e-02
1.959183673469e+00,3.126016447726e+11,5.154225675329e+00,1.106517316804e+03,6.960463273478e+01,1.350438205839e+01,1.031087793380e+07,1.482354788863e+02,1.965494040788e+02,1.092035661929e+18,1.046075106959e-26,6.346396232530e-12,6.346396232530e-12,-5.952487130877e-02,1.037790635309e-01,4.425419222210e-02
2.204081632653e+00,2.669494672869e+11,4.886012971429e+00,1.380818578828e+03,6.133729374037e+01,1.255364938633e+01,1.139305583133e+07,1.448504102371e+02,1.934850433666e+02,1.070395058541e+18,1.075333253504e-26,6.394618893529e-12,6.394618893529e-12,-1.005877521724e-01,1.206396225783e-01,2.005187040589e-02
2.448979591837e+00,2.276664973368e+11,4.643265908658e+00,1.700425901226e+03,5.426764014227e+01,1.168738582063e+01,1.250291790787e+07,1.412708937243e+02,1.899652965440e+02,1.039537667449e+18,1.109749108917e-26,6.409033334096e-12,6.409033334096e-12,-1.347243337344e-01,1.358047335836e-01,1.080399849215e-03
2.693877551020e+00,1.939453717453e+11,4.425356049107e+00,2.068802167593e+03,4.818893011095e+01,1.088927751264e+01,1.365413569027e+07,1.375500633859e+02,1.860635244391e+02,1.002042448115e+18,1.149293287659e-26,6.398003664262e-12,6.398003664262e-12,-1.617529500130e-01,1.493719144674e-01,-1.238103554553e-02
2.938775510204e+00,1.650565902855e+11,4.231906348354e+00,2.489410261525e+03,4.293445254796e+01,1.014541651297e+01,1.486924360285e+07,1.337346487580e+02,1.818480485866e+02,9.603573051342e+17,1.193984120894e-26,6.370285403972e-12,6.370285403972e-12,-1.819436715654e-01,1.614920668465e-01,-2.045160471884e-02
3.183673469388e+00,1.403495427336e+11,4.062623009645e+00,2.965713066618e+03,3.836964273756e+01,9.444549161086e+00,1.617915226468e+07,1.298639876689e+02,1.773808772695e+02,9.166084367504e+17,1.243892251719e-26,6.334234068524e-12,6.334234068524e-12,-1.958769783288e-01,1.723337364669e-01,-2.354324186186e-02
3.428571428571e+00,1.192494940633e+11,3.917156074047e+00,3.501173466466e+03,3.438545461244e+01,8.778168130769e+00,1.762249590857e+07,1.259700279427e+02,1.727173883656e+02,8.725026257921e+17,1.299142038903e-26,6.297249112333e-12,6.297249112333e-12,-2.043778053828e-01,1.820645827978e-01,-2.231322258500e-02
3.673469387755e+00,1.012523986878e+11,3.794976954908e+00,4.099254344664e+03,3.089303785918e+01,8.140507367042e+00,1.924473312736e+07,1.220778977520e+02,1.679065070507e+02,8.292958452931e+17,1.359911828588e-26,6.265384607850e-12,6.265384607850e-12,-2.084837143897e-01,1.908418410049e-01,-1.764187338483e-02
3.918367346939e+00,8.591869207601e+10,3.695265618244e+00,4.763418584810e+03,2.781955007208e+01,7.528430415051e+00,2.109679953739e+07,1.182067700090e+02,1.629911233162e+02,7.878054678906e+17,1.426434011099e-26,6.243069519605e-12,6.243069519605e-12,-2.094231918185e-01,1.988078271985e-01,-1.061536462001e-02
4.163265306122e+00,7.286676015834e+10,3.616804079681e+00,5.497129070497e+03,2.510488908641e+01,6.941180261172e+00,2.323296186084e+07,1.143708199235e+02,1.580086096815e+02,7.484484549186e+17,1.498995366458e-26,6.232893144199e-12,6.232893144199e-12,-2.085892368602e-01,2.060886697505e-01,-2.500567109749e-03
4.408163265306e+00,6.176650538878e+10,3.557877172587e+00,6.303848685322e+03,2.269914758474e+01,6.379969426610e+00,2.570737430034e+07,1.105801258201e+02,1.529913638574e+02,7.112934223923e+17,1.577938140672e-26,6.235427891123e-12,6.235427891123e-12,-2.074996129339e-01,2.127953038820e-01,5.295690948088e-03
4.653061224490e+00,5.233324992538e+10,3.516185461384e+00,7.187040312880e+03,2.056062631265e+01,5.847423731899e+00,2.856872814881e+07,1.068414174142e+02,1.479673370689e+02,6.761195256509e+17,1.663662336975e-26,6.249081056214e-12,6.249081056214e-12,-2.077421313531e-01,2.190259278987e-01,1.128379654560e-02
4.897959183673e+00,4.432210315874e+10,3.488776797672e+00,8.150166836765e+03,1.865427688739e+01,5.346939047473e+00,3.185235072909e+07,1.031586380365e+02,1.429605287952e+02,6.424787783270e+17,1.756629693046e-26,6.269984995339e-12,6.269984995339e-12,-2.109124628294e-01,2.248690484635e-01,1.395658563411e-02
5.142857142857e+00,3.752284933417e+10,3.472000428158e+00,9.196691140575e+03,1.695047479820e+01,4.882048590990e+00,3.556917338925e+07,9.953334638499e+01,1.379914398021e+02,6.097602274126e+17,1.857369689450e-26,6.291945356824e-12,6.291945356824e-12,-2.185614238630e-01,2.304062817505e-01,1.184485788747e-02
5.387755102041e+00,3.175536654779e+10,3.461480411067e+00,1.033007610790e+04,1.542404681156e+01,4.455910471786e+00,3.969115832057e+07,9.596502146133e+01,1.330774814047e+02,5.772545284443e+17,1.966487747838e-26,6.306466430942e-12,6.306466430942e-12,-2.321749738869e-01,2.357143718594e-01,3.539397972517e-03
5.632653061224e+00,2.686556151102e+10,3.452094989075e+00,1.155378462235e+04,1.405349520696e+01,4.071004781572e+00,4.413305165609e+07,9.245134068569e+01,1.282333421000e+02,5.442166686517e+17,2.084675648036e-26,6.302862424407e-12,6.302862424407e-12,-2.532117163926e-01,2.408663361290e-01,-1.234538026355e-02
5.877551020408e+00,2.272178904483e+10,3.437937618882e+00,1.287127956750e+04,1.282037509049e+01,3.729088922403e+00,4.873072471137e+07,8.898848155742e+01,1.234713142976e+02,5.099237618064e+17,2.212724210263e-26,6.268448072985e-12,6.268448072985e-12,-2.986857235351e-01,2.463261936585e-01,-5.235952987658e-02
6.122448979592e+00,1.921171726169e+10,3.393040129881e+00,1.428602382696e+04,1.170879144454e+01,3.450826101767e+00,5.257338652354e+07,8.553338755229e+01,1.188015845462e+02,4.701502889250e+17,2.351992503865e-26,6.143277529119e-12,6.143277529119e-12,-3.544098814659e-01,2.517326576515e-01,-1.026772238144e-01
6.367346938776e+00,1.623959615948e+10,3.329807361735e+00,1.580148028432e+04,1.070499040069e+01,3.214897811721e+00,5.584124104898e+07,8.212480013950e+01,1.142324908314e+02,4.286637081865e+17,2.503080213738e-26,5.960998035051e-12,5.960998035051e-12,-3.802904600682e-01,2.560886802911e-01,-1.242017797771e-01
6.612244897959e+00,1.372388712018e+10,3.272145937693e+00,1.742111182318e+04,9.797025113289e+00,2.994067287902e+00,5.929769334419e+07,7.881521742751e+01,1.097707504234e+02,3.902500517978e+17,2.666306105002e-26,5.780700531032e-12,5.780700531032e-12,-3.864340918669e-01,2.597096992206e-01,-1.267243926463e-01
6.857142857143e+00,1.159521240056e+10,3.219384291731e+00,1.914838132713e+04,8.974481058859e+00,2.787638953793e+00,6.294614167291e+07,7.560503239033e+01,1.054216615256e+02,3.547448765830e+17,2.842621840606e-26,5.602252966766e-12,5.602252966766e-12,-3.925530443605e-01,2.631269380882e-01,-1.294261062723e-01
7.102040816327e+00,9.794586343757e+09,3.170950483060e+00,2.098675167976e+04,8.228248957356e+00,2.594884089585e+00,6.679017182983e+07,7.249430077032e+01,1.011892816924e+02,3.219888163970e+17,3.033061585166e-26,5.425621721483e-12,5.425621721483e-12,-3.986146383081e-01,2.663563258481e-01,-1.322583124601e-01
7.346938775510e+00,8.271893215251e+09,3.126355112232e+00,2.293968576468e+04,7.550336079033e+00,2.415060288415e+00,7.083353182634e+07,6.948275769798e+01,9.707658568332e+01,2.918263841938e+17,3.238748697864e-26,5.250846232278e-12,5.250846232278e-12,-4.045937163343e-01,2.694122484131e-01,-1.351814679212e-01
7.591836734694e+00,6.984579941207e+09,3.085177505227e+00,2.501064646548e+04,6.933708667471e+00,2.247426171014e+00,7.508011109464e+07,6.656983934888e+01,9.308560513087e+01,2.641054518975e+17,3.460903053596e-26,5.078018694129e-12,5.078018694129e-12,-4.104712056487e-01,2.723077255565e-01,-1.381634800922e-01
7.836734693878e+00,5.896535390103e+09,3.047054484192e+00,2.720309666575e+04,6.372159723738e+00,2.091252308351e+00,7.953392333544e+07,6.375470759679e+01,8.921755212843e+01,2.386771804831e+17,3.700849039136e-26,4.907267855858e-12,4.907267855858e-12,-4.162329400139e-01,2.750545636843e-01,-1.411783763296e-01
8.081632653061e+00,4.977131060041e+09,3.011671195812e+00,2.952049924909e+04,5.860197569709e+00,1.945829138938e+00,8.419909232144e+07,6.103627615789e+01,8.547292859788e+01,2.153962310857e+17,3.960024276930e-26,4.738746134771e-12,4.738746134771e-12,-4.218686972700e-01,2.776634885836e-01,-1.442052086865e-01
8.326530612245e+00,4.200401040414e+09,2.978753584581e+00,3.196631709909e+04,5.392951522199e+00,1.810472524520e+00,8.907984011035e+07,5.841323713512e+01,8.185162307607e+01,1.941211334853e+17,4.239989135042e-26,4.572619426999e-12,4.572619426999e-12,-4.273714149478e-01,2.801442613482e-01,-1.472271535996e-01
8.571428571429e+00,3.544341870104e+09,2.948062187309e+00,3.454401309936e+04,4.966091725257e+00,1.684527465749e+00,9.418047723186e+07,5.588408718735e+01,7.835299636320e+01,1.747147235468e+17,4.542437087990e-26,4.409059111428e-12,4.409059111428e-12,-4.327365522890e-01,2.825057800280e-01,-1.502307722610e-01
8.816326530612e+00,2.990315401824e+09,2.919386993881e+00,3.725705013348e+04,4.575760751676e+00,1.567370397027e+00,9.950539449806e+07,5.344715278859e+01,7.497595730433e+01,1.570445882432e+17,4.869205999687e-26,4.248235840511e-12,4.248235840511e-12,-4.379615721898e-01,2.847561690596e-01,-1.532054031303e-01
9.061224489796e+00,2.522540005826e+09,2.892543172448e+00,4.010889108505e+04,4.218515031110e+00,1.458410395147e+00,1.050590561543e+08,5.110061422211e+01,7.171902982289e+01,1.409834774294e+17,5.222290406660e-26,4.090314787095e-12,4.090314787095e-12,-4.430455211003e-01,2.869028581701e-01,-1.561426629302e-01
9.306122448980e+00,2.127657417538e+09,2.867367498546e+00,4.310299883767e+04,3.891274517579e+00,1.357089567191e+00,1.108459941409e+08,4.884252808906e+01,6.858041219312e+01,1.264096569469e+17,5.603854887130e-26,3.935452077012e-12,3.935452077012e-12,-4.479886887782e-01,2.889526521638e-01,-1.590360366145e-01
9.551020408163e+00,1.794364269841e+09,2.843715359966e+00,4.624283627492e+04,3.591279293421e+00,1.262882827156e+00,1.168708032779e+08,4.667084820992e+01,6.555802942160e+01,1.132071890115e+17,6.016248609520e-26,3.783792185990e-12,3.783792185990e-12,-4.527923330499e-01,2.909117927745e-01,-1.618805402753e-01
9.795918367347e+00,1.513098871531e+09,2.821458234523e+00,4.953186628042e+04,3.316052035393e+00,1.175297225675e+00,1.231381372196e+08,4.458344486928e+01,6.264957950661e+01,1.012661340663e+17,6.462021162611e-26,3.635466118845e-12,3.635466118845e-12,-4.574584574361e-01,2.927860135940e-01,-1.646724438421e-01
1.004081632653e+01,1.275775119681e+09,2.800481557861e+00,5.297355173775e+04,3.063365453297e+00,1.093870961120e+00,1.296527050527e+08,4.257812240620e+01,5.985257425484e+01,9.048267407086e+16,6.943939778905e-26,3.490590221013e-12,3.490590221013e-12,-4.619896317463e-01,2.945805889356e-01,-1.674090428107e-01
1.028571428571e+01,1.075556585866e+09,2.780682914252e+00,5.657135553051e+04,2.831213961420e+00,1.018172171630e+00,1.364192684331e+08,4.065263518817e+01,5.716437525702e+01,8.075916112542e+16,7.465008072870e-26,3.349265498664e-12,3.349265498664e-12,-4.663888475789e-01,2.963003773761e-01,-1.700884702028e-01
1.053061224490e+01,9.066648140390e+08,2.761970495907e+00,6.032874054229e+04,2.617788965294e+00,9.477975847943e-01,1.434426391765e+08,3.880470203182e+01,5.458222555550e+01,7.200409783206e+16,8.028486426786e-26,3.211577345098e-12,3.211577345098e-12,-4.706594021736e-01,2.979498606158e-01,-1.727095415578e-01
1.077551020408e+01,7.642167296431e+08,2.744261786367e+00,6.424916965669e+04,2.421457246349e+00,8.823710836840e-01,1.507276772284e+08,3.703201914901e+01,5.210327747671e+01,6.413205724969e+16,8.637914168846e-26,3.077595588857e-12,3.077595588857e-12,-4.748048052887e-01,2.995331782132e-01,-1.752716270755e-01
1.102040816327e+01,6.440868021841e+08,2.727482431580e+00,6.833610575730e+04,2.240742009263e+00,8.215422337165e-01,1.582792889564e+08,3.533227170685e+01,4.972461704857e+01,5.706355097104e+16,9.297133701192e-26,2.947374793570e-12,2.947374793570e-12,-4.788287047735e-01,3.010541586774e-01,-1.777745460962e-01
1.126530612245e+01,5.427902420078e+08,2.711565268754e+00,7.259301172773e+04,2.074306224760e+00,7.649848036716e-01,1.661024257129e+08,3.370314409481e+01,4.744328537629e+01,5.072485396823e+16,1.001031674972e-25,2.820954751697e-12,2.820954751697e-12,-4.827348273202e-01,3.025163473418e-01,-1.802184799784e-01
1.151020408163e+01,4.573840601595e+08,2.696449488281e+00,7.702335045156e+04,1.920937956837e+00,7.123953054509e-01,1.742020826262e+08,3.214232899373e+01,4.525629730888e+01,4.504779458391e+16,1.078199292291e-25,2.698361124424e-12,2.698361124424e-12,-4.865269315346e-01,3.039230313856e-01,-1.826039001489e-01
1.175510204082e+01,3.853832899423e+08,2.682079908313e+00,8.163058481239e+04,1.779537410197e+00,6.634915703597e-01,1.825832975860e+08,3.064753534045e+01,4.316065769262e+01,3.996951751911e+16,1.161708078367e-25,2.579606188355e-12,2.579606188355e-12,-4.902087710040e-01,3.052772623279e-01,-1.849315086761e-01
1.200000000000e+01,3.246900708011e+08,2.668406344980e+00,8.641817769382e+04,1.649105472741e+00,6.180113744084e-01,1.912511503909e+08,2.921649527934e+01,4.115337547527e+01,3.543222698511e+16,1.252092165661e-25,2.464689656665e-12,2.464689656665e-12,-4.920225924229e-01,3.059416319006e-01,-1.860809605224e-01
