z_grid,z_recovered_from_pdf_x,source_mono_rate_per_year,source_lognormal_rate_per_year,source_mass_msun,source_concentration_from_fig1
0.000000000000e+00,nan,nan,nan,nan,nan
2.448979591837e-01,2.448976974286e-01,5.222663955838e-12,5.928635887408e-12,8.801957179631e+11,7.558637531941e+00
4.897959183673e-01,4.897957143003e-01,5.327698005647e-12,6.047863345637e-12,7.679164401741e+11,7.065466290986e+00
7.346938775510e-01,7.346933285628e-01,5.433866274592e-12,6.168387412120e-12,6.658562250438e+11,6.571453892302e+00
9.795918367347e-01,9.795913537175e-01,5.543102128084e-12,6.292389187206e-12,5.747565164151e+11,6.115885982044e+00
1.224489795918e+00,1.224489469418e+00,5.650638049571e-12,6.414461242521e-12,4.944071335607e+11,5.713014683380e+00
1.469387755102e+00,1.469387615455e+00,5.753637079320e-12,6.531383133208e-12,4.241295062284e+11,5.364024478418e+00
1.714285714286e+00,1.714286191611e+00,5.849609917847e-12,6.640329069520e-12,3.630349398674e+11,5.063861242181e+00
1.959183673469e+00,1.959182557669e+00,5.936956274406e-12,6.739482441919e-12,3.101723288159e+11,4.805774112010e+00
2.204081632653e+00,2.204080694520e+00,6.013481041210e-12,6.826458930879e-12,2.645981881963e+11,4.584375899267e+00
2.448979591837e+00,2.448980536053e+00,6.077075556372e-12,6.898650951277e-12,2.254237590771e+11,4.393282981334e+00
2.693877551020e+00,2.693877404027e+00,6.126626282520e-12,6.954900566885e-12,1.918319490702e+11,4.227383154195e+00
2.938775510204e+00,2.938775006261e+00,6.163555040423e-12,6.996827065458e-12,1.630845698734e+11,4.081765578782e+00
3.183673469388e+00,3.183674735646e+00,6.185421025741e-12,7.021649187900e-12,1.385246320682e+11,3.954645826643e+00
3.428571428571e+00,3.428572121131e+00,6.193804494086e-12,7.031166045919e-12,1.175729304417e+11,3.842162434872e+00
3.673469387755e+00,3.673469589640e+00,6.187119083770e-12,7.023576812184e-12,9.972136871552e+10,3.742174723957e+00
3.918367346939e+00,3.918367670883e+00,6.166588125024e-12,7.000154704576e-12,8.452824804374e+10,3.653017999823e+00
4.163265306122e+00,4.163267324920e+00,6.133117536856e-12,6.962159740347e-12,7.161023292779e+10,3.573166666788e+00
4.408163265306e+00,4.408164264029e+00,6.087352532748e-12,6.910208466430e-12,6.063553389691e+10,3.501239962637e+00
4.653061224490e+00,4.653062482723e+00,6.029756766627e-12,6.844827211026e-12,5.131892443727e+10,3.436192490651e+00
4.897959183673e+00,4.897960697690e+00,5.960740201437e-12,6.766481353688e-12,4.341577637806e+10,3.377098042288e+00
5.142857142857e+00,5.142860228774e+00,5.880752616701e-12,6.675681472741e-12,3.671556057078e+10,3.322868721433e+00
5.387755102041e+00,5.387758321931e+00,5.790536315621e-12,6.573270211987e-12,3.103816616365e+10,3.273628397960e+00
5.632653061224e+00,5.632658515344e+00,5.694012241609e-12,6.463698527111e-12,2.622998984832e+10,3.228420926484e+00
5.877551020408e+00,5.877549563223e+00,5.588265460233e-12,6.343657458348e-12,2.215986459901e+10,3.186473215933e+00
6.122448979592e+00,6.122452258470e+00,5.475876313656e-12,6.216113439755e-12,1.871602973816e+10,3.148271083306e+00
6.367346938776e+00,6.367348984551e+00,5.357974474378e-12,6.082268892513e-12,1.580317810397e+10,3.112316450889e+00
6.612244897959e+00,6.612249028000e+00,5.234078301253e-12,5.941628811449e-12,1.334036809831e+10,3.079564761815e+00
6.857142857143e+00,6.857143718080e+00,5.106585981552e-12,5.796897542358e-12,1.125880891521e+10,3.048554585644e+00
7.102040816327e+00,7.102041543783e+00,4.974892190809e-12,5.647405536078e-12,9.499884830204e+09,3.019954767683e+00
7.346938775510e+00,7.346943970932e+00,4.840118153781e-12,5.494379578783e-12,8.014166637782e+09,2.993249320003e+00
7.591836734694e+00,7.591839829380e+00,4.703803148497e-12,5.339638236212e-12,6.759468256950e+09,2.967747055204e+00
7.836734693878e+00,7.836740452861e+00,4.564462011535e-12,5.181461705581e-12,5.700191156416e+09,2.944521239102e+00
8.081632653061e+00,8.081640699734e+00,4.425669141996e-12,5.023907554248e-12,4.806058245484e+09,2.922391993259e+00
8.326530612245e+00,8.326534013334e+00,4.285783438158e-12,4.865112845087e-12,4.051538298636e+09,2.901143855618e+00
8.571428571429e+00,8.571431588500e+00,4.144956550689e-12,4.705249728099e-12,3.414932913821e+09,2.881825955252e+00
8.816326530612e+00,8.816334278039e+00,4.005974109229e-12,4.547480379521e-12,2.877928542603e+09,2.863396484740e+00
9.061224489796e+00,9.061226495862e+00,3.867472870666e-12,4.390257280286e-12,2.425033441017e+09,2.845611150582e+00
9.306122448980e+00,9.306124254055e+00,3.729573379179e-12,4.233717269096e-12,2.043147148524e+09,2.828778463542e+00
9.551020408163e+00,9.551027278543e+00,3.593366306518e-12,4.079098448907e-12,1.721177849980e+09,2.813319425140e+00
9.795918367347e+00,9.795920646548e+00,3.459813144957e-12,3.927492281404e-12,1.449766920663e+09,2.798419420260e+00
1.004081632653e+01,1.004082863314e+01,3.327962502792e-12,3.777818770811e-12,1.221015711679e+09,2.784010577316e+00
1.028571428571e+01,1.028572716586e+01,3.198120260856e-12,3.630425145306e-12,1.028241070899e+09,2.770060852698e+00
1.053061224490e+01,1.053061218040e+01,3.070719713578e-12,3.485811112483e-12,8.658119244766e+08,2.757400558207e+00
1.077551020408e+01,1.077551582015e+01,2.946990525545e-12,3.345354046072e-12,7.289693140009e+08,2.745282105010e+00
1.102040816327e+01,1.102041231308e+01,2.825886992655e-12,3.207882581422e-12,6.136941725399e+08,2.733549462583e+00
1.126530612245e+01,1.126532437789e+01,2.707576314790e-12,3.073578993308e-12,5.165994820629e+08,2.722175685163e+00
1.151020408163e+01,1.151020975315e+01,2.592198248684e-12,2.942597818732e-12,4.348277925786e+08,2.711135686662e+00
1.175510204082e+01,1.175510679309e+01,2.479866969232e-12,2.815080083252e-12,3.659688582241e+08,2.700744727291e+00
1.200000000000e+01,1.200000202120e+01,2.371549620272e-12,2.692123082473e-12,3.079884820165e+08,2.691101031634e+00
