z,shell,sample,success,reference_merged,batch_merged,time_error_myr
0.0,1,0,True,True,True,1.618631381461455e-05
0.0,1,8,True,False,False,0.0
0.0,1,16,True,False,False,0.0
0.0,1,24,True,True,True,5.7400892815806515e-05
0.0,1,32,True,False,False,0.0
0.0,1,40,True,False,False,0.0
0.0,1,48,True,False,False,0.0
0.0,1,56,True,True,True,2.6414047056277923e-05
0.0,1,64,True,False,False,0.0
0.0,1,72,True,False,False,0.0
0.0,1,80,True,True,True,2.997058794852259e-15
0.0,1,88,True,False,False,0.0
0.0,1,96,True,False,False,0.0
0.0,1,104,True,True,True,1.668915744090782e-05
0.0,1,112,True,True,True,2.9634383885479565e-05
0.0,1,120,True,False,False,0.0
0.0,1,128,True,False,False,0.0
0.0,1,136,True,True,True,9.710592052680767e-11
0.0,1,144,True,True,True,7.122137635917625e-05
0.0,1,152,True,False,False,0.0
0.0,5,0,True,False,False,0.0
0.0,5,10,True,False,False,0.0
0.0,5,19,True,False,False,0.0
0.0,5,27,True,False,False,0.0
0.0,5,37,True,False,False,0.0
0.0,5,45,True,False,False,0.0
0.0,5,53,True,False,False,0.0
0.0,5,61,True,False,False,0.0
0.0,5,70,True,False,False,0.0
0.0,5,78,True,False,False,0.0
0.0,5,87,True,False,False,0.0
0.0,5,96,True,False,False,0.0
0.0,5,104,True,False,False,0.0
0.0,5,113,True,False,False,0.0
0.0,5,122,True,False,False,0.0
0.0,5,130,True,False,False,0.0
0.0,5,141,True,False,False,0.0
0.0,5,150,True,True,True,2.2033063375626223e-16
12.0,1,0,True,True,True,2.4545786132534886e-06
12.0,1,8,True,True,True,6.920737874338556e-06
12.0,1,16,True,False,False,0.0
12.0,1,24,True,True,True,7.303106888123523e-06
12.0,1,32,True,False,False,0.0
12.0,1,40,True,True,True,0.00015336058753234738
12.0,1,48,True,False,False,0.0
12.0,1,56,True,True,True,4.112843797088317e-06
12.0,1,64,True,True,True,8.227421695039538e-06
12.0,1,72,True,True,True,2.6276359250232417e-05
12.0,1,80,True,True,True,2.997068112214679e-15
12.0,1,88,True,True,True,2.009965324134555e-05
12.0,1,96,True,False,False,0.0
12.0,1,104,True,True,True,1.602657233590321e-06
12.0,1,112,True,True,True,2.8943805263637046e-06
12.0,1,120,True,False,False,0.0
12.0,1,128,True,False,False,0.0
12.0,1,136,True,True,True,2.0686949375736674e-10
12.0,1,144,True,True,True,6.642410774304608e-06
12.0,1,152,True,True,True,1.0965548455033058e-05
12.0,5,0,True,False,False,0.0
12.0,5,8,True,False,False,0.0
12.0,5,17,True,False,False,0.0
12.0,5,25,True,True,True,6.903597138396833e-11
12.0,5,33,True,False,False,0.0
12.0,5,41,True,False,False,0.0
12.0,5,49,True,False,False,0.0
12.0,5,57,True,False,False,0.0
12.0,5,65,True,False,False,0.0
12.0,5,74,True,False,False,0.0
12.0,5,82,True,True,True,5.568423500079689e-11
12.0,5,91,True,False,False,0.0
12.0,5,99,True,True,True,4.091704042252786e-08
12.0,5,108,True,False,False,0.0
12.0,5,116,True,False,False,0.0
12.0,5,125,True,False,False,0.0
12.0,5,133,True,False,False,0.0
12.0,5,143,True,False,False,0.0
12.0,5,151,True,False,False,0.0
