step,shell,z_start,duration_myr,mass,halo_mass,rho,velocity,ah,sampled,hard,full,gw,plus,minus,invalid,baseline_difference,full_rate,gw_rate,excess_rate,excess_se
0,1,12.0,200.0,103.50896622084679,40870.49893456035,11.391401750536517,0.39390484019788785,0.20789257733044722,5000,4999,3138,263,2875,0,0,0,2.706759466675143e-09,2.2685715096735586e-10,2.4799023157077876e-09,3.015459836851797e-11
0,2,12.0,200.0,906.5603027810555,40870.49893456035,2.085027495567566,0.6639584456583093,0.07317113959289102,5000,4964,1274,269,1005,0,0,0,9.624648547858873e-09,2.0322060120675327e-09,7.59244253579134e-09,2.1409932898882622e-10
0,3,12.0,200.0,4120.269819717211,40870.49893456035,0.46903803189589616,0.9063505555654926,0.03926713427324678,5000,4760,462,283,179,0,0,0,1.586303880591126e-08,9.716969658166421e-09,6.146069147744839e-09,4.5112606875844025e-10
0,4,12.0,200.0,12080.45093929067,40870.49893456035,0.08342766114679745,1.0413267590016457,0.029747300516615945,5000,4588,271,254,17,0,0,0,2.728168503789809e-08,2.557028782149858e-08,1.7113972163995112e-09,4.144100086840814e-10
0,5,12.0,200.0,23659.70890655058,40870.49893456035,0.010531893088970838,1.0196765661069804,0.031023924932517585,5000,4665,297,295,2,0,0,0,5.8557779543712685e-08,5.8163451061936847e-08,3.94328481775843e-10,2.788044532717252e-10
1,1,8.81813784279133,200.0,132.08311369820993,111524.18384422967,7.956448048141166,0.40285697942638193,0.19875581050012706,5000,5000,2884,280,2604,0,0,0,3.174397499213645e-09,3.081939319624898e-10,2.8662035672511554e-09,3.8885562060119957e-11
1,2,8.81813784279133,200.0,1464.4592061576448,111524.18384422967,1.4278772764442937,0.7232575912466526,0.06166455712739665,5000,4938,969,302,667,0,0,0,1.182550808972298e-08,3.6855556688300727e-09,8.139952420892908e-09,2.934348727728415e-10
1,3,8.81813784279133,200.0,8635.061894414433,111524.18384422967,0.3070520165187691,1.054146074308661,0.029028194646707223,5000,4562,342,267,75,0,0,0,2.4609926399081134e-08,1.9213012715072115e-08,5.3969136840090206e-09,6.185522479274262e-10
1,4,8.81813784279133,200.0,31471.368404812267,111524.18384422967,0.04868421328727477,1.2631785372170863,0.020215856318319594,5000,4250,277,271,6,0,0,0,7.264640873444165e-08,7.107284031420103e-08,1.5735684202406132e-09,6.420852695557371e-10
1,5,8.81813784279133,200.0,69821.21122514721,111524.18384422967,0.004869978220213879,1.2386325585511455,0.021025030515667058,5000,4256,299,299,0,0,0,0,1.739711846359918e-07,1.739711846359918e-07,0.0,0.0
2,1,7.061767106276299,200.0,145.35276427993148,193104.41837792142,6.163205913506223,0.3987637894466069,0.20285708906191213,5000,4999,2746,289,2457,0,0,0,3.3261557559390992e-09,3.500579073075017e-10,2.9760978486315974e-09,4.282291623717865e-11
2,2,7.061767106276299,200.0,1854.190801505403,193104.41837792142,1.0813502002978994,0.7426913012776838,0.05847967407200653,5000,4925,845,288,557,0,0,0,1.3056593560600546e-08,4.450057923612967e-09,8.606535636987578e-09,3.437932630498834e-10
2,3,7.061767106276299,200.0,12770.177633018555,193104.41837792142,0.22386365226751134,1.1252367213748484,0.025476151613402203,5000,4443,337,282,55,0,0,0,3.586291551939378e-08,3.0009917437593604e-08,5.852998081800172e-09,7.849438960805393e-10
2,4,7.061767106276299,200.0,52891.02754832142,193104.41837792142,0.032721131809325295,1.3803771656006711,0.01692879652542156,5000,4059,290,288,2,0,0,0,1.2781998324177677e-07,1.2693846611597143e-07,8.815171258053571e-10,6.232643891280829e-10
2,5,7.061767106276299,200.0,125443.66963079617,193104.41837792142,0.002794530019515983,1.3482905921633923,0.017744125876248303,5000,4075,272,271,1,0,0,0,2.843389844964713e-07,2.832936205828813e-07,1.045363913589968e-09,1.045363913589968e-09
3,1,5.924220571452539,200.0,152.22247532166367,274739.49578467495,5.0746502196008745,0.3921376275230072,0.20977058247490052,5000,4999,2563,291,2272,0,0,0,3.251218368745199e-09,3.691395026550343e-10,2.882078866090165e-09,4.4666539983790975e-11
3,2,5.924220571452539,200.0,2139.636392630825,274739.49578467495,0.8723832504863512,0.7488276117415072,0.057525170994751136,5000,4918,716,285,431,0,0,0,1.2766497142697255e-08,5.081636432498209e-09,7.684860710199045e-09,3.5388843954533933e-10
3,3,5.924220571452539,200.0,16389.01714355163,274739.49578467495,0.17480887887739344,1.164415302975759,0.023790622689933382,5000,4399,311,284,27,0,0,0,4.247486943037131e-08,3.8787340573072195e-08,3.687528857299117e-09,7.078173548053727e-10
3,4,5.924220571452539,200.0,73867.55519107817,274739.49578467495,0.023932403036294337,1.4486908349621779,0.015369869953330336,5000,3889,315,312,3,0,0,0,1.9390233237658018e-07,1.9205564349680323e-07,1.8466888797769542e-09,1.0659730205918324e-09
3,5,5.924220571452539,200.0,182191.06458209254,274739.49578467495,0.001809094524207539,1.4060842608264958,0.016315445023794083,5000,3986,291,291,0,0,0,0,4.418133316115745e-07,4.418133316115745e-07,0.0,0.0
4,1,5.1169934430410065,200.0,156.23161316086404,352159.51630665443,4.3509175657579595,0.3855926441031998,0.2169522394478822,5000,5000,2480,288,2192,0,0,0,3.2287866719911902e-09,3.749558715860737e-10,2.8538308004051168e-09,4.568408482847429e-11
4,2,5.1169934430410065,200.0,2362.031657874633,352159.51630665443,0.7346296925884092,0.750080240764757,0.057333198117975416,5000,4908,624,280,344,0,0,0,1.2282564620948091e-08,5.511407201707477e-09,6.771157419240614e-09,3.523291748958083e-10
4,3,5.1169934430410065,200.0,19571.40913824551,352159.51630665443,0.14303983395695988,1.188405386076575,0.022839805183895338,5000,4323,304,277,27,0,0,0,4.9580903150221966e-08,4.5177336094116725e-08,4.403567056105241e-09,8.452601473723632e-10
4,4,5.1169934430410065,200.0,93628.65080132292,352159.51630665443,0.018513231656150878,1.491267008064789,0.014504768385640908,5000,3904,270,268,2,0,0,0,2.1066446430297657e-07,2.0910398678962118e-07,1.5604775133553819e-09,1.1033138615667736e-09
4,5,5.1169934430410065,200.0,236441.19309605047,352159.51630665443,0.001265146257894583,1.436472306867619,0.01563245194880129,5000,3951,269,269,0,0,0,0,5.300223411903131e-07,5.300223411903131e-07,0.0,0.0
5,1,4.509080089241049,200.0,158.96248955453495,423973.37879865436,3.840499891272106,0.37988110145835796,0.2235250707188547,5000,5000,2383,280,2103,0,0,0,3.1567301050704734e-09,3.7091247562724824e-10,2.7858176294432253e-09,4.624510025360769e-11
5,2,4.509080089241049,200.0,2545.970387053675,423973.37879865436,0.6381646116861688,0.7497167055315742,0.05738881296731053,5000,4913,575,283,292,0,0,0,1.2199441437965526e-08,6.00424682946825e-09,6.195194608497276e-09,3.5183592850066464e-10
5,3,4.509080089241049,200.0,22419.93455571129,423973.37879865436,0.12108173874562672,1.204642617609678,0.02222824480337325,5000,4339,315,300,15,0,0,0,5.885232820874214e-08,5.604983638927823e-08,2.8024918194639114e-09,7.225863228685159e-10
5,4,4.509080089241049,200.0,112028.0844756925,423973.37879865436,0.014903756101619866,1.5191760437167627,0.013976724718665767,5000,3835,303,303,0,0,0,0,2.8287091330112357e-07,2.8287091330112357e-07,0.0,0.0
5,5,4.509080089241049,200.0,286820.42689064273,423973.37879865436,0.0009335756771387059,1.4512601151035638,0.015315497142353324,5000,3855,298,298,0,0,0,0,7.122707267784294e-07,7.122707267784294e-07,0.0,0.0
6,1,4.031684754557708,200.0,161.20519116395005,489990.5570707687,3.4661025916085246,0.37521531839318245,0.22911867931156837,5000,5000,2311,314,1997,0,0,0,3.104543306499071e-09,4.218202502123359e-10,2.682723056286735e-09,4.6528913032741714e-11
6,2,4.031684754557708,200.0,2706.7310312057316,489990.5570707687,0.5677206882157557,0.7491941857259138,0.057468891667867644,5000,4902,551,273,278,0,0,0,1.2428406651619651e-08,6.15781309599304e-09,6.270593555626612e-09,3.655170810168887e-10
6,3,4.031684754557708,200.0,25023.975618685985,489990.5570707687,0.10517853260518521,1.2168730459494308,0.021783671296933267,5000,4310,275,265,10,0,0,0,5.734661079282204e-08,5.526127949126488e-08,2.0853313015571653e-09,6.588457770598133e-10
6,4,4.031684754557708,200.0,129142.95977200576,489990.5570707687,0.012361836560988724,1.5382955371025617,0.013631450094807198,5000,3788,281,280,1,0,0,0,3.0240976413278015e-07,3.0133357280134674e-07,1.0761913314333813e-09,1.0761913314333813e-09
6,5,4.031684754557708,200.0,332955.6854577076,489990.5570707687,0.0007166925749628339,1.4567035641959738,0.015201248282033559,5000,3927,289,289,0,0,0,0,8.018682758106458e-07,8.018682758106458e-07,0.0,0.0
7,1,3.6449238828581763,200.0,163.39546275587145,550502.6078237535,3.1843614973037466,0.3716360560247477,0.23355325969162374,5000,4999,2243,293,1950,0,0,0,3.054133524678497e-09,3.9895725489558614e-10,2.655176269782911e-09,4.6966089740258346e-11
7,2,3.6449238828581763,200.0,2854.3939518374436,550502.6078237535,0.5147624628413994,0.7492353066573809,0.05746258361088022,5000,4911,519,277,242,0,0,0,1.2345253841696944e-08,6.588892705491432e-09,5.7563611362055115e-09,3.6100315702396407e-10
7,3,3.6449238828581763,200.0,27456.371174345382,550502.6078237535,0.09325807287276348,1.2271711266434202,0.021419600235777214,5000,4316,286,276,10,0,0,0,6.543768463218983e-08,6.314965370099437e-08,2.2880309311954483e-09,7.228873012526587e-10
7,4,3.6449238828581763,200.0,145122.64414466324,550502.6078237535,0.010494853308842114,1.5519995050048327,0.013391784783852773,5000,3782,300,300,0,0,0,0,3.628066103616581e-07,3.628066103616581e-07,0.0,0.0
7,5,3.6449238828581763,200.0,374905.8030901516,550502.6078237535,0.0005671317047092667,1.4563567444875605,0.015208489255469469,5000,3936,273,273,0,0,0,0,8.529107020300949e-07,8.529107020300949e-07,0.0,0.0
8,1,3.3239485017462647,200.0,165.79638013589133,605972.8228169088,2.969155629523118,0.3691290817221306,0.23673642963922673,5000,5000,2238,303,1935,0,0,0,3.092102489534373e-09,4.1863585984312554e-10,2.6734666296912473e-09,4.758915067091131e-11
8,2,3.3239485017462647,200.0,2996.018190423111,605972.8228169088,0.47417063046263713,0.7502302027307274,0.05731027997958083,5000,4910,566,305,261,0,0,0,1.413121913149567e-08,7.614879567325407e-09,6.516339564170266e-09,3.9272200782343606e-10
8,3,3.3239485017462647,200.0,29776.119806314757,605972.8228169088,0.08409167585339176,1.2367715494496696,0.02108835217205892,5000,4267,302,291,11,0,0,0,7.493656817922547e-08,7.220709053031329e-08,2.729477648912186e-09,8.221449307547995e-10
8,4,3.3239485017462647,200.0,160130.4143993467,605972.8228169088,0.009077874713742566,1.5623414502891213,0.013215077299687501,5000,3716,275,274,1,0,0,0,3.669655329985028e-07,3.6563111287850825e-07,1.3344201199945556e-09,1.3344201199945556e-09
8,5,3.3239485017462647,200.0,412904.47404068836,605972.8228169088,0.00045966869611074515,1.452348657704594,0.015292547662152498,5000,3855,250,250,0,0,0,0,8.60217654251434e-07,8.60217654251434e-07,0.0,0.0
9,1,3.0524023973304173,200.0,168.57689620275102,656901.6136979002,2.8037944109439032,0.3676603571987056,0.23863163040133042,5000,5000,2205,289,1916,0,0,0,3.0976004677255494e-09,4.059893583549586e-10,2.691611109370591e-09,4.829811442601527e-11
9,2,3.0524023973304173,200.0,3136.756374633597,656901.6136979002,0.442690224234377,0.7523961532350864,0.0569807924915779,5000,4917,523,303,220,0,0,0,1.3671029866111426e-08,7.920309845949832e-09,5.750720020161594e-09,3.7912573349408294e-10
9,3,3.0524023973304173,200.0,32030.983431245488,656901.6136979002,0.07690656475106045,1.2464394039127555,0.020762482438918407,5000,4272,303,289,14,0,0,0,8.087823316389486e-08,7.714128509691622e-08,3.73694806697864e-09,9.974419124487886e-10
9,4,3.0524023973304173,200.0,174319.75154252094,656901.6136979002,0.007973740942328448,1.5706200149792364,0.01307613401783111,5000,3725,292,291,1,0,0,0,4.241780620868009e-07,4.2272539749061324e-07,1.4526645961876743e-09,1.4526645961876743e-09
9,5,3.0524023973304173,200.0,447245.5454532973,656901.6136979002,0.00037987269902122774,1.4460080500767851,0.015426954428977176,5000,3959,276,276,0,0,0,0,1.0286647545425837e-06,1.0286647545425837e-06,0.0,0.0
10,1,2.819042497488105,200.0,171.84530385923094,703769.6107153543,2.6770062516999236,0.3671824605716473,0.23925320401783068,5000,5000,2147,279,1868,0,0,0,3.0745988948814074e-09,3.9954033147271197e-10,2.6750585634086954e-09,4.899075884908288e-11
10,2,2.819042497488105,200.0,3280.3938822908603,703769.6107153543,0.41813851896299115,0.755840155452922,0.056462707063401306,5000,4893,453,273,180,0,0,0,1.2383486905647998e-08,7.462896082211706e-09,4.92059082343629e-09,3.6013302630574085e-10
10,3,2.819042497488105,200.0,34258.892716381684,703769.6107153543,0.07119121700533088,1.2566418462821236,0.02042671750337714,5000,4279,285,271,14,0,0,0,8.13648702014065e-08,7.73679993844953e-08,3.996870816911196e-09,1.0668188050721022e-09
10,4,2.819042497488105,200.0,187823.84649093554,703769.6107153543,0.007094478104901113,1.5776671877417814,0.012959577157847502,5000,3717,273,273,0,0,0,0,4.272992507668783e-07,4.272992507668783e-07,0.0,0.0
10,5,2.819042497488105,200.0,478234.632321887,703769.6107153543,0.0003190080267670889,1.4381912594463144,0.015595105893760071,5000,4009,290,290,0,0,0,0,1.1557336947778937e-06,1.1557336947778937e-06,0.0,0.0
11,1,2.615864239676068,200.0,175.66111498251982,747015.8148841436,2.5807149686044486,0.3676301938274151,0.23867079056760004,5000,4999,2116,312,1804,0,0,0,3.097490994191766e-09,4.5671889895455156e-10,2.640772095237215e-09,4.97135151689709e-11
11,2,2.615864239676068,200.0,3429.5598023583275,747015.8148841436,0.3989707083312148,0.7605792205686244,0.05576127633906253,5000,4889,475,280,195,0,0,0,1.3575340884335047e-08,8.002306205502766e-09,5.573034678832283e-09,3.9127271822303975e-10
11,3,2.615864239676068,200.0,36488.18354223813,747015.8148841436,0.06659063959645913,1.267627669420341,0.02007419772553302,5000,4222,274,268,6,0,0,0,8.331468575477705e-08,8.149027657766515e-08,1.8244091771119063e-09,7.44439354017245e-10
11,4,2.615864239676068,200.0,200750.23014757255,747015.8148841436,0.0063812382204193035,1.5840027282861981,0.012856115559712118,5000,3678,282,282,0,0,0,0,4.7176304084679546e-07,4.7176304084679546e-07,0.0,0.0
11,5,2.615864239676068,200.0,506172.18027699203,747015.8148841436,0.0002715394773931261,1.4294641990653971,0.01578610736552983,5000,3956,259,259,0,0,0,0,1.0924882890978413e-06,1.0924882890978413e-06,0.0,0.0
12,1,2.4370008143633375,200.0,180.03941179764993,787031.6152618339,2.508773982726773,0.3689160587844802,0.23700990566962774,5000,5000,2105,305,1800,0,0,0,3.158191348617109e-09,4.576001716523602e-10,2.700591176964749e-09,5.0927928632710604e-11
12,2,2.4370008143633375,200.0,3585.8079229941754,787031.6152618339,0.3840341515077749,0.7665488093458912,0.054896163130476544,5000,4906,475,289,186,0,0,0,1.419382302851861e-08,8.635820747877638e-09,5.558002280640972e-09,3.999205519459698e-10
12,3,2.4370008143633375,200.0,38737.47268786919,787031.6152618339,0.06284768739311813,1.279471665367637,0.019704266505484024,5000,4218,283,276,7,0,0,0,9.13558730888915e-08,8.909618718209914e-08,2.2596859067923696e-09,8.535682879327218e-10
12,4,2.4370008143633375,200.0,213178.69895635417,787031.6152618339,0.005793258662092629,1.5899263606010172,0.012760497250271051,5000,3688,268,267,1,0,0,0,4.760990943358577e-07,4.743226051778881e-07,1.7764891579696183e-09,1.7764891579696183e-09
12,5,2.4370008143633375,200.0,531349.5962828188,787031.6152618339,0.00023382417809605596,1.4202081666245943,0.015992545934517394,5000,3958,282,282,0,0,0,0,1.2486715512646244e-06,1.2486715512646244e-06,0.0,0.0
13,1,2.2780459211079274,200.0,184.957369313309,824161.812922335,2.456287103947701,0.37093273590172937,0.2344397731722615,5000,5000,2045,286,1759,0,0,0,3.151981835380974e-09,4.408150635300531e-10,2.711166771850921e-09,5.2050063124680606e-11
13,2,2.2780459211079274,200.0,3749.737414311489,824161.812922335,0.3724335653154615,0.7736184155262511,0.05389742532063008,5000,4906,472,315,157,0,0,0,1.4748967162958523e-08,9.843060712567658e-09,4.9059064503908645e-09,3.8537638844815914e-10
13,3,2.2780459211079274,200.0,41016.26865502163,824161.812922335,0.05976996152412148,1.2921171748975484,0.019320475899730953,5000,4203,292,290,2,0,0,0,9.980625372721931e-08,9.912264924963561e-08,6.836044775836939e-10,4.833330115250653e-10
13,4,2.2780459211079274,200.0,225163.11172520943,824161.812922335,0.005301510086452112,1.5955855693559458,0.01267014013675817,5000,3703,282,282,0,0,0,0,5.291333125542422e-07,5.291333125542422e-07,0.0,0.0
13,5,2.2780459211079274,200.0,554047.7377584791,824161.812922335,0.00020338502676513174,1.4106837927543312,0.01620922551345799,5000,3986,285,285,0,0,0,0,1.3158633771763876e-06,1.3158633771763876e-06,0.0,0.0
14,1,2.1356205078811503,200.0,190.36596271681012,858708.4995271321,2.4192834559625345,0.3735630397120173,0.23114995690930942,5000,5000,2056,295,1761,0,0,0,3.261603494548013e-09,4.679829916788248e-10,2.7936205028691883e-09,5.3586036682200866e-11
14,2,2.1356205078811503,200.0,3921.2197236020656,858708.4995271321,0.3634610709997693,0.7816181641969896,0.05279980651856951,5000,4892,427,250,177,0,0,0,1.395300684981735e-08,8.169207757504303e-09,5.7837990923130465e-09,4.2701548883919166e-10
14,3,2.1356205078811503,200.0,43326.768364583586,858708.4995271321,0.05721103093289753,1.3054260324261895,0.0189285383818497,5000,4210,298,288,10,0,0,0,1.0759480810538258e-07,1.0398424407500061e-07,3.610564030381966e-09,1.1407323442778176e-09
14,4,2.1356205078811503,200.0,236736.79784973845,858708.4995271321,0.004884883269865316,1.6010328756168977,0.012584069797880203,5000,3662,279,279,0,0,0,0,5.504130550006418e-07,5.504130550006418e-07,0.0,0.0
14,5,2.1356205078811503,200.0,574533.3476264909,858708.4995271321,0.00017848801516009508,1.401070977113229,0.016432413104476504,5000,3997,272,272,0,0,0,0,1.3022755879533793e-06,1.3022755879533793e-06,0.0,0.0
15,1,2.0070862584574614,200.0,196.20241333105932,890935.8443645608,2.3945460722717207,0.37669096276365766,0.22732710216814858,5000,5000,2006,285,1721,0,0,0,3.2798503428508754e-09,4.659807316612659e-10,2.8138696111896094e-09,5.493418352387433e-11
15,2,2.0070862584574614,200.0,4099.655953598107,890935.8443645608,0.35655590994797814,0.7903656062280008,0.05163754088667466,5000,4892,446,285,161,0,0,0,1.5237054627539632e-08,9.736682889795504e-09,5.500371737744127e-09,4.264963772745748e-10
15,3,2.0070862584574614,200.0,45666.137219190925,890935.8443645608,0.05505877751781741,1.3192239922477322,0.018534656253540584,5000,4144,285,280,5,0,0,0,1.0845707589557845e-07,1.0655432017811215e-07,1.9027557174662884e-09,8.505977142576625e-10
15,4,2.0070862584574614,200.0,247919.16958329568,890935.8443645608,0.0045277774973702875,1.606270105996639,0.012502143065943104,5000,3638,279,279,0,0,0,0,5.764120692811625e-07,5.764120692811625e-07,0.0,0.0
15,5,2.0070862584574614,200.0,593054.6791951456,890935.8443645608,0.00015788766015961225,1.391494536838437,0.016659371267768525,5000,4029,295,295,0,0,0,0,1.457926086354733e-06,1.457926086354733e-06,0.0,0.0
16,1,1.8903506462909023,200.0,202.39508862576278,921074.8990353496,2.379432940641409,0.3802051144725182,0.22314425431933144,5000,5000,2020,282,1738,0,0,0,3.406983991867007e-09,4.756284582705426e-10,2.9313555335964645e-09,5.6799435508677985e-11
16,2,1.8903506462909023,200.0,4284.101624520584,921074.8990353496,0.3512681548599731,0.799676536435968,0.0504420712464701,5000,4881,427,282,145,0,0,0,1.5244261613919075e-08,1.0067638817623371e-08,5.176622796295705e-09,4.2365815263079546e-10
16,3,1.8903506462909023,200.0,48027.8240727121,921074.8990353496,0.05322640401620478,1.3333224180053955,0.01814476114531134,5000,4139,274,269,5,0,0,0,1.0966353163269262e-07,1.0766237229632962e-07,2.001159336363004e-09,8.945875404554709e-10
16,4,1.8903506462909023,200.0,258720.1398790193,921074.8990353496,0.0042184818416461795,1.6112721677222974,0.012424639807491105,5000,3625,287,287,0,0,0,0,6.187723345439879e-07,6.187723345439879e-07,0.0,0.0
16,5,1.8903506462909023,200.0,609840.4383704723,921074.8990353496,0.0001406697239751827,1.382041081295585,0.016888058035003612,5000,4064,283,283,0,0,0,0,1.4382070338236972e-06,1.4382070338236972e-06,0.0,0.0
17,1,1.783730963141085,200.0,208.85795948201752,949328.0391632266,2.3716459426332523,0.38399254737424976,0.218764086300999,5000,5000,2086,307,1779,0,0,0,3.630647528995738e-09,5.343282796748281e-10,3.0963192493209096e-09,5.892662295843956e-11
17,2,1.783730963141085,200.0,4473.187354554955,949328.0391632266,0.3472191374188625,0.8093561717374975,0.04924274479329697,5000,4880,459,300,159,0,0,0,1.7109941631172705e-08,1.118296838638739e-08,5.9269732447853166e-09,4.625518023707421e-10
17,3,1.783730963141085,200.0,50401.23172421523,949328.0391632266,0.051644652164444506,1.3475130977407757,0.01776460796129021,5000,4092,285,283,2,0,0,0,1.1970292534501117e-07,1.1886290481627425e-07,8.400205287369205e-10,5.939247989310977e-10
17,4,1.783730963141085,200.0,269141.1190217957,949328.0391632266,0.003948049932155794,1.6159918877815018,0.012352170152171611,5000,3619,280,280,0,0,0,0,6.2799594438419e-07,6.2799594438419e-07,0.0,0.0
17,5,1.783730963141085,200.0,625103.6431031784,949328.0391632266,0.00012615131777066654,1.3727703492837018,0.017116928544190193,5000,4055,285,285,0,0,0,0,1.4846211523700486e-06,1.4846211523700486e-06,0.0,0.0
18,1,1.6858573959306535,199.99999999999955,215.48192527106534,975872.9085431917,2.3690299867158298,0.3879307169301972,0.21434496187978969,5000,5000,1997,290,1707,0,0,0,3.585978373052654e-09,5.207479860717424e-10,3.065230386980911e-09,6.021444096401958e-11
18,2,1.6858573959306535,199.99999999999955,4664.9656580325845,975872.9085431917,0.344069123423373,0.8191858451699446,0.048068076000018806,5000,4843,446,293,153,0,0,0,1.7338122362354476e-08,1.139029114836292e-08,5.947831213991559e-09,4.734867843903846e-10
18,3,1.6858573959306535,199.99999999999955,52770.7720367929,975872.9085431917,0.05025602879999367,1.3615563553936165,0.017400045130708062,5000,4087,298,295,3,0,0,0,1.3104741722470267e-07,1.2972814792378285e-07,1.3192693009198256e-09,7.615281042063985e-10
18,4,1.6858573959306535,199.99999999999955,279174.84040301683,975872.9085431917,0.0037095293910242026,1.620359257614512,0.012285674041770413,5000,3656,267,266,1,0,0,0,6.211640198967139e-07,6.188375628933554e-07,2.3264570033584787e-09,2.3264570033584787e-09
18,5,1.6858573959306535,199.99999999999955,639046.848520078,975872.9085431917,0.00011381477537370402,1.363722966178622,0.017344800511107764,5000,4070,288,288,0,0,0,0,1.5337124364481908e-06,1.5337124364481908e-06,0.0,0.0
19,1,1.5956025949388386,200.0,222.1353446402736,1000865.8471401582,2.3695194405132622,0.3918885588303785,0.21003731079188492,5000,5000,1927,300,1627,0,0,0,3.567123409348394e-09,5.55338361600684e-10,3.0117850477477097e-09,6.133336586191696e-11
19,2,1.5956025949388386,200.0,4856.928272628186,1000865.8471401582,0.3415067756477632,0.8289266798801419,0.046945004162638033,5000,4866,402,275,127,0,0,0,1.627070971330442e-08,1.1130460624772925e-08,5.1402490885314965e-09,4.503383596543876e-10
19,3,1.5956025949388386,200.0,55116.28615049647,1000865.8471401582,0.04901214313788331,1.3751891885282503,0.01705676709642259,5000,4100,268,268,0,0,0,0,1.230930390694421e-07,1.230930390694421e-07,0.0,0.0
19,4,1.5956025949388386,200.0,288807.5566554258,1000865.8471401582,0.0034974584631037686,1.6242898399431447,0.012226286333573576,5000,3621,295,295,0,0,0,0,7.099852434445883e-07,7.099852434445883e-07,0.0,0.0
19,5,1.5956025949388386,200.0,651862.940716967,1000865.8471401582,0.00010326169362859426,1.3549258369503834,0.017570760914283074,5000,4088,262,262,0,0,0,0,1.4232340872320445e-06,1.4232340872320445e-06,0.0,0.0
20,1,1.5120296066094316,200.00000000000045,228.6790718359203,1024444.8358859583,2.3712519820879385,0.3957398285803268,0.20596911144794283,5000,5000,1954,259,1695,0,0,0,3.7236575530615605e-09,4.935656633791935e-10,3.2300918896823667e-09,6.379317088228185e-11
20,2,1.5120296066094316,200.00000000000045,5046.312626707233,1024444.8358859583,0.3392613860049909,0.8383465036801053,0.04589596473483021,5000,4832,428,292,136,0,0,0,1.7998515035255757e-08,1.2279360724987572e-08,5.719154310268184e-09,4.837462095879799e-10
20,3,1.5120296066094316,200.00000000000045,57415.74723618637,1024444.8358859583,0.04787371112856748,1.3881601555900345,0.016739499499854163,5000,4028,272,268,4,0,0,0,1.3014236040202218e-07,1.2822850216081595e-07,1.9138582412062083e-09,9.56641941347719e-10
20,4,1.5120296066094316,200.00000000000045,298024.61741109093,1024444.8358859583,0.003307538492779383,1.6277049222985969,0.012175036291345129,5000,3629,269,269,0,0,0,0,6.680718506965272e-07,6.680718506965272e-07,0.0,0.0
20,5,1.5120296066094316,200.00000000000045,663729.4795401378,1024444.8358859583,9.418013311658023e-05,1.3463959483818715,0.0177940999599034,5000,4087,262,262,0,0,0,0,1.4491426969959641e-06,1.4491426969959641e-06,0.0,0.0
21,1,1.4343527852104168,200.0,234.98957414767006,1046732.010931806,2.3727516721991497,0.39938155445290674,0.20223001408409866,5000,4999,1939,279,1660,0,0,0,3.797039868936102e-09,5.463507598933329e-10,3.2506891090427693e-09,6.521583470389906e-11
21,2,1.4343527852104168,200.0,5230.581870487191,1046732.010931806,0.33712366598442395,0.8472562736043162,0.04493575380706599,5000,4843,444,313,131,0,0,0,1.9353152920802605e-08,1.3643101045520756e-08,5.71005187528185e-09,4.923599567406353e-10
21,3,1.4343527852104168,200.0,59649.24126052311,1046732.010931806,0.046811398260825365,1.4002733660622932,0.01645113860116316,5000,4017,264,261,3,0,0,0,1.3122833077315084e-07,1.2973709974163776e-07,1.4912310315130778e-09,8.607903932655214e-10
21,4,1.4343527852104168,200.0,306817.0900892412,1046732.010931806,0.003136396874325378,1.6305536048418827,0.012132532301674681,5000,3632,292,292,0,0,0,0,7.465882525504871e-07,7.465882525504871e-07,0.0,0.0
21,5,1.4343527852104168,200.0,674800.1081374062,1046732.010931806,8.632147759803058e-05,1.3381430827777863,0.018014263507439145,5000,4122,294,294,0,0,0,0,1.6532602649366452e-06,1.6532602649366452e-06,0.0,0.0
22,1,1.3619080374935768,200.0,240.97765621579097,1067835.804339142,2.3730469616366485,0.40274675203782656,0.1988646199784241,5000,4999,1954,264,1690,0,0,0,3.92391950204713e-09,5.301508436747401e-10,3.393768658372389e-09,6.717556236114038e-11
22,2,1.3619080374935768,200.0,5407.830186047283,1067835.804339142,0.3349574038373931,0.8555351127124243,0.044070293326198495,5000,4839,409,274,135,0,0,0,1.8431687884111155e-08,1.2347878924807962e-08,6.083808959303193e-09,5.165454468724089e-10
22,3,1.3619080374935768,200.0,61802.202499496874,1067835.804339142,0.04580569586137034,1.4114165778846488,0.016192398736427215,5000,3980,292,287,5,0,0,0,1.503853594154424e-07,1.4781026764463004e-07,2.57509177081237e-09,1.1511552187967742e-09
22,4,1.3619080374935768,200.0,315186.0375291331,1067835.804339142,0.0029813869483063696,1.632824778286862,0.012098804345420596,5000,3658,280,280,0,0,0,0,7.354340875679771e-07,7.354340875679771e-07,0.0,0.0
22,5,1.3619080374935768,200.0,685198.7564682493,1067835.804339142,7.948465411262902e-05,1.3301717756240834,0.01823081823674965,5000,4137,300,300,0,0,0,0,1.7129968911706231e-06,1.7129968911706231e-06,0.0,0.0
23,1,1.294129884677159,200.0,246.59498288713627,1087852.765456944,2.371660963503179,0.4058060479869029,0.1958775157882292,5000,4999,1952,290,1662,0,0,0,4.0112783882974165e-09,5.959378753105793e-10,3.415340512986837e-09,6.845735226523953e-11
23,2,1.294129884677159,200.0,5576.947701643423,1087852.765456944,0.33269463486669265,0.8631337255609394,0.04329776166244944,5000,4815,421,287,134,0,0,0,1.9565791519932342e-08,1.3338199919763854e-08,6.227591600168489e-09,5.307771386915666e-10
23,3,1.294129884677159,200.0,63866.62712236466,1087852.765456944,0.04484531685705175,1.4215625016011804,0.015962087974611294,5000,3954,323,317,6,0,0,0,1.719076713376982e-07,1.6871433998157997e-07,3.193331356118233e-09,1.3030199374873316e-09
23,4,1.294129884677159,200.0,323142.992938278,1087852.765456944,0.002840411204074162,1.6345451741732018,0.012073349216293933,5000,3624,301,301,0,0,0,0,8.105503406201807e-07,8.105503406201807e-07,0.0,0.0
23,5,1.294129884677159,200.0,695019.6027117708,1087852.765456944,7.350553092957168e-05,1.322482741022692,0.01844342576637439,5000,4154,285,285,0,0,0,0,1.6506715564404555e-06,1.6506715564404555e-06,0.0,0.0
24,1,1.2305335755901692,200.0,251.82933627127653,1106869.11162919,2.36850351995478,0.4085604758737506,0.19324528960043985,5000,5000,1840,283,1557,0,0,0,3.861383156159573e-09,5.938975180397604e-10,3.2674856381198125e-09,6.872208448001908e-11
24,2,1.2305335755901692,200.0,5737.553297127561,1106869.11162919,0.33031898925089453,0.8700606687528465,0.042611080278571904,5000,4795,395,286,109,0,0,0,1.8886112936378218e-08,1.3674502024820684e-08,5.211610911557534e-09,4.937601072970145e-10
24,3,1.2305335755901692,200.0,65840.41341321549,1106869.11162919,0.04392476474713035,1.4307501035076948,0.01575774419664712,5000,3928,272,267,5,0,0,0,1.4923827040328843e-07,1.4649491984440446e-07,2.7433505588839787e-09,1.2263727252920663e-09
24,4,1.2305335755901692,200.0,330707.5997417711,1106869.11162919,0.002711774935029884,1.6357682880626292,0.012055300742891698,5000,3607,315,315,0,0,0,0,8.681074493221491e-07,8.681074493221491e-07,0.0,0.0
24,5,1.2305335755901692,200.0,704331.7158408044,1106869.11162919,6.824952597105058e-05,1.3150739179231992,0.0186518231615232,5000,4139,311,311,0,0,0,0,1.8253930302207514e-06,1.8253930302207514e-06,0.0,0.0
25,1,1.17070099133303,200.0,256.69444560032156,1124962.0504714157,2.363732542699424,0.4110310344227593,0.1909292163518984,5000,5000,1902,278,1624,0,0,0,4.068606962765097e-09,5.94675465640745e-10,3.473931497124352e-09,7.084152284614742e-11
25,2,1.17070099133303,200.0,5889.807604484435,1124962.0504714157,0.3278462225528786,0.8763623321588795,0.042000476082371174,5000,4791,425,290,135,0,0,0,2.0859735265882373e-08,1.4233701710837384e-08,6.6260335550449895e-09,5.625829947287336e-10
25,3,1.17070099133303,200.0,67725.77896562585,1124962.0504714157,0.04304198688582559,1.4390595078237762,0.015576293133696087,5000,3919,295,292,3,0,0,0,1.664925399571636e-07,1.6479939548302294e-07,1.6931444741406466e-09,9.773418517666423e-10
25,4,1.17070099133303,200.0,337904.30729705957,1124962.0504714157,0.0025940765049674006,1.6365613835396589,0.012043619313883185,5000,3582,254,254,0,0,0,0,7.152307837787762e-07,7.152307837787762e-07,0.0,0.0
25,5,1.17070099133303,200.0,713185.4621586455,1124962.0504714157,6.360604780483144e-05,1.307941243236466,0.018855808069880898,5000,4173,294,294,0,0,0,0,1.7473043822886815e-06,1.7473043822886815e-06,0.0,0.0
26,1,1.1142694300324978,200.0,261.21927394207773,1142200.9097265971,2.3576311147529836,0.41324900075977344,0.1888852276205562,5000,5000,1914,286,1628,0,0,0,4.1664474193761395e-09,6.225726028952852e-10,3.5438748164808544e-09,7.213622093941226e-11
26,2,1.1142694300324978,200.0,6034.204858970251,1142200.9097265971,0.32530772531731234,0.8821043572941301,0.04145545473417617,5000,4796,420,286,134,0,0,0,2.1119717006395875e-08,1.4381521580545762e-08,6.738195425850112e-09,5.742958623010158e-10
26,3,1.1142694300324978,200.0,69527.55354476333,1142200.9097265971,0.042196586885342,1.4465896151481776,0.01541455288216556,5000,3910,267,263,4,0,0,0,1.546988066370984e-07,1.5238122151893963e-07,2.3175851181587777e-09,1.1584447995880145e-09
26,4,1.1142694300324978,200.0,344759.3917830031,1142200.9097265971,0.002486130880136809,1.636994829426242,0.012037242303957835,5000,3578,269,269,0,0,0,0,7.72835636580232e-07,7.72835636580232e-07,0.0,0.0
26,5,1.1142694300324978,200.0,721618.5402659184,1142200.9097265971,5.948405674312732e-05,1.301079226314299,0.01905522725376044,5000,4195,256,256,0,0,0,0,1.5394528859006257e-06,1.5394528859006257e-06,0.0,0.0
27,1,1.0609226034564796,200.0,265.43418087181936,1158648.1050745493,2.3504730724993372,0.41524469709566497,0.18707399816223932,5000,5000,1892,275,1617,0,0,0,4.185012251745685e-09,6.082866644979194e-10,3.576725587247766e-09,7.317117719926703e-11
27,2,1.0609226034564796,200.0,6171.290526230049,1158648.1050745493,0.32273333235449875,0.8873500439361269,0.040966764734030096,5000,4790,411,294,117,0,0,0,2.113667005233792e-08,1.5119661789263623e-08,6.017008263074299e-09,5.497806758050914e-10
27,3,1.0609226034564796,200.0,71250.92190975351,1158648.1050745493,0.041388178098306735,1.4534330152647021,0.015269737661774006,5000,3908,294,292,2,0,0,0,1.745647586788961e-07,1.7337724331373355e-07,1.1875153651625585e-09,8.396161764549537e-10
27,4,1.0609226034564796,200.0,351297.5866833682,1158648.1050745493,0.002386911964625834,1.6371309084189007,0.012035241306087211,5000,3628,288,288,0,0,0,0,8.431142080400835e-07,8.431142080400835e-07,0.0,0.0
27,5,1.0609226034564796,200.0,729662.8717743263,1158648.1050745493,5.580863310705588e-05,1.2944813776999553,0.01924996764521591,5000,4164,287,287,0,0,0,0,1.7451103683269305e-06,1.7451103683269305e-06,0.0,0.0
28,1,1.0103833495566175,200.0,269.38966648195134,1174359.9713606865,2.342689199327105,0.4170622743178198,0.18544699642167145,5000,4999,1918,308,1610,0,0,0,4.305744835936523e-09,6.914334773036752e-10,3.6143113586328474e-09,7.417728019111436e-11
28,2,1.0103833495566175,200.0,6302.054247856961,1174359.9713606865,0.32017198847750006,0.8921889859902272,0.040523589082606004,5000,4776,395,268,127,0,0,0,2.074426189919583e-08,1.4074587820213882e-08,6.669674078981951e-09,5.8433162137211e-10
28,3,1.0103833495566175,200.0,72904.51837436044,1174359.9713606865,0.04061816245114926,1.4597095019028046,0.015138705759472501,5000,3930,256,252,4,0,0,0,1.555296391986356e-07,1.5309948858615692e-07,2.4301506124786814e-09,1.2147106560116805e-09
28,4,1.0103833495566175,200.0,357546.6425843447,1174359.9713606865,0.0022955495652361908,1.6370400848342839,0.012036576782340503,5000,3605,287,287,0,0,0,0,8.551323868475577e-07,8.551323868475577e-07,0.0,0.0
28,5,1.0103833495566175,200.0,737337.3664876422,1174359.9713606865,5.251697297698444e-05,1.288140530125599,0.01943994929636448,5000,4156,275,275,0,0,0,0,1.6897314648675132e-06,1.6897314648675132e-06,0.0,0.0
29,1,0.9624076887198962,200.0,273.1135911530805,1189387.4785284244,2.3344871300338776,0.4187264422086451,0.18397586093532237,5000,5000,1860,263,1597,0,0,0,4.233260662872749e-09,5.985739539438349e-10,3.634686708928913e-09,7.504191891939918e-11
29,2,0.9624076887198962,200.0,6427.034480857801,1189387.4785284244,0.31764446327658397,0.8966728707146929,0.040119319482157335,5000,4789,376,272,104,0,0,0,2.0138041373354443e-08,1.4567944823277682e-08,5.5700965500767605e-09,5.405367046856983e-10
29,3,0.9624076887198962,200.0,74493.35931749234,1189387.4785284244,0.03988558149149443,1.4654921153605742,0.015019471312130918,5000,3861,257,254,3,0,0,0,1.5953994453829613e-07,1.5767761055535883e-07,1.862333982937309e-09,1.0750039180299153e-09
29,4,0.9624076887198962,200.0,363527.32828756206,1189387.4785284244,0.002211255148500936,1.6367674916562405,0.012040586346260583,5000,3643,288,288,0,0,0,0,8.724655878901488e-07,8.724655878901488e-07,0.0,0.0
29,5,0.9624076887198962,200.0,744666.6428513598,1189387.4785284244,4.955759482494976e-05,1.2820490792810246,0.019625119768165052,5000,4205,279,279,0,0,0,0,1.7313499446294115e-06,1.7313499446294115e-06,0.0,0.0
30,1,0.9167799414366353,200.0,276.6383444164064,1203776.850023386,2.3261013272710946,0.4202642325802723,0.18263195072063274,5000,4999,1843,269,1574,0,0,0,4.248703906328642e-09,6.201309554001111e-10,3.628572950928531e-09,7.571564140995337e-11
30,2,0.9167799414366353,200.0,6546.881432794117,1203776.850023386,0.3151747602359005,0.9008575523650175,0.03974745903749802,5000,4755,365,268,97,0,0,0,1.9913431024748774e-08,1.4621368533240196e-08,5.292062491508579e-09,5.321431487300879e-10
30,3,0.9167799414366353,200.0,76023.29591166138,1203776.850023386,0.03918991328948965,1.470856491792362,0.014910115743670165,5000,3829,292,287,5,0,0,0,1.8499002005170939e-07,1.8182238272205682e-07,3.167637329652558e-09,1.4160436084709587e-09
30,4,0.9167799414366353,200.0,369260.1271779886,1203776.850023386,0.002133342769612425,1.6363566353938974,0.012046633403773018,5000,3656,255,255,0,0,0,0,7.846777702532257e-07,7.846777702532257e-07,0.0,0.0
30,5,0.9167799414366353,200.0,751669.9071565256,1203776.850023386,4.688713717218068e-05,1.276199164479461,0.01980544962156367,5000,4197,267,267,0,0,0,0,1.6724655434232697e-06,1.6724655434232697e-06,0.0,0.0
31,1,0.8733086912090773,200.0,279.99255221504836,1217570.0985037843,2.3177226501526587,0.4216987692688747,0.1813915078750498,5000,5000,1822,275,1547,0,0,0,4.251220251131818e-09,6.416495988261526e-10,3.6095706523056656e-09,7.627234708520105e-11
31,2,0.8733086912090773,200.0,6662.180950338799,1217570.0985037843,0.31278145178785316,0.9047910536609479,0.03940261294485326,5000,4772,350,252,98,0,0,0,1.9431361105154832e-08,1.3990579995711478e-08,5.440781109443353e-09,5.442435630433739e-10
31,3,0.8733086912090773,200.0,77499.62789169545,1217570.0985037843,0.038530319585681705,1.4758673446692245,0.01480904220860503,5000,3902,278,274,4,0,0,0,1.7954080461576112e-07,1.7695748368603792e-07,2.5833209297231815e-09,1.291272831041569e-09
31,4,0.8733086912090773,200.0,374763.4309912156,1217570.0985037843,0.0020612055290924803,1.635843697671911,0.012054189310831968,5000,3637,276,276,0,0,0,0,8.619558912797959e-07,8.619558912797959e-07,0.0,0.0
31,5,0.8733086912090773,200.0,758364.8661183191,1217570.0985037843,4.446911978758659e-05,1.270582804055654,0.019980928761125547,5000,4217,299,299,0,0,0,0,1.8895924580781452e-06,1.8895924580781452e-06,0.0,0.0
32,1,0.8318234256552861,200.0,283.20107252314347,1230805.4912541618,2.309502363660883,0.4230495322894762,0.18023502021695595,5000,5000,1883,271,1612,0,0,0,4.44389682967566e-09,6.395624221147657e-10,3.804334407560894e-09,7.800569289821581e-11
32,2,0.8318234256552861,200.0,6773.45118544015,1230805.4912541618,0.3104782978713936,0.9085141017149861,0.03908033453269421,5000,4761,413,276,137,0,0,0,2.3311961163223184e-08,1.5578937726512345e-08,7.733023436710838e-09,6.516278077519679e-10
32,3,0.8318234256552861,200.0,78927.08210397548,1230805.4912541618,0.03790571004057853,1.4805794468980942,0.014714929492053844,5000,3803,301,301,0,0,0,0,1.979754309441385e-07,1.979754309441385e-07,0.0,0.0
32,4,0.8318234256552861,200.0,380053.6980756595,1230805.4912541618,0.001994305055985179,1.6352584871484224,0.01206281852846778,5000,3614,264,264,0,0,0,0,8.36118135766451e-07,8.36118135766451e-07,0.0,0.0
32,5,0.8318234256552861,200.0,764768.0588165636,1230805.4912541618,4.227268211232781e-05,1.2651919965124216,0.020151563443584614,5000,4258,273,273,0,0,0,0,1.7398473338076818e-06,1.7398473338076818e-06,0.0,0.0
33,1,0.7921717256346288,200.0,286.2852620460948,1243517.9556793722,2.3015576753595735,0.42433277482802795,0.17914655597910026,5000,5000,1838,293,1545,0,0,0,4.3849359303393515e-09,6.990131814958814e-10,3.68592274884347e-09,7.795867415393511e-11
33,2,0.7921717256346288,200.0,6881.145419955298,1243517.9556793722,0.3082750179002676,0.9120609550670477,0.03877697170405234,5000,4755,380,285,95,0,0,0,2.1790293829858444e-08,1.6342720372393833e-08,5.447573457464611e-09,5.536295085170536e-10
33,3,0.7921717256346288,200.0,80309.83869371998,1243517.9556793722,0.037314812522231317,1.4850388786689137,0.014626687090659977,5000,3872,286,281,5,0,0,0,1.9140511555336597e-07,1.8805887227446098e-07,3.3462432789049993e-09,1.4958866544239338e-09
33,4,0.7921717256346288,200.0,385145.6505475914,1243517.9556793722,0.0019321627280789952,1.6346254082920124,0.012072164026394404,5000,3611,287,286,1,0,0,0,9.211400142263227e-07,9.179304671384261e-07,3.2095470878965947e-09,3.2095470878965947e-09
33,5,0.7921717256346288,200.0,770895.0357560597,1243517.9556793722,4.0271576232378526e-05,1.2600187956511302,0.020317373809260485,5000,4268,286,286,0,0,0,0,1.8372998352186091e-06,1.8372998352186091e-06,0.0,0.0
34,1,0.7542169001500947,200.0,289.2633533289057,1255739.4335820372,2.293977431264012,0.4255619751531107,0.178113150774275,5000,4999,1814,270,1544,0,0,0,4.37269769115529e-09,6.508425449900377e-10,3.721855146165253e-09,7.875554060570115e-11
34,2,0.7542169001500947,200.0,6985.65771597317,1255739.4335820372,0.30617805149390553,0.9154602955656075,0.03848952855158476,5000,4780,408,307,101,0,0,0,2.375123623430878e-08,1.7871640990031363e-08,5.8795952442774185e-09,5.791604467032546e-10
34,3,0.7542169001500947,200.0,81651.5787792453,1255739.4335820372,0.03675623663021317,1.489284289574874,0.014543415158921706,5000,3870,281,281,0,0,0,0,1.9120078030806608e-07,1.9120078030806608e-07,0.0,0.0
34,4,0.7542169001500947,200.0,390052.47528782825,1255739.4335820372,0.0018743521950444096,1.6339643499606753,0.012081934152574178,5000,3649,275,275,0,0,0,0,8.938702558679398e-07,8.938702558679398e-07,0.0,0.0
34,5,0.7542169001500947,200.0,776760.4584456614,1255739.4335820372,3.844336104993009e-05,1.2550553658803967,0.02047839182787724,5000,4292,289,289,0,0,0,0,1.8706981040899679e-06,1.8706981040899679e-06,0.0,0.0
35,1,0.7178359861223473,200.0,292.15085594321454,1267499.19153978,2.2868273422750636,0.4267482661195149,0.17712427580063125,5000,4999,1822,284,1538,0,0,0,4.435823829404474e-09,6.914236923989411e-10,3.744400137005533e-09,7.945588112515524e-11
35,2,0.7178359861223473,200.0,7087.329539284436,1267499.19153978,0.3041912370278883,0.9187360751911707,0.038215546849587105,5000,4754,417,316,101,0,0,0,2.4628470149013416e-08,1.866330112011568e-08,5.9651690288977335e-09,5.875897601623787e-10
35,3,0.7178359861223473,200.0,82955.53920581186,1267499.19153978,0.03622852606615808,1.4933480595635709,0.014464370385240774,5000,3804,290,288,2,0,0,0,2.0047588641404533e-07,1.9909329409394848e-07,1.3825923200968644e-09,9.775426166690522e-10
35,4,0.7178359861223473,200.0,394786.0121597076,1267499.19153978,0.001820492940798505,1.6332914587545329,0.012091891348986831,5000,3621,301,301,0,0,0,0,9.902549138339333e-07,9.902549138339333e-07,0.0,0.0
35,5,0.7178359861223473,200.0,782378.1597790322,1267499.19153978,3.6768754849754966e-05,1.2502940223878956,0.020634659575325787,5000,4262,249,249,0,0,0,0,1.6234346815414918e-06,1.6234346815414918e-06,0.0,0.0
36,1,0.6829180485688013,200.0,294.96093903409945,1278824.0935478313,2.2801545103202723,0.42790081840543837,0.17617139117133374,5000,4999,1891,305,1586,0,0,0,4.648092797612351e-09,7.496923867116695e-10,3.898400410900681e-09,8.08956264814082e-11
36,2,0.6829180485688013,200.0,7186.456390318193,1278824.0935478313,0.30231638594810034,0.921908272167154,0.03795300733190967,5000,4760,365,268,97,0,0,0,2.1858804853884505e-08,1.6049752605043964e-08,5.8090522488405395e-09,5.841290347186354e-10
36,3,0.6829180485688013,200.0,84224.56694153318,1278824.0935478313,0.035730199466365145,1.4972573164429461,0.014388937631039296,5000,3827,255,253,2,0,0,0,1.7897720475075802e-07,1.7757346196839914e-07,1.4037427823588864e-09,9.924967560222411e-10
36,4,0.6829180485688013,200.0,399356.92288532364,1278824.0935478313,0.0017702447088300372,1.6326197930571524,0.012101842691387907,5000,3624,276,275,1,0,0,0,9.185209226362444e-07,9.151929482788667e-07,3.3279743573776973e-09,3.3279743573776973e-09
36,5,0.6829180485688013,200.0,787761.1863916222,1278824.0935478313,3.523111254267102e-05,1.2457272597361995,0.020786227776691348,5000,4274,279,279,0,0,0,0,1.8315447583605215e-06,1.8315447583605215e-06,0.0,0.0
37,1,0.6493627294813218,200.0,297.70477615878644,1289738.8411364348,2.273991217174751,0.42902717052474143,0.17524757768501556,5000,5000,1821,283,1538,0,0,0,4.517669978209584e-09,7.020870971078047e-10,3.8155828811017795e-09,8.096637344598845e-11
37,2,0.6493627294813218,200.0,7283.293969077501,1289738.8411364348,0.30055375363622056,0.9249935431271715,0.03770024874915414,5000,4748,371,280,91,0,0,0,2.2517517187731272e-08,1.6994352594514168e-08,5.5231645932171045e-09,5.737493904262736e-10
37,3,0.6493627294813218,200.0,85461.1695136096,1289738.8411364348,0.03525978093315129,1.5010348033171172,0.01431660669032985,5000,3896,287,284,3,0,0,0,2.0439463042004957e-07,2.0225810118220934e-07,2.1365292378402395e-09,1.2332789514162252e-09
37,4,0.6493627294813218,200.0,403774.8390326772,1289738.8411364348,0.0017233026602718523,1.6319598670256084,0.012111632069083904,5000,3662,288,288,0,0,0,0,9.690596136784252e-07,9.690596136784252e-07,0.0,0.0
37,5,0.6493627294813218,200.0,792921.8338449113,1289738.8411364348,3.381600129259549e-05,1.2413477716012877,0.020933154565084787,5000,4242,288,288,0,0,0,0,1.9030124012277873e-06,1.9030124012277873e-06,0.0,0.0
38,1,0.6170790036731979,200.0,300.3918463789377,1300266.1853763384,2.2683580302089172,0.43013350712278964,0.17434723644246158,5000,4999,1810,263,1547,0,0,0,4.530910349548977e-09,6.583587966471719e-10,3.872551552901805e-09,8.182928791256376e-11
38,2,0.6170790036731979,200.0,7378.0636807095325,1300266.1853763384,0.29890241765024317,0.9280057743536437,0.03745590207939737,5000,4739,381,271,110,0,0,0,2.3425352186252764e-08,1.6662127145602358e-08,6.763225040650404e-09,6.377792082800598e-10
38,3,0.6170790036731979,200.0,86667.56004934186,1300266.1853763384,0.034815822030502985,1.5046996062708673,0.014246953388034092,5000,3710,263,260,3,0,0,0,1.8994640244147426e-07,1.877797134402407e-07,2.166689001233547e-09,1.2506882153354306e-09
38,4,0.6170790036731979,200.0,408048.49004308344,1300266.1853763384,0.001679393161527703,1.6313200988310277,0.01212113376824289,5000,3601,260,260,0,0,0,0,8.84105061760014e-07,8.84105061760014e-07,0.0,0.0
38,5,0.6170790036731979,200.0,797871.6797568242,1300266.1853763384,3.251085408362975e-05,1.2371484637374432,0.0210755044166567,5000,4300,280,280,0,0,0,0,1.8617005860992563e-06,1.8617005860992563e-06,0.0,0.0
39,1,0.5859841077203389,200.0,303.03019242252185,1310427.1145212995,2.263266315800314,0.43122489089984767,0.17346584503550588,5000,4999,1832,277,1555,0,0,0,4.6262609376504995e-09,6.994946941753212e-10,3.926766243475179e-09,8.266523353245698e-11
39,2,0.5859841077203389,200.0,7470.957442708121,1310427.1145212995,0.2973605775682049,0.93095654246466,0.03721883725849218,5000,4742,352,264,88,0,0,0,2.1914808498610487e-08,1.6436106373957863e-08,5.478702124652622e-09,5.789272113749406e-10
39,3,0.5859841077203389,200.0,87845.69667075583,1310427.1145212995,0.03439691702755379,1.5082677595470455,0.014179624252620683,5000,3839,277,277,0,0,0,0,2.0277714981499472e-07,2.0277714981499472e-07,0.0,0.0
39,4,0.5859841077203389,200.0,412185.81332265993,1310427.1145212995,0.001638270115871166,1.630707178372084,0.01213024722179709,5000,3665,293,293,0,0,0,0,1.0064203608628282e-06,1.0064203608628282e-06,0.0,0.0
39,5,0.5859841077203389,200.0,802621.6168927532,1310427.1145212995,3.130468532564562e-05,1.2331224617710088,0.021213347230498336,5000,4278,268,268,0,0,0,0,1.7925216110604823e-06,1.7925216110604823e-06,0.0,0.0
40,1,0.5560026143448609,200.0,305.62663967181203,1320241.0204808346,2.2587202566767677,0.4323054545950391,0.17259976002668254,5000,5000,1813,286,1527,0,0,0,4.617509147708294e-09,7.284101578844854e-10,3.8890989898238085e-09,8.295456727394432e-11
40,2,0.5560026143448609,200.0,7562.14182701288,1320241.0204808346,0.2959257904732188,0.9338554970135051,0.036988120090076314,5000,4720,395,292,103,0,0,0,2.489205018058406e-08,1.8401211779064673e-08,6.490838401519388e-09,6.330028540978242e-10
40,3,0.5560026143448609,200.0,88997.31653923275,1320241.0204808346,0.034001712952611896,1.5117527466209477,0.014114324091417395,5000,3808,267,264,3,0,0,0,1.9801902929979285e-07,1.9579409638631205e-07,2.2249329134808186e-09,1.2843086263040658e-09
40,4,0.5560026143448609,200.0,416194.04870248586,1320241.0204808346,0.001599711765988573,1.6301263684585066,0.01213889271468685,5000,3641,297,297,0,0,0,0,1.0300802705386525e-06,1.0300802705386525e-06,0.0,0.0
40,5,0.5560026143448609,200.0,807181.8867724302,1320241.0204808346,3.0187856106004153e-05,1.2292631150589093,0.021346757528565234,5000,4310,324,324,0,0,0,0,2.1793910942855614e-06,2.1793910942855614e-06,0.0,0.0
41,1,0.5270656295503378,200.0,308.18698071268096,1329725.8468504387,2.2547184618553517,0.43337855930879565,0.171746056953458,5000,5000,1847,290,1557,0,0,0,4.743511278136015e-09,7.44785203388979e-10,3.998726074747036e-09,8.410160642032621e-11
41,2,0.5270656295503378,200.0,7651.761600120383,1329725.8468504387,0.2945951545236494,0.9367106771635273,0.03676297736930896,5000,4739,442,333,109,0,0,0,2.818398856044341e-08,2.1233638440334065e-08,6.950350120109348e-09,6.584922933226773e-10
41,3,0.5270656295503378,200.0,90123.96506785,1329725.8468504387,0.03362891573879896,1.515165914268808,0.014050805907383937,5000,3823,265,262,3,0,0,0,1.990237561915021e-07,1.9677065706480584e-07,2.2530991266962498e-09,1.3005671437558595e-09
41,4,0.5270656295503378,200.0,420079.8194882498,1329725.8468504387,0.0015635179044031235,1.6295817515257058,0.0121470078660001,5000,3596,273,273,0,0,0,0,9.556815893357681e-07,9.556815893357681e-07,0.0,0.0
41,5,0.5270656295503378,200.0,811562.1137135054,1329725.8468504387,2.915187939310313e-05,1.2255639975673505,0.02147581375575939,5000,4291,281,281,0,0,0,0,1.9004079496124584e-06,1.9004079496124584e-06,0.0,0.0
42,1,0.4991100937959414,200.0,310.7161303191161,1338898.220834734,2.2512552464441105,0.4344469248572011,0.1709024005752831,5000,4999,1798,289,1509,0,0,0,4.655563352614755e-09,7.483080138518711e-10,3.907255338762884e-09,8.4054414901205e-11
42,2,0.4991100937959414,200.0,7739.942735108223,1338898.220834734,0.29336545116286195,0.9395287734757691,0.03654276860408105,5000,4721,389,295,94,0,0,0,2.5090314366309155e-08,1.9027359223807715e-08,6.0629551425014415e-09,6.195018845080918e-10
42,3,0.4991100937959414,200.0,91227.02089553987,1338898.220834734,0.033277293480127014,1.518516814698145,0.013988862697545455,5000,3813,261,259,2,0,0,0,1.9841877044779923e-07,1.9689832009954023e-07,1.520450348258998e-09,1.0750132127512052e-09
42,4,0.4991100937959414,200.0,423849.2021135456,1338898.220834734,0.0015295074371815013,1.6290764319986422,0.012154544740433133,5000,3669,284,284,0,0,0,0,1.0031097783353912e-06,1.0031097783353912e-06,0.0,0.0
42,5,0.4991100937959414,200.0,815771.338960221,1338898.220834734,2.818925756968126e-05,1.2220189065105047,0.021600597664215248,5000,4307,258,258,0,0,0,0,1.7539083787644751e-06,1.7539083787644751e-06,0.0,0.0
43,1,0.47207817170396504,200.0,313.21825552230126,1347773.5710687747,2.2483216469092437,0.43551273715586963,0.1700669393777024,5000,4998,1810,308,1502,0,0,0,4.724375354128044e-09,8.039268558405733e-10,3.920448498287471e-09,8.46192400901573e-11
43,2,0.47207817170396504,200.0,7826.794971257936,1347773.5710687747,0.2922332547325497,0.9423153445083103,0.0363269630162465,5000,4706,361,264,97,0,0,0,2.3545608205200956e-08,1.721894893676746e-08,6.326659268433498e-09,6.361769894910809e-10
43,3,0.47207817170396504,200.0,92307.7172259658,1347773.5710687747,0.03294567759543931,1.5218134887059314,0.013928320759215981,5000,3781,282,280,2,0,0,0,2.1692313548101964e-07,2.1538467352725355e-07,1.5384619537660968e-09,1.0877480672140062e-09
43,4,0.47207817170396504,200.0,427507.7861744417,1347773.5710687747,0.0014975162536789526,1.6286127026922221,0.012161467468036431,5000,3587,301,301,0,0,0,0,1.0723320303208913e-06,1.0723320303208913e-06,0.0,0.0
43,5,0.47207817170396504,200.0,819818.0544415865,1347773.5710687747,2.7293346270033007e-05,1.2186218593227913,0.021721193768903205,5000,4347,271,271,0,0,0,0,1.8514224396139165e-06,1.8514224396139165e-06,0.0,0.0
44,1,0.4459167173946734,200.0,315.6968848935464,1356366.2330636587,2.2459062257067406,0.4365777368474365,0.16923821951106724,5000,4999,1812,280,1532,0,0,0,4.76702296189255e-09,7.366260647516081e-10,4.0303968971409415e-09,8.576624754381509e-11
44,2,0.4459167173946734,200.0,7912.413991124118,1356366.2330636587,0.29119501656381463,0.9450749964167428,0.036115120767153855,5000,4756,404,308,96,0,0,0,2.6638460436784534e-08,2.030852924388524e-08,6.329931192899295e-09,6.398777883692738e-10
44,3,0.4459167173946734,200.0,93367.16008512271,1356366.2330636587,0.032632962509397644,1.5250627006735407,0.013869034204666855,5000,3765,300,298,2,0,0,0,2.3341790021280677e-07,2.3186178087805475e-07,1.5561193347520452e-09,1.100232472169559e-09
44,4,0.4459167173946734,200.0,431060.72636285797,1356366.2330636587,0.0014673953614258177,1.6281921820736014,0.012167750274582794,5000,3631,285,285,0,0,0,0,1.0237692251117875e-06,1.0237692251117875e-06,0.0,0.0
44,5,0.4459167173946734,200.0,823710.2357396601,1356366.2330636587,2.6458239732811757e-05,1.2153670894096122,0.021837688864089853,5000,4365,286,286,0,0,0,0,1.9631760618461897e-06,1.9631760618461897e-06,0.0,0.0
45,1,0.4205768046598175,200.0,318.1550005190992,1364689.5437661074,2.243995708352239,0.4376432926107024,0.16841511434830983,5000,4999,1785,296,1489,0,0,0,4.732555632721601e-09,7.84782334613778e-10,3.947773298107822e-09,8.573905702052574e-11
45,2,0.4205768046598175,200.0,7996.883275064717,1364689.5437661074,0.29024712911802797,0.9478115322479909,0.0359068775743479,5000,4752,361,281,80,0,0,0,2.4057290519153026e-08,1.8726035002443213e-08,5.331255516709811e-09,5.913239746850517e-10
45,3,0.4205768046598175,200.0,94406.34397296079,1364689.5437661074,0.032338104305044295,1.5282701341744276,0.013810880447843609,5000,3778,292,291,1,0,0,0,2.2972210366753796e-07,2.2893538413442995e-07,7.867195331080067e-10,7.867195331080067e-10
45,4,0.4205768046598175,200.0,434512.7875609328,1364689.5437661074,0.0014390092507645682,1.6278159278546787,0.012173375844891145,5000,3624,303,303,0,0,0,0,1.0971447885913553e-06,1.0971447885913553e-06,0.0,0.0
45,5,0.4205768046598175,200.0,827455.3739566295,1364689.5437661074,2.567867384480961e-05,1.2122490410215365,0.021950171592115368,5000,4325,265,265,0,0,0,0,1.8272972841542235e-06,1.8272972841542235e-06,0.0,0.0
46,1,0.3960133129190808,200.0,320.595115553974,1372755.9265208044,2.24257548711294,0.4387104619346817,0.16759676664728967,5000,4998,1769,282,1487,0,0,0,4.726106328458167e-09,7.533985215518388e-10,3.9727078069063275e-09,8.636318414838925e-11
46,2,0.3960133129190808,200.0,8080.275683802628,1372755.9265208044,0.28938597453939696,0.9505280763555793,0.03570193206234844,5000,4712,347,250,97,0,0,0,2.3365463852329265e-08,1.6833907674588806e-08,6.531556177740457e-09,6.567803906524656e-10
46,3,0.3960133129190808,200.0,95426.16530949682,1372755.9265208044,0.032060118683953566,1.5314405552826693,0.013753756476471448,5000,3811,288,286,2,0,0,0,2.2902279674279233e-07,2.2743236065430074e-07,1.5904360884916135e-09,1.1244956542793908e-09
46,4,0.3960133129190808,200.0,437868.38414160546,1372755.9265208044,0.001412234458670175,1.6274845312890474,0.012178333957368547,5000,3622,269,269,0,0,0,0,9.815549611174323e-07,9.815549611174323e-07,0.0,0.0
46,5,0.3960133129190808,200.0,831060.5062703448,1372755.9265208044,2.4949943803736266e-05,1.2092623635191695,0.022058732057478287,5000,4291,272,272,0,0,0,0,1.883737147546115e-06,1.883737147546115e-06,0.0,0.0
47,1,0.37218456132846733,200.0,323.0193397514878,1380576.967553164,2.2416300184875557,0.4397800416157636,0.16678254092361888,5000,4999,1765,272,1493,0,0,0,4.7510761221781334e-09,7.321771701033724e-10,4.018898952074761e-09,8.711711755598242e-11
47,2,0.37218456132846733,200.0,8162.6548115952455,1380576.967553164,0.28860796103827985,0.9532271783496588,0.035500035326531294,5000,4735,389,288,101,0,0,0,2.6460606014254583e-08,1.9590371547828585e-08,6.870234466425998e-09,6.767418329355387e-10
47,3,0.37218456132846733,200.0,96427.43401288547,1380576.967553164,0.03179807848142617,1.5345779493248233,0.013697575761384015,5000,3783,267,262,5,0,0,0,2.1455104067867015e-07,2.1053323092813327e-07,4.0178097505368945e-09,1.7961001292796696e-09
47,4,0.37218456132846733,200.0,441131.6143441455,1380576.967553164,0.0013869583053980085,1.6271981956864123,0.012182620340442278,5000,3601,270,270,0,0,0,0,9.925461322743274e-07,9.925461322743274e-07,0.0,0.0
47,5,0.37218456132846733,200.0,834532.2450447864,1380576.967553164,2.4267833918804467e-05,1.206401905235284,0.02216346148044163,5000,4332,270,270,0,0,0,0,1.8776975513507692e-06,1.8776975513507692e-06,0.0,0.0
48,1,0.3490519845860913,200.0,325.42943499924564,1388163.4849441233,2.2411431363707877,0.44085260984164965,0.16597198410280947,5000,4998,1786,283,1503,0,0,0,4.8434747575721055e-09,7.674710842065543e-10,4.076003673365552e-09,8.793491015866245e-11
48,2,0.3490519845860913,200.0,8244.076146749701,1388163.4849441233,0.28790954982036104,0.9559109002311723,0.03530098229115924,5000,4699,398,287,111,0,0,0,2.7342852553386504e-08,1.9717082117643033e-08,7.625770435743473e-09,7.157983420079995e-10
48,3,0.3490519845860913,200.0,97410.88350086349,1388163.4849441233,0.03155111092022184,1.5376856357981123,0.013642265683877237,5000,3802,272,270,2,0,0,0,2.2079800260195728e-07,2.1917448787694287e-07,1.6235147250143917e-09,1.1478834428793272e-09
48,4,0.3490519845860913,200.0,444306.290456994,1388163.4849441233,0.0013630777812706097,1.6269568019996457,0.012186235710930988,5000,3655,285,285,0,0,0,0,1.0552274398353608e-06,1.0552274398353608e-06,0.0,0.0
48,5,0.3490519845860913,200.0,837876.8054045169,1388163.4849441233,2.3628557533953034e-05,1.2036627070933907,0.022264451885355696,5000,4349,290,290,0,0,0,0,2.024868946394249e-06,2.024868946394249e-06,0.0,0.0
49,1,0.32657984495630954,200.0,327.82686253459826,1395525.5909434932,2.2410982982488714,0.44192856137044845,0.16516479291247158,5000,4998,1778,295,1483,0,0,0,4.857301346554297e-09,8.059077037308873e-10,4.05139364282341e-09,8.824263795337489e-11
49,2,0.32657984495630954,200.0,8324.588070093025,1395525.5909434932,0.28728727468244275,0.9585808896715903,0.03510460452790479,5000,4729,377,294,83,0,0,0,2.6153080853542248e-08,2.0395240771727905e-08,5.757840081814341e-09,6.268001449087057e-10
49,3,0.32657984495630954,200.0,98377.17935887618,1395525.5909434932,0.03131839473533866,1.540766365281221,0.013587765385999555,5000,3804,292,289,3,0,0,0,2.393844697732654e-07,2.369250402892935e-07,2.459429483971905e-09,1.419668198943611e-09
49,4,0.32657984495630954,200.0,447395.96541753295,1395525.5909434932,0.0013404985640511162,1.6267599637847996,0.01218918496227599,5000,3645,293,293,0,0,0,0,1.092391815561143e-06,1.092391815561143e-06,0.0,0.0
49,5,0.32657984495630954,200.0,841100.031234456,1395525.5909434932,2.3028705429557213e-05,1.201039996104849,0.022361795819682673,5000,4371,307,307,0,0,0,0,2.151814246574816e-06,2.151814246574816e-06,0.0,0.0
50,1,0.3047349758451692,200.0,330.2128232498496,1402672.748361106,2.2414787783905616,0.44300813704903375,0.1643607867672157,5000,5000,1785,293,1492,0,0,0,4.9119157458415124e-09,8.062696434350495e-10,4.105646102406463e-09,8.904003536672913e-11
50,2,0.3047349758451692,200.0,8404.232717585857,1402672.748361106,0.2867377559560974,0.9612384418859237,0.0349107642651598,5000,4680,373,285,88,0,0,0,2.6123156697162705e-08,1.996005270426641e-08,6.163103992896295e-09,6.512470521013118e-10
50,3,0.3047349758451692,200.0,99326.9268833867,1402672.748361106,0.031099157266058306,1.5438224014884037,0.01353402396685086,5000,3731,290,289,1,0,0,0,2.4004007330151787e-07,2.39212348910823e-07,8.277243906948892e-10,8.277243906948892e-10
50,4,0.3047349758451692,200.0,450403.95634372265,1402672.748361106,0.0013191341500641374,1.6266070734109763,0.012191476476507607,5000,3618,259,259,0,0,0,0,9.72121872441868e-07,9.72121872441868e-07,0.0,0.0
50,5,0.3047349758451692,200.0,844207.41959316,1402672.748361106,2.246520135431543e-05,1.1985291788375465,0.02245558610034738,5000,4343,277,277,0,0,0,0,1.9487121268942112e-06,1.9487121268942112e-06,0.0,0.0
51,1,0.2834865529387405,200.0,332.58829221139905,1409613.8216827104,2.242267818848971,0.4440914486548195,0.16355988516464398,5000,5000,1784,282,1502,0,0,0,4.944479277542798e-09,7.815824866967876e-10,4.162896790846011e-09,8.985226133413525e-11
51,2,0.2834865529387405,200.0,8483.046728018644,1409613.8216827104,0.28625771008243245,0.9638845520418244,0.034719349375469215,5000,4714,376,281,95,0,0,0,2.6580213081125082e-08,1.986446775477699e-08,6.7157453263480925e-09,6.82512097061694e-10
51,3,0.2834865529387405,200.0,100260.67766780395,1409613.8216827104,0.03089267158068138,1.546855590976235,0.013480998964022613,5000,3785,283,277,6,0,0,0,2.3644809816657095e-07,2.3143506428318074e-07,5.013033883390197e-09,2.045538770927072e-09
51,4,0.2834865529387405,200.0,453333.36542123073,1409613.8216827104,0.0012989050845266796,1.6264973410193926,0.012193121539139566,5000,3607,264,264,0,0,0,0,9.973334039267075e-07,9.973334039267075e-07,0.0,0.0
51,5,0.2834865529387405,200.0,847204.143573446,1409613.8216827104,2.1935263577409264e-05,1.196125834926437,0.022545915584555574,5000,4359,284,284,0,0,0,0,2.0050498064571554e-06,2.0050498064571554e-06,0.0,0.0
52,1,0.26280588948501205,200.0,334.9540483239769,1416357.1234780103,2.2434487468863082,0.44517849986424407,0.16276208879924148,5000,5000,1786,247,1539,0,0,0,4.98523275255519e-09,6.894470828001858e-10,4.295785669755004e-09,9.11134573035029e-11
52,2,0.26280588948501205,200.0,8561.061893299391,1416357.1234780103,0.28584395582334715,0.9665199597947854,0.034530269169388846,5000,4699,363,280,83,0,0,0,2.5897212227230662e-08,1.9975811084365248e-08,5.921401142865413e-09,6.446054495561958e-10
52,3,0.26280588948501205,200.0,101178.93537154315,1416357.1234780103,0.03069825367887267,1.549867422556086,0.013428655070941714,5000,3792,329,328,1,0,0,0,2.7739891447698084e-07,2.7655575668221796e-07,8.431577947628596e-10,8.431577947628596e-10
52,4,0.26280588948501205,200.0,456187.09850289836,1416357.1234780103,0.001279738278547139,1.626429827453787,0.012194133840048874,5000,3577,259,259,0,0,0,0,9.846038209354225e-07,9.846038209354225e-07,0.0,0.0
52,5,0.26280588948501205,200.0,850095.0736619447,1416357.1234780103,2.1436371542720356e-05,1.1938257106783747,0.022632876962642972,5000,4359,256,256,0,0,0,0,1.813536157145482e-06,1.813536157145482e-06,0.0,0.0
53,1,0.24266625277903398,200.0,337.3106998991856,1422910.456599485,2.2450050656011973,0.4462692039963984,0.16196746375716867,5000,4999,1800,306,1494,0,0,0,5.059660498487783e-09,8.601422847429232e-10,4.19951821374486e-09,9.098893000914458e-11
53,2,0.24266625277903398,200.0,8638.305725699664,1422910.456599485,0.285493417887259,0.9691451872374811,0.03434345085776572,5000,4704,382,290,92,0,0,0,2.749860656014393e-08,2.0875905503774186e-08,6.622701056369742e-09,6.841509695311263e-10
53,3,0.24266625277903398,200.0,102082.16078809467,1422910.456599485,0.03051525980072345,1.552859078079238,0.013376963050434261,5000,3726,301,301,0,0,0,0,2.560560866434708e-07,2.560560866434708e-07,0.0,0.0
53,4,0.24266625277903398,200.0,458967.881719756,1422910.456599485,0.001261566401956232,1.6264034721547032,0.012194529046593681,5000,3608,275,275,0,0,0,0,1.0518013956077742e-06,1.0518013956077742e-06,0.0,0.0
53,5,0.24266625277903398,200.0,852884.7976660354,1422910.456599485,2.0966236862441623e-05,1.1916247128097375,0.02271656257086155,5000,4355,287,287,0,0,0,0,2.039816141084601e-06,2.039816141084601e-06,0.0,0.0
54,1,0.2230426993154977,200.0,339.6587067562152,1429281.152611114,2.246920523151899,0.44736339906177724,0.16117612827434144,5000,5000,1774,278,1496,0,0,0,5.021287881546049e-09,7.868760039852321e-10,4.234411877560817e-09,9.165745257753192e-11
54,2,0.2230426993154977,200.0,8714.801954037468,1429281.152611114,0.28520312857682745,0.9717605713194607,0.034158836570322405,5000,4714,353,266,87,0,0,0,2.5636042414793552e-08,1.9317810998116388e-08,6.318231416677165e-09,6.71533551618665e-10
54,3,0.2230426993154977,200.0,102970.77630920643,1429281.152611114,0.030343083860559988,1.5558314759633103,0.013325898812193121,5000,3753,273,269,4,0,0,0,2.342585161034446e-07,2.3082615689313773e-07,3.4323592103068806e-09,1.715664570998346e-09
54,4,0.2230426993154977,200.0,461678.2763571056,1429281.152611114,0.0012443273425999499,1.6264171168311556,0.012194324437697659,5000,3640,270,270,0,0,0,0,1.0387761218034876e-06,1.0387761218034876e-06,0.0,0.0
54,5,0.2230426993154977,200.0,855577.6392840077,1429281.152611114,2.0522778013965062e-05,1.1895189023443984,0.02279706422229233,5000,4391,290,290,0,0,0,0,2.0676459616030185e-06,2.0676459616030185e-06,0.0,0.0
55,1,0.20391192641564815,200.0,341.9983993869742,1435476.106834458,2.2491791649493273,0.4484608605583278,0.16038824162985293,5000,4997,1761,256,1505,0,0,0,5.018826511003847e-09,7.295965853588783e-10,4.289229925644968e-09,9.244705888871666e-11
55,2,0.20391192641564815,200.0,8790.57095907313,1435476.106834458,0.2849702279418057,0.9743662916208746,0.033976380838025455,5000,4700,366,286,80,0,0,0,2.6811241425173047e-08,2.095086078579096e-08,5.860380639382087e-09,6.500126587414824e-10
55,3,0.20391192641564815,200.0,103845.16986880568,1435476.106834458,0.030181155016080638,1.5587853086035934,0.013275442627447443,5000,3751,294,293,1,0,0,0,2.544206661785739e-07,2.535552897630005e-07,8.653764155733806e-10,8.653764155733806e-10
55,4,0.20391192641564815,200.0,464320.69221345626,1435476.106834458,0.001227963723985639,1.6264695255852601,0.012193538589522364,5000,3660,288,288,0,0,0,0,1.114369661312295e-06,1.114369661312295e-06,0.0,0.0
55,5,0.20391192641564815,200.0,858177.675393735,1435476.106834458,2.0104098207316068e-05,1.1875044886911248,0.022874473054304567,5000,4371,282,282,0,0,0,0,2.016717537175277e-06,2.016717537175277e-06,0.0,0.0
56,1,0.18525213842667787,200.0,344.3299956286222,1441501.8103546097,2.251765372313769,0.4495613123786173,0.1596039948241214,5000,4998,1731,307,1424,0,0,0,4.966960186942875e-09,8.809109054832252e-10,4.08604928145965e-09,9.158108665645828e-11
56,2,0.18525213842667787,200.0,8865.630156750272,1441501.8103546097,0.28479196281459873,0.9769623942102524,0.03379604846342556,5000,4630,351,277,74,0,0,0,2.593196820849455e-08,2.0464829611831883e-08,5.4671385966626684e-09,6.308845025927075e-10
56,3,0.18525213842667787,200.0,104705.69843727039,1441501.8103546097,0.03002893537751591,1.5617210746153647,0.013225578458901313,5000,3703,302,302,0,0,0,0,2.635093410671305e-07,2.635093410671305e-07,0.0,0.0
56,4,0.18525213842667787,200.0,466897.3996282823,1441501.8103546097,0.001212422474249325,1.6265594020476934,0.012192191104968195,5000,3618,297,297,0,0,0,0,1.1555710640799985e-06,1.1555710640799985e-06,0.0,0.0
56,5,0.18525213842667787,200.0,860688.752136678,1441501.8103546097,1.970846597547856e-05,1.1855778239128405,0.022948879391174164,5000,4364,294,294,0,0,0,0,2.108687442734861e-06,2.108687442734861e-06,0.0,0.0
57,1,0.16704292584003566,200.0,346.6536152110481,1447364.3792893798,2.2546638903731533,0.45066443612699064,0.15882360275432983,5000,4999,1779,274,1505,0,0,0,5.1391398455037875e-09,7.91525754731893e-10,4.347614090771894e-09,9.370543030858075e-11
57,2,0.16704292584003566,200.0,8939.99433648971,1447364.3792893798,0.2846656850214707,0.9795488121879423,0.033617812716830606,5000,4683,361,292,69,0,0,0,2.6894482962273213e-08,2.1753986218791627e-08,5.140496743481584e-09,6.146196994076423e-10
57,3,0.16704292584003566,200.0,105552.69112540495,1447364.3792893798,0.02988591785719495,1.5646391066890657,0.013176293387910851,5000,3729,313,312,1,0,0,0,2.7531660268543125e-07,2.744369969260529e-07,8.796057593783746e-10,8.796057593783746e-10
57,4,0.16704292584003566,200.0,469410.5403375468,1447364.3792893798,0.0011976544403365463,1.6266854039850103,0.012190302380574945,5000,3618,288,288,0,0,0,0,1.1265852968101122e-06,1.1265852968101122e-06,0.0,0.0
57,5,0.16704292584003566,200.0,863114.4998747269,1447364.3792893798,1.9334298110150557e-05,1.1837353971950841,0.023020372620632217,5000,4410,275,275,0,0,0,0,1.9779707288795824e-06,1.9779707288795824e-06,0.0,0.0
58,1,0.1492651558873075,200.0,348.96929249487783,1453069.5815908848,2.2578598474803324,0.45176987909935234,0.15804729764607242,5000,5000,1722,256,1466,0,0,0,5.007709347301497e-09,7.444678239890727e-10,4.2632415233124245e-09,9.361914193103966e-11
58,2,0.1492651558873075,200.0,9013.6759608123,1453069.5815908848,0.28458884900379006,0.9821253834257816,0.033441653806268255,5000,4642,353,278,75,0,0,0,2.651523011805618e-08,2.0881682642548493e-08,5.633547475507687e-09,6.456733716357381e-10
58,3,0.1492651558873075,200.0,106386.45194995977,1453069.5815908848,0.02975162415741694,1.5675395957206573,0.0131275771237817,5000,3676,288,287,1,0,0,0,2.553274846799035e-07,2.544409309136538e-07,8.865537662496648e-10,8.865537662496648e-10
58,4,0.1492651558873075,200.0,471862.1372952375,1453069.5815908848,0.0011836140420864601,1.6268461557665697,0.01218789340539074,5000,3642,281,281,0,0,0,0,1.104943838166348e-06,1.104943838166348e-06,0.0,0.0
58,5,0.1492651558873075,200.0,865458.3470923806,1453069.5815908848,1.898014462347813e-05,1.181973829517062,0.023089041083247705,5000,4396,293,293,0,0,0,0,2.1131607974838963e-06,2.1131607974838963e-06,0.0,0.0
59,1,0.13190087335430922,200.0,351.2769876549464,1458622.8616187854,2.2613387679083816,0.4528772611288759,0.157275323545989,5000,4999,1782,295,1487,0,0,0,5.216463266675954e-09,8.635559279850767e-10,4.352907338690878e-09,9.462838858138537e-11
59,2,0.13190087335430922,200.0,9086.685431369124,1458622.8616187854,0.28455900902424025,0.984691865915725,0.033267557579002474,5000,4661,352,275,77,0,0,0,2.665427726534943e-08,2.082365411355424e-08,5.830623151795187e-09,6.593909157334573e-10
59,3,0.13190087335430922,200.0,107207.26230308255,1458622.8616187854,0.02962560289197838,1.5704226117567683,0.01307942158285597,5000,3693,292,291,1,0,0,0,2.6087100493750085e-07,2.599776110849752e-07,8.933938525256879e-10,8.933938525256879e-10
59,4,0.13190087335430922,200.0,474254.10357834306,1458622.8616187854,0.001170258961589486,1.627040259009169,0.012184985587339287,5000,3609,301,301,0,0,0,0,1.1895873764756771e-06,1.1895873764756771e-06,0.0,0.0
59,5,0.13190087335430922,200.0,867723.5333183353,1458622.8616187854,1.8644675464727133e-05,1.1802898685256806,0.02315497197365989,5000,4417,275,275,0,0,0,0,1.9885330971878518e-06,1.9885330971878518e-06,0.0,0.0
60,1,0.11493321051041194,200.0,353.57659652742666,1464029.3626981939,2.2650865792584916,0.45398618046937433,0.15650793171116917,5000,4999,1820,277,1543,0,0,0,5.362578380665971e-09,8.161726436508099e-10,4.546405737015161e-09,9.624836249030474e-11
60,2,0.11493321051041194,200.0,9159.031325777902,1464029.3626981939,0.2845738160962945,0.9872479510775286,0.03309551441911343,5000,4664,350,270,80,0,0,0,2.6713841366852215e-08,2.060782048300028e-08,6.106020883851934e-09,6.772582044196534e-10
60,3,0.11493321051041194,200.0,108015.38316259265,1464029.3626981939,0.02950742783566165,1.5732881222123176,0.01303182052700855,5000,3640,273,270,3,0,0,0,2.457349966948983e-07,2.430346121158335e-07,2.7003845790648163e-09,1.5587558565105997e-09
60,4,0.11493321051041194,200.0,476588.25047776,1464029.3626981939,0.0011575498637795372,1.6272663016678135,0.012181600603291008,5000,3632,271,271,0,0,0,0,1.0762951323289413e-06,1.0762951323289413e-06,0.0,0.0
60,5,0.11493321051041194,200.0,869913.1211355354,1464029.3626981939,1.8326668761071146e-05,1.1786803836106907,0.02321825125276954,5000,4371,275,275,0,0,0,0,1.9935509026022686e-06,1.9935509026022686e-06,0.0,0.0
61,1,0.09834630518493004,200.0,355.86795930001784,1469293.9478522392,2.269089615700598,0.45509621885677337,0.1557453767602367,5000,4999,1718,289,1429,0,0,0,5.094842950645255e-09,8.57048668647543e-10,4.237794281997713e-09,9.474954060758107e-11
61,2,0.09834630518493004,200.0,9230.720608901564,1469293.9478522392,0.28463101474030106,0.9897932753133609,0.03292551831189328,5000,4662,397,325,72,0,0,0,3.053830068111601e-08,2.4999868315775067e-08,5.538432365340938e-09,6.480587660218421e-10
61,3,0.09834630518493004,200.0,108811.05707388346,1469293.9478522392,0.029396696294989148,1.5761360077394015,0.012984769252961215,5000,3662,305,304,1,0,0,0,2.765614367294538e-07,2.756546779205048e-07,9.067588089490289e-10,9.067588089490289e-10
61,4,0.09834630518493004,200.0,478866.29486335634,1469293.9478522392,0.0011454501447292868,1.6275228657956986,0.012177760269667038,5000,3600,258,258,0,0,0,0,1.0295625339562161e-06,1.0295625339562161e-06,0.0,0.0
61,5,0.09834630518493004,200.0,872030.0073467974,1469293.9478522392,1.80250003854287e-05,1.17714236117738,0.023278963570078817,5000,4389,263,263,0,0,0,0,1.9111990994350643e-06,1.9111990994350643e-06,0.0,0.0
62,1,0.08212522613886364,200.0,358.15086820315196,1474421.2188790038,2.2733346179835094,0.45620694587032606,0.15498791347007335,5000,4996,1783,286,1497,0,0,0,5.321524983385166e-09,8.535929025508456e-10,4.467932080834321e-09,9.6666092294142e-11
62,2,0.08212522613886364,200.0,9301.758821812677,1474421.2188790038,0.2847284396497134,0.992327430059228,0.032757566050024826,5000,4646,345,268,77,0,0,0,2.6742556612711444e-08,2.0773928035381643e-08,5.968628577329801e-09,6.749980852503959e-10
62,3,0.08212522613886364,200.0,109594.50993100042,1474421.2188790038,0.029293027593470997,1.5789660760752702,0.012938264325055184,5000,3685,310,308,2,0,0,0,2.831191506550844e-07,2.8129257548956776e-07,1.8265751655166737e-09,1.2914544952172023e-09
62,4,0.08212522613886364,200.0,481089.8659012852,1474421.2188790038,0.0011339257045581334,1.6278085341645978,0.012173486430836305,5000,3605,303,303,0,0,0,0,1.214751911400745e-06,1.214751911400745e-06,0.0,0.0
62,5,0.08212522613886364,200.0,874076.9333567021,1474421.2188790038,1.773863468251694e-05,1.1756729001120327,0.023337192195437312,5000,4371,261,261,0,0,0,0,1.9011173300508271e-06,1.9011173300508271e-06,0.0,0.0
63,1,0.06625590498114087,200.0,360.42507432917165,1479415.533924694,2.277808730922063,0.45731792269126637,0.15423579412368685,5000,4998,1724,274,1450,0,0,0,5.178106901195766e-09,8.229705863849419e-10,4.355136314810824e-09,9.638076296304386e-11
63,2,0.06625590498114087,200.0,9372.150251063003,1479415.533924694,0.2848640123262676,0.9948499705356639,0.032591656561059786,5000,4652,369,280,89,0,0,0,2.881936202201874e-08,2.1868350585813677e-08,6.951011436205062e-09,7.302917565517536e-10
63,3,0.06625590498114087,200.0,110365.9525794695,1479415.533924694,0.029196061664083995,1.581778074137933,0.01289230334542262,5000,3701,293,291,2,0,0,0,2.6947686754820467e-07,2.6763743500521353e-07,1.8394325429911582e-09,1.3005451246364578e-09
63,4,0.06625590498114087,200.0,483260.51119061705,1479415.533924694,0.0011229447422408142,1.628121895903775,0.012168800863023887,5000,3614,311,311,0,0,0,0,1.252450158169016e-06,1.252450158169016e-06,0.0,0.0
63,5,0.06625590498114087,200.0,876056.4948292145,1479415.533924694,1.7466616208202484e-05,1.1742692074345031,0.02339301895951159,5000,4395,301,301,0,0,0,0,2.19744170786328e-06,2.19744170786328e-06,0.0,0.0
64,1,0.050725073966091605,200.0,362.6902936914368,1484281.0236891115,2.282499498950727,0.45842870534377894,0.15348926632766044,5000,4997,1761,310,1451,0,0,0,5.322480059921835e-09,9.36949925369545e-10,4.38553013455229e-09,9.70062742060823e-11
64,2,0.050725073966091605,200.0,9441.898080591829,1484281.0236891115,0.2850357377308291,0.9973604233737442,0.03242779033859391,5000,4663,377,284,93,0,0,0,2.9663296469859328e-08,2.234582545740066e-08,7.317471012458667e-09,7.517717417148808e-10
64,3,0.050725073966091605,200.0,111125.58226105098,1484281.0236891115,0.02910545774197852,1.5845716986024279,0.012846884756343746,5000,3682,285,285,0,0,0,0,2.6392325786999607e-07,2.6392325786999607e-07,0.0,0.0
64,4,0.050725073966091605,200.0,485379.7023788465,1484281.0236891115,0.0011124775699354232,1.6284615512934477,0.012163725191748787,5000,3611,299,299,0,0,0,0,1.2094044250939591e-06,1.2094044250939591e-06,0.0,0.0
64,5,0.050725073966091605,200.0,877971.1506749308,1484281.0236891115,1.7208062357330933e-05,1.1729285941316563,0.023446524202346886,5000,4401,292,292,0,0,0,0,2.1363964666423314e-06,2.1363964666423314e-06,0.0,0.0
65,1,0.03552020908505438,200.0,364.9462126205146,1489021.6063855693,2.287394860227669,0.45953884749105817,0.1527485712294415,5000,4999,1698,261,1437,0,0,0,5.1639889085802805e-09,7.937580124496192e-10,4.370230896130662e-09,9.732901803822508e-11
65,2,0.03552020908505438,200.0,9511.004528328052,1489021.6063855693,0.2852417009860077,0.9998582932683396,0.032265968962084536,5000,4683,371,297,74,0,0,0,2.940485566674756e-08,2.3539736207611927e-08,5.865119459135632e-09,6.768097986179335e-10
65,3,0.03552020908505438,200.0,111873.58391827367,1489021.6063855693,0.029020893150668848,1.58734660515886,0.012802007670320394,5000,3641,274,271,3,0,0,0,2.554446832800582e-07,2.526478436821014e-07,2.796839597956842e-09,1.6144330466239625e-09
65,4,0.03552020908505438,200.0,487448.8403090228,1489021.6063855693,0.001102496444736087,1.6288261158294706,0.012158280821074601,5000,3681,302,301,1,0,0,0,1.2267462481110408e-06,1.222684174441799e-06,4.062073669241857e-09,4.062073669241857e-09
65,5,0.03552020908505438,200.0,879823.2314173243,1489021.6063855693,1.6962156772274593e-05,1.171648471165064,0.02349778672943498,5000,4369,270,270,0,0,0,0,1.9796022706889796e-06,1.9796022706889796e-06,0.0,0.0
66,1,0.020629477931471074,200.0,367.19249257735584,1493641.0015650163,2.2924831396544456,0.46064790284609697,0.15201394207663552,5000,4997,1778,296,1482,0,0,0,5.4405687650211545e-09,9.057414816908109e-10,4.534827283330344e-09,9.881957874674185e-11
66,2,0.020629477931471074,200.0,9579.470969182104,1493641.0015650163,0.285480064154555,1.0023430687838335,0.032106194692806955,5000,4638,360,283,77,0,0,0,2.873841290754631e-08,2.2591585702321125e-08,6.146827205225182e-09,6.951507436149146e-10
66,3,0.020629477931471074,200.0,112610.13137369286,1493641.0015650163,0.028942062175044934,1.5901024166195707,0.012757671724131902,5000,3649,279,278,1,0,0,0,2.618185554438359e-07,2.6088013768238844e-07,9.384177614474404e-10,9.384177614474404e-10
66,4,0.020629477931471074,200.0,489469.25974443124,1493641.0015650163,0.001092975416003259,1.629214223657007,0.012152488873219597,5000,3581,291,291,0,0,0,0,1.1869629548802456e-06,1.1869629548802456e-06,0.0,0.0
66,5,0.020629477931471074,200.0,881614.9469851318,1493641.0015650163,1.6728143438980653e-05,1.170426345646158,0.02354688377474188,5000,4420,280,280,0,0,0,0,2.0571015429653076e-06,2.0571015429653076e-06,0.0,0.0
67,1,0.006041691876883526,84.03621897459016,369.4287744525104,1498142.7429031734,2.2977530411053633,0.4617554272482333,0.151285603068798,5000,4998,1152,291,861,0,0,0,8.440446935901419e-09,2.1320920645375976e-09,6.30835487136382e-09,1.956233470754716e-10
67,2,0.006041691876883526,84.03621897459016,9647.298045909749,1498142.7429031734,0.2857490631108221,1.0048142274199958,0.03194847013525169,5000,4651,283,248,35,0,0,0,5.4146997177847396e-08,4.7450372085180754e-08,6.6966250926666385e-09,1.128080317235882e-09
67,3,0.006041691876883526,84.03621897459016,113335.38839702564,1498142.7429031734,0.02886867501489956,1.5928387300197215,0.01271387695366761,5000,3656,290,290,0,0,0,0,6.518471645556274e-07,6.518471645556274e-07,0.0,0.0
67,4,0.006041691876883526,84.03621897459016,491442.2337115925,1498142.7429031734,0.001083890186641434,1.62962453045713,0.012146370137263976,5000,3612,244,244,0,0,0,0,2.378179045670099e-06,2.378179045670099e-06,0.0,0.0
67,5,0.006041691876883526,84.03621897459016,883348.393974193,1498142.7429031734,1.650532138965855e-05,1.169259817171938,0.023593890970186035,5000,4400,269,269,0,0,0,0,4.71266478665401e-06,4.71266478665401e-06,0.0,0.0
