curve,z,rate
simulation,8.73181141967738,6.570369392472982e-10
simulation,6.957409377580597,8.65112915713271e-10
simulation,5.818019333855098,7.400947031303091e-10
simulation,5.013762256426877,8.920949465248557e-10
simulation,4.410283969454302,7.147301467032047e-10
simulation,3.937634779932835,7.453646682034728e-10
simulation,3.5555050820149083,7.675857202962544e-10
simulation,3.238897286175451,7.920677862986737e-10
simulation,2.9714168770592653,5.662940866483023e-10
simulation,2.741821070196448,6.422400794222243e-10
simulation,2.5421249126749608,5.999876655296078e-10
simulation,2.3664863179941134,4.705674203320733e-10
simulation,2.21052827990806,6.752899299087366e-10
simulation,2.070895863592989,4.284757130569483e-10
simulation,1.9449696446159621,5.410767040445427e-10
simulation,1.830681676854486,9.243718496750052e-10
simulation,1.7263624034346174,4.1929373783216943e-10
simulation,1.6306594759225772,4.6376707377177233e-10
simulation,1.5424583852564686,4.175914426029319e-10
simulation,1.460833165840676,4.0682537765168193e-10
simulation,1.385009426412623,3.782932148392559e-10
simulation,1.3143309119491153,5.644413758915388e-10
simulation,1.2482412228028237,7.04999521986721e-10
simulation,1.1862607816202557,4.5425526580775985e-10
simulation,1.1279792746542623,3.9755970235854595e-10
simulation,1.0730378153417008,5.276359938835405e-10
simulation,1.0211260773423751,2.516587217745838e-10
simulation,0.9719707579342289,5.327814782217789e-10
simulation,0.925331122805515,4.26741882846755e-10
simulation,0.8809957814749181,3.934752749534266e-10
simulation,0.8387760956692446,3.1224967168105317e-10
simulation,0.7985038293992823,2.478603302692802e-10
simulation,0.7600296298211916,3.149351473104065e-10
simulation,0.7232184119850669,2.9291057385557133e-10
simulation,0.687950261085177,2.912541903295329e-10
simulation,0.6541151147922558,3.855319405464356e-10
simulation,0.6216146444885418,4.218642950455019e-10
simulation,0.5903591591590135,2.987986898541484e-10
simulation,0.5602672990100112,2.554560118023983e-10
simulation,0.5312653509589239,4.152062508459993e-10
simulation,0.5032848546134595,2.3021818163986278e-10
simulation,0.47626439158246503,3.0031325301115624e-10
simulation,0.4501465696277171,2.2627208370426525e-10
simulation,0.4248796997817221,4.2848014876684504e-10
simulation,0.40041523452372846,3.7643837231767345e-10
simulation,0.37670891421521757,9.738964910579507e-11
simulation,0.3537199386935093,1.5974282238609208e-10
simulation,0.33140993474587965,1.2066960148460472e-10
simulation,0.3097442433563039,9.420652766757616e-11
simulation,0.28868982258455406,1.6275450268894964e-10
simulation,0.2682167008245514,2.1313642869591383e-10
simulation,0.24829659996091907,1.695534963779986e-10
simulation,0.22890300300057284,1.4865153459798912e-10
simulation,0.21001144951078646,1.7106856406324515e-10
simulation,0.19159914871135675,2.6136471127771674e-10
simulation,0.17364469574912259,3.9298006336221325e-10
simulation,0.1561277108741454,1.3541179994526417e-10
simulation,0.1390297092223942,7.368946686527644e-11
simulation,0.1223327599895019,3.049409614478525e-10
simulation,0.10602046029571491,1.280703676543181e-10
simulation,0.09007702156994812,2.2253387729417077e-10
simulation,0.07448792642753133,1.6898198373444907e-10
simulation,0.05923926347400231,1.6603024816044765e-11
simulation,0.044317952433191914,1.8720200260924888e-10
simulation,0.029711699974452815,3.9480083354217076e-10
simulation,0.015408854212857526,2.3893035746743613e-10
simulation,0.0013984212272802438,1.0989399029656761e-10
polynomial,8.73181141967738,6.463176080054732e-10
polynomial,6.957409377580597,8.043234035069344e-10
polynomial,5.818019333855098,8.372321423816554e-10
polynomial,5.013762256426877,8.281838288057925e-10
polynomial,4.410283969454302,8.038526745926944e-10
polynomial,3.937634779932835,7.742940748882068e-10
polynomial,3.5555050820149083,7.436520989912141e-10
polynomial,3.238897286175451,7.136961362996548e-10
polynomial,2.9714168770592653,6.851621042678939e-10
polynomial,2.741821070196448,6.583131763218783e-10
polynomial,2.5421249126749608,6.331905016972074e-10
polynomial,2.3664863179941134,6.097334255104753e-10
polynomial,2.21052827990806,5.878368431685074e-10
polynomial,2.070895863592989,5.673799666738637e-10
polynomial,1.9449696446159621,5.482408059525222e-10
polynomial,1.830681676854486,5.30303360201945e-10
polynomial,1.7263624034346174,5.134599056649307e-10
polynomial,1.6306594759225772,4.976122689257673e-10
polynomial,1.5424583852564686,4.826718059932619e-10
polynomial,1.460833165840676,4.685593291692582e-10
polynomial,1.385009426412623,4.55203114437885e-10
polynomial,1.3143309119491153,4.4253972083613324e-10
polynomial,1.2482412228028237,4.305115243103144e-10
polynomial,1.1862607816202557,4.190674349215853e-10
polynomial,1.1279792746542623,4.081615779764732e-10
polynomial,1.0730378153417008,3.977523608233612e-10
polynomial,1.0211260773423751,3.878024647142271e-10
polynomial,0.9719707579342289,3.782783336279762e-10
polynomial,0.925331122805515,3.6914953213199406e-10
polynomial,0.8809957814749181,3.603883690815705e-10
polynomial,0.8387760956692446,3.51969837224246e-10
polynomial,0.7985038293992823,3.43871018369393e-10
polynomial,0.7600296298211916,3.360712568862997e-10
polynomial,0.7232184119850669,3.2855145298419744e-10
polynomial,0.687950261085177,3.212941909699658e-10
polynomial,0.6541151147922558,3.1428368316870965e-10
polynomial,0.6216146444885418,3.075051587792728e-10
polynomial,0.5903591591590135,3.0094510472309585e-10
polynomial,0.5602672990100112,2.9459124417689804e-10
polynomial,0.5312653509589239,2.884320660086888e-10
polynomial,0.5032848546134595,2.8245692050962355e-10
polynomial,0.47626439158246503,2.766561010566953e-10
polynomial,0.4501465696277171,2.7102042216073594e-10
polynomial,0.4248796997817221,2.655415329180748e-10
polynomial,0.40041523452372846,2.6021151780884816e-10
polynomial,0.37670891421521757,2.550230705457086e-10
polynomial,0.3537199386935093,2.499694519721646e-10
polynomial,0.33140993474587965,2.4504426074808645e-10
polynomial,0.3097442433563039,2.4024160223085026e-10
polynomial,0.28868982258455406,2.3555593186646034e-10
polynomial,0.2682167008245514,2.3098203471949854e-10
polynomial,0.24829659996091907,2.265150649616707e-10
polynomial,0.22890300300057284,2.2215046482481026e-10
polynomial,0.21001144951078646,2.1788389169330986e-10
polynomial,0.19159914871135675,2.1371137393958067e-10
polynomial,0.17364469574912259,2.0962906856463815e-10
polynomial,0.1561277108741454,2.0563347097609222e-10
polynomial,0.1390297092223942,2.0172118295522142e-10
polynomial,0.1223327599895019,1.9788906431792853e-10
polynomial,0.10602046029571491,1.9413406570208595e-10
polynomial,0.09007702156994812,1.9045337518987413e-10
polynomial,0.07448792642753133,1.868443547305176e-10
polynomial,0.05923926347400231,1.8330438802661353e-10
polynomial,0.044317952433191914,1.79831163998531e-10
polynomial,0.029711699974452815,1.7642233465723658e-10
polynomial,0.015408854212857526,1.7307579287698098e-10
polynomial,0.0013984212272802438,1.697894796105544e-10
