z_mid,dt_yr,halo_rate,R1_rate,R2_rate,R3_rate,R4_rate,R5_rate,R1_weighted_mergers,R2_weighted_mergers,R3_weighted_mergers,R4_weighted_mergers,R5_weighted_mergers,R1_raw_mergers,R2_raw_mergers,R3_raw_mergers,R4_raw_mergers,R5_raw_mergers
1.013341432369064421e+01,2.000000000000000000e+08,2.066823470915709176e-08,2.478608453630026601e-09,7.152383055483038456e-09,6.008726820420931215e-09,2.416090187858134397e-09,2.612426191764959853e-09,4.957216907260053040e-01,1.430476611096607620e+00,1.201745364084186196e+00,4.832180375716268461e-01,5.224852383529919875e-01,1.149400000000000000e+04,3.787000000000000000e+03,7.000000000000000000e+02,9.600000000000000000e+01,5.300000000000000000e+01
7.832627887757896090e+00,2.000000000000000000e+08,2.416565687093400911e-08,9.137268810293696781e-10,5.856486998339804859e-09,4.516941765981355726e-09,1.761732428646556271e-09,1.111676879693692237e-08,1.827453762058739439e-01,1.171297399667960981e+00,9.033883531962711988e-01,3.523464857293112651e-01,2.223353759387384443e+00,1.914000000000000000e+03,1.492000000000000000e+03,3.630000000000000000e+02,7.000000000000000000e+01,4.000000000000000000e+01
6.439312614183421601e+00,2.000000000000000000e+08,1.455233094541832499e-08,4.883587041540539451e-10,4.378032338537450491e-09,5.408095676766055252e-09,8.808662143232777219e-10,3.396978011637487997e-09,9.767174083081078817e-02,8.756064677074900660e-01,1.081619135353210970e+00,1.761732428646555493e-01,6.793956023274976275e-01,1.189000000000000000e+03,9.290000000000000000e+02,2.550000000000000000e+02,3.500000000000000000e+01,2.400000000000000000e+01
5.489590311178409898e+00,2.000000000000000000e+08,3.657673251659950947e-08,3.239827859396695250e-10,4.039031225105936439e-09,6.558987882741058979e-09,9.685079537413027620e-09,1.596965108539981520e-08,6.479655718793390917e-02,8.078062450211873635e-01,1.311797576548211719e+00,1.937015907482605437e+00,3.193930217079962830e+00,1.033000000000000000e+03,7.110000000000000000e+02,1.900000000000000000e+02,3.600000000000000000e+01,3.300000000000000000e+01
4.793345982614821033e+00,2.000000000000000000e+08,2.620174094458787763e-08,2.221088170588552235e-10,3.234361271410568411e-09,4.334851075966532121e-09,4.785869407648025454e-09,1.362455037250389790e-08,4.442176341177104387e-02,6.468722542821137012e-01,8.669702151933064149e-01,9.571738815296051417e-01,2.724910074500779711e+00,9.330000000000000000e+02,5.580000000000000000e+02,1.450000000000000000e+02,3.000000000000000000e+01,2.500000000000000000e+01
4.257023467965839636e+00,2.000000000000000000e+08,2.793955426101979448e-08,1.676588744989128511e-10,2.977213327745648742e-09,4.552783919244677144e-09,6.103987783398407199e-09,1.413791035613214894e-08,3.353177489978256820e-02,5.954426655491297238e-01,9.105567838489353472e-01,1.220797556679681373e+00,2.827582071226429683e+00,8.520000000000000000e+02,4.730000000000000000e+02,1.250000000000000000e+02,2.100000000000000000e+01,2.000000000000000000e+01
3.828782226321999715e+00,2.000000000000000000e+08,2.073690336258601339e-08,1.301782228030449599e-10,2.403423955543581635e-09,3.908008273816685770e-09,4.463567901763910416e-09,9.831725008658790976e-09,2.603564456060898993e-02,4.806847911087163139e-01,7.816016547633372058e-01,8.927135803527821434e-01,1.966345001731758302e+00,8.160000000000000000e+02,4.280000000000000000e+02,1.030000000000000000e+02,3.200000000000000000e+01,2.000000000000000000e+01
3.477384763838272441e+00,2.000000000000000000e+08,1.315481707710924291e-08,1.207017673559959946e-10,2.170948540562828934e-09,3.141146203560449313e-09,2.525078859162267478e-09,5.196941706467702637e-09,2.414035347119920100e-02,4.341897081125657976e-01,6.282292407120898536e-01,5.050157718324534972e-01,1.039388341293540519e+00,7.810000000000000000e+02,3.940000000000000000e+02,8.700000000000000000e+01,1.800000000000000000e+01,1.900000000000000000e+01
3.182792365229762055e+00,2.000000000000000000e+08,1.820053753573894895e-08,1.058040584829595747e-10,2.265670348613353094e-09,4.042479021546731856e-09,5.131537018976973836e-09,6.655047088118929405e-09,2.116081169659191422e-02,4.531340697226706182e-01,8.084958043093463109e-01,1.026307403795394757e+00,1.331009417623785884e+00,7.810000000000000000e+02,3.770000000000000000e+02,9.700000000000000000e+01,2.700000000000000000e+01,1.500000000000000000e+01
2.931509788526041049e+00,2.000000000000000000e+08,2.120612593008805309e-08,1.181427498157780012e-10,2.222110298240392020e-09,3.570053096444224599e-09,4.111173793822162255e-09,1.118464599176549663e-08,2.362854996315559911e-02,4.444220596480784047e-01,7.140106192888449055e-01,8.222347587644325273e-01,2.236929198353099224e+00,8.090000000000000000e+02,3.770000000000000000e+02,9.000000000000000000e+01,2.400000000000000000e+01,1.300000000000000000e+01
2.714087995016268184e+00,2.000000000000000000e+08,1.709150560949676104e-08,1.002462100645222325e-10,2.255834391680772656e-09,4.158829803293528526e-09,2.372078053404649904e-09,8.204517151053285921e-09,2.004924201290444671e-02,4.511668783361545421e-01,8.317659606587056720e-01,4.744156106809299667e-01,1.640903430210657099e+00,6.990000000000000000e+02,3.890000000000000000e+02,9.000000000000000000e+01,1.800000000000000000e+01,1.400000000000000000e+01
2.523696825638571895e+00,2.000000000000000000e+08,2.206962895504750087e-08,1.165385290613633756e-10,1.988132241914147109e-09,4.915623103771389987e-09,2.243790441447724538e-09,1.280554463885287627e-08,2.330770581227267768e-02,3.976264483828294560e-01,9.831246207542779780e-01,4.487580882895448875e-01,2.561108927770575416e+00,7.310000000000000000e+02,3.730000000000000000e+02,8.900000000000000000e+01,1.300000000000000000e+01,1.300000000000000000e+01
2.355266160104867890e+00,2.000000000000000000e+08,1.301709873880642907e-08,1.360723718576389604e-10,1.933108952878488270e-09,3.431466050106743442e-09,1.673799959886173514e-09,5.842651404077384495e-09,2.721447437152779009e-02,3.866217905756976769e-01,6.862932100213486875e-01,3.347599919772347166e-01,1.168530280815476941e+00,7.780000000000000000e+02,3.460000000000000000e+02,6.500000000000000000e+01,1.500000000000000000e+01,1.100000000000000000e+01
2.204946650523951668e+00,2.000000000000000000e+08,2.243499622641126567e-08,1.394777290039045707e-10,2.167365551478741641e-09,4.358921514945673161e-09,4.232080989421116462e-09,1.153715044156183147e-08,2.789554580078091456e-02,4.334731102957483095e-01,8.717843029891345630e-01,8.464161978842232870e-01,2.307430088312366401e+00,7.440000000000000000e+02,3.610000000000000000e+02,8.100000000000000000e+01,1.200000000000000000e+01,1.400000000000000000e+01
2.069758739769683942e+00,2.000000000000000000e+08,1.693627280493691286e-08,1.511218312895288220e-10,2.128081111904705100e-09,3.330876838319474603e-09,3.570434217901868190e-09,7.755758805521337258e-09,3.022436625790576523e-02,4.256162223809409895e-01,6.661753676638949573e-01,7.140868435803736647e-01,1.551151761104267557e+00,7.430000000000000000e+02,3.520000000000000000e+02,6.500000000000000000e+01,1.500000000000000000e+01,1.000000000000000000e+01
1.947357107181083791e+00,2.000000000000000000e+08,1.283867195040908267e-08,1.679982416035055730e-10,2.130117033911806482e-09,2.587607381337819298e-09,3.350532220775274588e-09,4.602417072780676705e-09,3.359964832070111429e-02,4.260234067823612802e-01,5.175214762675638402e-01,6.701064441550549367e-01,9.204834145561353598e-01,7.610000000000000000e+02,3.500000000000000000e+02,5.800000000000000000e+01,1.400000000000000000e+01,9.000000000000000000e+00
1.835868329118795828e+00,2.000000000000000000e+08,1.619084083388265270e-08,1.829183476731236348e-10,1.919464344506468609e-09,3.332514728334388582e-09,5.115613484883747615e-09,5.640329928484925237e-09,3.658366953462472565e-02,3.838928689012937601e-01,6.665029456668777330e-01,1.023122696976749513e+00,1.128065985696985019e+00,8.040000000000000000e+02,3.240000000000000000e+02,5.700000000000000000e+01,1.400000000000000000e+01,1.200000000000000000e+01
1.733776372724537218e+00,2.000000000000000000e+08,2.187936509369043419e-08,1.760190929350086938e-10,2.139687970436209079e-09,4.086734752465824036e-09,1.981969723418540526e-09,1.349495355443485142e-08,3.520381858700173672e-02,4.279375940872418016e-01,8.173469504931647478e-01,3.963939446837081437e-01,2.698990710886970401e+00,7.390000000000000000e+02,3.560000000000000000e+02,6.000000000000000000e+01,6.000000000000000000e+00,1.800000000000000000e+01
1.639840160589360440e+00,1.999999999999995530e+08,1.822462968391343696e-08,1.856380732011070301e-10,2.023106157563979889e-09,4.198371619584267739e-09,4.058627814011538566e-09,7.758886019552543190e-09,3.712761464022132363e-02,4.046212315127950543e-01,8.396743239168517059e-01,8.117255628023059000e-01,1.551777203910505332e+00,7.550000000000000000e+02,3.250000000000000000e+02,6.700000000000000000e+01,1.500000000000000000e+01,1.000000000000000000e+01
1.553033136164359451e+00,2.000000000000000000e+08,1.522495024613076065e-08,1.859246325326755711e-10,2.233336300665393310e-09,4.588646464970200963e-09,4.120304561641893106e-09,4.096738286320596920e-09,3.718492650653511256e-02,4.466672601330786696e-01,9.177292929940402688e-01,8.240609123283786364e-01,8.193476572641194000e-01,7.520000000000000000e+02,3.550000000000000000e+02,7.200000000000000000e+01,1.300000000000000000e+01,6.000000000000000000e+00
1.472498232622887038e+00,2.000000000000004470e+08,1.299633485693667978e-08,1.979317603650595066e-10,2.121766873723835720e-09,2.926185760317813066e-09,1.895844250332611031e-09,5.854606212197360817e-09,3.958635207301190034e-02,4.243533747447671423e-01,5.852371520635626378e-01,3.791688500665222339e-01,1.170921242439472154e+00,7.960000000000000000e+02,3.330000000000000000e+02,5.100000000000000000e+01,8.000000000000000000e+00,1.200000000000000000e+01
1.397513825082748351e+00,2.000000000000000000e+08,1.301832364483575355e-08,1.854694241554668487e-10,2.088177181250998977e-09,2.190800379408442571e-09,3.226647635432983690e-09,5.327229024587861516e-09,3.709388483109336832e-02,4.176354362501998319e-01,4.381600758816885377e-01,6.453295270865967437e-01,1.065445804917572348e+00,7.450000000000000000e+02,3.330000000000000000e+02,4.400000000000000000e+01,1.400000000000000000e+01,9.000000000000000000e+00
1.327467644562357219e+00,2.000000000000000000e+08,1.561771737588842021e-08,1.889192949403790369e-10,2.358452117453288936e-09,3.299998679152447678e-09,4.968871500363164641e-09,4.801475783979139171e-09,3.778385898807580523e-02,4.716904234906578175e-01,6.599997358304895423e-01,9.937743000726330100e-01,9.602951567958278867e-01,7.790000000000000000e+02,3.540000000000000000e+02,5.100000000000000000e+01,1.200000000000000000e+01,1.000000000000000000e+01
1.261836550147801272e+00,2.000000000000000000e+08,1.456316578553328211e-08,1.713720683029109587e-10,2.382748635893332817e-09,3.258768444141187492e-09,4.705268170209116783e-09,4.045008466986734762e-09,3.427441366058218974e-02,4.765497271786665601e-01,6.517536888282374763e-01,9.410536340418234058e-01,8.090016933973469548e-01,7.290000000000000000e+02,3.580000000000000000e+02,5.700000000000000000e+01,1.500000000000000000e+01,4.000000000000000000e+00
1.200170670617569435e+00,2.000000000000000000e+08,1.295320673969354379e-08,1.743601268102539263e-10,2.204270491803554612e-09,2.638910891843827745e-09,2.983283689490287748e-09,4.952381539745618438e-09,3.487202536205078612e-02,4.408540983607109331e-01,5.277821783687655088e-01,5.966567378980575098e-01,9.904763079491236688e-01,7.660000000000000000e+02,3.350000000000000000e+02,4.800000000000000000e+01,1.100000000000000000e+01,1.000000000000000000e+01
1.142080845888931773e+00,2.000000000000000000e+08,2.048350680014064876e-08,1.591581547317173817e-10,2.317423432764276125e-09,2.765227687191837028e-09,3.372845430743491960e-09,1.186885209470932743e-08,3.183163094634347545e-02,4.634846865528552406e-01,5.530455374383673739e-01,6.745690861486983714e-01,2.373770418941865579e+00,7.390000000000000000e+02,3.550000000000000000e+02,5.000000000000000000e+01,1.400000000000000000e+01,1.800000000000000000e+01
1.087228589108077070e+00,2.000000000000000000e+08,1.187160939782344785e-08,1.645464490711182508e-10,2.095734125600248814e-09,2.884579547214673850e-09,1.232777297027493924e-09,5.493971978909913195e-09,3.290928981422364813e-02,4.191468251200497486e-01,5.769159094429348045e-01,2.465554594054987780e-01,1.098794395781982569e+00,7.860000000000000000e+02,3.330000000000000000e+02,4.600000000000000000e+01,1.000000000000000000e+01,1.000000000000000000e+01
1.035317994551624654e+00,2.000000000000000000e+08,8.605016016114525640e-09,1.558357367650606368e-10,2.094377470690110642e-09,2.822701139246851529e-09,2.353616178095414083e-09,1.178485491317087740e-09,3.116714735301212569e-02,4.188754941380221641e-01,5.645402278493703019e-01,4.707232356190828026e-01,2.356970982634175316e-01,7.970000000000000000e+02,3.330000000000000000e+02,4.400000000000000000e+01,1.200000000000000000e+01,6.000000000000000000e+00
9.860891622743934715e-01,2.000000000000000000e+08,1.429078279509346468e-08,1.515402452680469277e-10,2.294521418984342739e-09,3.480925794428164125e-09,2.449780097259851128e-09,5.914015239153060635e-09,3.030804905360938439e-02,4.589042837968685395e-01,6.961851588856328155e-01,4.899560194519702039e-01,1.182803047830612186e+00,8.120000000000000000e+02,3.580000000000000000e+02,5.100000000000000000e+01,8.000000000000000000e+00,1.000000000000000000e+01
9.393128157577232962e-01,2.000000000000000000e+08,1.865290773272421169e-08,1.353335849428745267e-10,2.372571179138086168e-09,3.039449487162892391e-09,5.514947451735058360e-09,7.590606029745300758e-09,2.706671698857490704e-02,4.745142358276172589e-01,6.078898974325784854e-01,1.102989490347011658e+00,1.518121205949060082e+00,7.530000000000000000e+02,3.650000000000000000e+02,4.100000000000000000e+01,1.400000000000000000e+01,1.000000000000000000e+01
8.947858658146174982e-01,2.000000000000000000e+08,1.470251439524473727e-08,1.369899376268426309e-10,2.203864101511666719e-09,3.675595675039224358e-09,3.158469945392308826e-09,5.527594735674695694e-09,2.739798752536852511e-02,4.407728203023333347e-01,7.351191350078448705e-01,6.316939890784617484e-01,1.105518947134939145e+00,7.950000000000000000e+02,3.560000000000000000e+02,4.800000000000000000e+01,1.400000000000000000e+01,9.000000000000000000e+00
8.523277309293171289e-01,2.000000000000000000e+08,1.020396514265586822e-08,1.298889908132173663e-10,2.187927027463506606e-09,2.265091094229929281e-09,1.432429732395706155e-09,4.188628297753508271e-09,2.597779816264347494e-02,4.375854054927013070e-01,4.530182188459858650e-01,2.864859464791412180e-01,8.377256595507016623e-01,7.830000000000000000e+02,3.540000000000000000e+02,3.200000000000000000e+01,8.000000000000000000e+00,1.000000000000000000e+01
8.117772667199814052e-01,2.000000000000000000e+08,1.746163475640311545e-08,1.212677692575673277e-10,2.141827761945567043e-09,3.875478963354604773e-09,3.893040137674845997e-09,7.430020124170531809e-09,2.425355385151346452e-02,4.283655523891133909e-01,7.750957926709208801e-01,7.786080275349691604e-01,1.486004024834106430e+00,7.610000000000000000e+02,3.430000000000000000e+02,5.400000000000000000e+01,1.000000000000000000e+01,1.300000000000000000e+01
7.729901892674742037e-01,2.000000000000000000e+08,1.342769062554648243e-08,1.187855850746912962e-10,2.084436595343657273e-09,3.079508181628808383e-09,3.856849530337107273e-09,4.288110733162217325e-09,2.375711701493826017e-02,4.168873190687314434e-01,6.159016363257616700e-01,7.713699060674215069e-01,8.576221466324434051e-01,7.710000000000000000e+02,3.440000000000000000e+02,4.300000000000000000e+01,9.000000000000000000e+00,8.000000000000000000e+00
7.358369014406294095e-01,2.000000000000000000e+08,1.230859149760323265e-08,1.152844056563399551e-10,2.025056697439312505e-09,4.572626213992378571e-09,1.127613170827195558e-09,4.468011009688006407e-09,2.305688113126799083e-02,4.050113394878624984e-01,9.145252427984756904e-01,2.255226341654391065e-01,8.936022019376012038e-01,7.670000000000000000e+02,3.540000000000000000e+02,5.600000000000000000e+01,6.000000000000000000e+00,5.000000000000000000e+00
7.002006500592556915e-01,2.000000000000000000e+08,1.137248467839814506e-08,1.120888955136943593e-10,1.819299193053465705e-09,3.150871158554163661e-09,2.990705730218620226e-09,3.299519701058201098e-09,2.241777910273887175e-02,3.638598386106931537e-01,6.301742317108327551e-01,5.981411460437240368e-01,6.599039402116402275e-01,7.700000000000000000e+02,3.320000000000000000e+02,3.700000000000000000e+01,1.100000000000000000e+01,5.000000000000000000e+00
6.659759562057241400e-01,2.000000000000000000e+08,2.139282893399873628e-08,1.136792312126538317e-10,1.987529717737320697e-09,2.704270029292654840e-09,3.394535232326876635e-09,1.319281472342922736e-08,2.273584624253076683e-02,3.975059435474641578e-01,5.408540058585309396e-01,6.789070464653753634e-01,2.638562944685845402e+00,8.010000000000000000e+02,3.580000000000000000e+02,3.900000000000000000e+01,1.500000000000000000e+01,1.300000000000000000e+01
6.330672722692856080e-01,2.000000000000000000e+08,1.573946585531355675e-08,1.122357616621369942e-10,1.859433394648506334e-09,4.377069471146103799e-09,2.692161618409359926e-09,6.698565609447449602e-09,2.244715233242739957e-02,3.718866789297012865e-01,8.754138942292207792e-01,5.384323236818719938e-01,1.339713121889489988e+00,8.070000000000000000e+02,3.390000000000000000e+02,5.500000000000000000e+01,7.000000000000000000e+00,1.100000000000000000e+01
6.013878281521884972e-01,2.000000000000000000e+08,1.735513917151472892e-08,1.036157235248068524e-10,1.879854421438472585e-09,2.648598942468106737e-09,3.593644871182841797e-09,9.129425212900502141e-09,2.072314470496136943e-02,3.759708842876945400e-01,5.297197884936213352e-01,7.187289742365683409e-01,1.825885042580100315e+00,7.830000000000000000e+02,3.460000000000000000e+02,4.000000000000000000e+01,1.400000000000000000e+01,1.100000000000000000e+01
5.708586360525425007e-01,2.000000000000000000e+08,1.440249154306091672e-08,1.027006002351727623e-10,2.046604667682255086e-09,4.235082284884813822e-09,3.309296818391950588e-09,4.708807171866724549e-09,2.054012004703455185e-02,4.093209335364510482e-01,8.470164569769628171e-01,6.618593636783901557e-01,9.417614343733449189e-01,7.860000000000000000e+02,3.800000000000000000e+02,6.500000000000000000e+01,1.100000000000000000e+01,8.000000000000000000e+00
5.414076287911797625e-01,2.000000000000000000e+08,1.310987214762868267e-08,9.715116561607450654e-11,1.548232448454924733e-09,3.648788420796343489e-09,3.034211566357208431e-09,4.781488546404131882e-09,1.943023312321490170e-02,3.096464896909849607e-01,7.297576841592686714e-01,6.068423132714416690e-01,9.562977092808263579e-01,7.620000000000000000e+02,3.120000000000000000e+02,4.800000000000000000e+01,9.000000000000000000e+00,8.000000000000000000e+00
5.129689110890476300e-01,2.000000000000000000e+08,7.059181675467036239e-09,1.015989903364916338e-10,1.798881585884762955e-09,3.398319469716058078e-09,6.621443626830985953e-10,1.098237266846625132e-09,2.031979806729832666e-02,3.597763171769525758e-01,6.796638939432115833e-01,1.324288725366197239e-01,2.196474533693250075e-01,8.100000000000000000e+02,3.440000000000000000e+02,5.000000000000000000e+01,3.000000000000000000e+00,6.000000000000000000e+00
4.854821067711476701e-01,2.000000000000000000e+08,9.141270572098775245e-09,1.007968661130362637e-10,1.783190172834548044e-09,3.473329324470428457e-09,8.782542726110452739e-10,2.905699936069716819e-09,2.015937322260725334e-02,3.566380345669096230e-01,6.946658648940856606e-01,1.756508545222090489e-01,5.811399872139433320e-01,7.980000000000000000e+02,3.600000000000000000e+02,4.600000000000000000e+01,5.000000000000000000e+00,7.000000000000000000e+00
4.588917877586058403e-01,2.000000000000000000e+08,1.611138674382999480e-08,9.327917597267780037e-11,1.609084086137398871e-09,3.686561076527558229e-09,1.874674499189886902e-09,8.847787906002473607e-09,1.865583519453556036e-02,3.218168172274797900e-01,7.373122153055116090e-01,3.749348998379773423e-01,1.769557581200494667e+00,7.770000000000000000e+02,3.380000000000000000e+02,4.600000000000000000e+01,8.000000000000000000e+00,1.000000000000000000e+01
4.331469730551036346e-01,2.000000000000000000e+08,1.453234767231077157e-08,9.103198014163198455e-11,1.825824026823160094e-09,3.771851194467051260e-09,3.879167751996012525e-09,4.964472718882917025e-09,1.820639602832639647e-02,3.651648053646320280e-01,7.543702388934102609e-01,7.758335503992024318e-01,9.928945437765834825e-01,7.700000000000000000e+02,3.660000000000000000e+02,4.800000000000000000e+01,1.200000000000000000e+01,7.000000000000000000e+00
4.082006878483259715e-01,2.000000000000000000e+08,1.509811413822130187e-08,9.312779083848506612e-11,1.611047835505733994e-09,2.148556008524492679e-09,3.244261066628055446e-09,8.001121436724533496e-09,1.862555816769701292e-02,3.222095671011467877e-01,4.297112017048985155e-01,6.488522133256110491e-01,1.600224287344906626e+00,7.700000000000000000e+02,3.430000000000000000e+02,3.300000000000000000e+01,7.000000000000000000e+00,9.000000000000000000e+00
3.840095744175140435e-01,2.000000000000000000e+08,1.872308839226809468e-08,9.269945281097171838e-11,1.714220415683187688e-09,3.154231125248830943e-09,5.547423999331183418e-09,8.214513399193920606e-09,1.853989056219434300e-02,3.428440831366375563e-01,6.308462250497661739e-01,1.109484799866236715e+00,1.642902679838784019e+00,8.010000000000000000e+02,3.420000000000000000e+02,4.800000000000000000e+01,1.500000000000000000e+01,1.300000000000000000e+01
3.605335478321753939e-01,2.000000000000000000e+08,1.058132827533584750e-08,9.256849222995612491e-11,1.667538454962349072e-09,3.229985330044024630e-09,7.165566576335731298e-10,4.874679340465942898e-09,1.851369844599122516e-02,3.335076909924697963e-01,6.459970660088049099e-01,1.433113315267146304e-01,9.749358680931886623e-01,8.060000000000000000e+02,3.490000000000000000e+02,4.300000000000000000e+01,6.000000000000000000e+00,6.000000000000000000e+00
3.377354904977281080e-01,2.000000000000000000e+08,9.157780255190520569e-09,8.730299264563094074e-11,1.655120809735131038e-09,2.934360695131178522e-09,1.538897390232582597e-09,2.942098367445997122e-09,1.746059852912618809e-02,3.310241619470262187e-01,5.868721390262356952e-01,3.077794780465165081e-01,5.884196734891994351e-01,7.700000000000000000e+02,3.590000000000000000e+02,4.800000000000000000e+01,7.000000000000000000e+00,8.000000000000000000e+00
3.155809804934359697e-01,2.000000000000000000e+08,7.306303165090640616e-09,8.798670241469453488e-11,1.485231682144131647e-09,2.130287938699757294e-09,1.786789280297801034e-09,1.816007561534255330e-09,1.759734048293890712e-02,2.970463364288263297e-01,4.260575877399514488e-01,3.573578560595602194e-01,3.632015123068510487e-01,7.880000000000000000e+02,3.370000000000000000e+02,3.600000000000000000e+01,5.000000000000000000e+00,7.000000000000000000e+00
2.940380493899650283e-01,2.000000000000000000e+08,1.047105326279647203e-08,9.025590704336082342e-11,1.593344696249579491e-09,3.331094829874630574e-09,3.706043190708020384e-09,1.750314638920881801e-09,1.805118140867216503e-02,3.186689392499159057e-01,6.662189659749261361e-01,7.412086381416040926e-01,3.500629277841763587e-01,8.120000000000000000e+02,3.650000000000000000e+02,4.300000000000000000e+01,9.000000000000000000e+00,4.000000000000000000e+00
2.730769658550615819e-01,2.000000000000000000e+08,1.178361977160727304e-08,8.707070755167425806e-11,1.887559723901361002e-09,2.969435091328882902e-09,3.545187084766584911e-09,3.294367164058770366e-09,1.741414151033485180e-02,3.775119447802721684e-01,5.938870182657766117e-01,7.090374169533170123e-01,6.588734328117540340e-01,7.990000000000000000e+02,3.910000000000000000e+02,4.200000000000000000e+01,1.000000000000000000e+01,7.000000000000000000e+00
2.526700418777438895e-01,2.000000000000000000e+08,9.180284849789438651e-09,8.755040116499947737e-11,1.576889033900801729e-09,2.966363040272774779e-09,4.450900254006901022e-09,9.858212044396075258e-11,1.751008023299989447e-02,3.153778067801603635e-01,5.932726080545549507e-01,8.901800508013801849e-01,1.971642408879215047e-02,7.950000000000000000e+02,3.420000000000000000e+02,4.300000000000000000e+01,1.400000000000000000e+01,2.000000000000000000e+00
2.327914588814061769e-01,2.000000000000000000e+08,9.136764844263899177e-09,8.920359173572014215e-11,1.702996358060928719e-09,3.148251490037582517e-09,2.754003247084912955e-09,1.442310157344755244e-09,1.784071834714402727e-02,3.405992716121857278e-01,6.296502980075164846e-01,5.508006494169825906e-01,2.884620314689510523e-01,8.080000000000000000e+02,3.940000000000000000e+02,5.200000000000000000e+01,1.100000000000000000e+01,6.000000000000000000e+00
2.134171113683982490e-01,2.000000000000000000e+08,8.347014675533812268e-09,9.083953148638119260e-11,1.500486616664327068e-09,3.106895391144400275e-09,1.942785139456437213e-09,1.706007996782267178e-09,1.816790629727623937e-02,3.000973233328654288e-01,6.213790782288800552e-01,3.885570278912874320e-01,3.412015993564534444e-01,8.160000000000000000e+02,3.600000000000000000e+02,4.300000000000000000e+01,1.100000000000000000e+01,6.000000000000000000e+00
1.945244660544753756e-01,2.000000000000000000e+08,1.329619416122429854e-08,8.711168130085350317e-11,1.683903447658903308e-09,2.726034638795538521e-09,2.153155738446056933e-09,6.645988655022945190e-09,1.742233626017070103e-02,3.367806895317806415e-01,5.452069277591077290e-01,4.306311476892114021e-01,1.329197731004589045e+00,8.000000000000000000e+02,3.840000000000000000e+02,4.200000000000000000e+01,1.000000000000000000e+01,1.100000000000000000e+01
1.760924347203076668e-01,2.000000000000000000e+08,8.199584952692831741e-09,8.839627118260116622e-11,1.743230546676613247e-09,2.782528246264303220e-09,2.361369578585045808e-09,1.224060309984268416e-09,1.767925423652023237e-02,3.486461093353226404e-01,5.565056492528606125e-01,4.722739157170091628e-01,2.448120619968536804e-01,7.800000000000000000e+02,4.000000000000000000e+02,4.100000000000000000e+01,1.400000000000000000e+01,6.000000000000000000e+00
1.581012592367194713e-01,2.000000000000000000e+08,1.066936288936164932e-08,8.292480515649771007e-11,1.721000877497090581e-09,2.772678292336867552e-09,3.003849388405964741e-09,3.088909525965228878e-09,1.658496103129954158e-02,3.442001754994181151e-01,5.545356584673735156e-01,6.007698776811929431e-01,6.177819051930457661e-01,7.820000000000000000e+02,3.980000000000000000e+02,4.300000000000000000e+01,9.000000000000000000e+00,6.000000000000000000e+00
1.405324074167744186e-01,2.000000000000000000e+08,1.276228021399765823e-08,8.755829842579311285e-11,1.837337338374147891e-09,1.844711333886305720e-09,3.230623777820731922e-09,5.762049465490680609e-09,1.751165968515862315e-02,3.674674676748295732e-01,3.689422667772611630e-01,6.461247555641463913e-01,1.152409893098136129e+00,8.230000000000000000e+02,4.250000000000000000e+02,4.200000000000000000e+01,1.300000000000000000e+01,8.000000000000000000e+00
1.233684785164634867e-01,2.000000000000000000e+08,8.276951995264007035e-09,8.889219004718239537e-11,1.423589355450244916e-09,2.405091376829477882e-09,6.810672107969681366e-10,3.678311862140134519e-09,1.777843800943647995e-02,2.847178710900489795e-01,4.810182753658955868e-01,1.362134421593936273e-01,7.356623724280269006e-01,8.390000000000000000e+02,3.510000000000000000e+02,4.900000000000000000e+01,6.000000000000000000e+00,5.000000000000000000e+00
1.065931173509120367e-01,2.000000000000000000e+08,1.150760459987830774e-08,8.365551402453260696e-11,1.471459966855451265e-09,3.548705160189525472e-09,1.418518014120221998e-09,4.985265944688577378e-09,1.673110280490652108e-02,2.942919933710902436e-01,7.097410320379050619e-01,2.837036028240443875e-01,9.970531889377155510e-01,7.970000000000000000e+02,3.710000000000000000e+02,5.200000000000000000e+01,8.000000000000000000e+00,1.000000000000000000e+01
9.019093611826645152e-02,2.000000000000000000e+08,7.743806827462956518e-09,8.447270416879392368e-11,1.648665828718698357e-09,2.940990566346890467e-09,2.199983158995223814e-09,8.696945692333510288e-10,1.689454083375878379e-02,3.297331657437396757e-01,5.881981132693780978e-01,4.399966317990448017e-01,1.739389138466702067e-01,8.150000000000000000e+02,4.110000000000000000e+02,4.300000000000000000e+01,1.300000000000000000e+01,6.000000000000000000e+00
7.414744313178189827e-02,2.000000000000000000e+08,1.264165107838271128e-08,8.454537615803581688e-11,1.575168941984317868e-09,3.799892307527948766e-09,3.481096431767718804e-09,3.700948020944689884e-09,1.690907523160716311e-02,3.150337883968635788e-01,7.599784615055896753e-01,6.962192863535437981e-01,7.401896041889379774e-01,8.180000000000000000e+02,3.900000000000000000e+02,5.900000000000000000e+01,1.100000000000000000e+01,7.000000000000000000e+00
5.844897775458290923e-02,2.000000000000000000e+08,7.088746717888847947e-09,8.117125466091810044e-11,1.577293481861926310e-09,2.171757395544568599e-09,1.619604921264462889e-09,1.638919664556971183e-09,1.623425093218362064e-02,3.154586963723852722e-01,4.343514791089136962e-01,3.239209842528925631e-01,3.277839329113942379e-01,7.920000000000000000e+02,3.960000000000000000e+02,3.900000000000000000e+01,9.000000000000000000e+00,8.000000000000000000e+00
4.308265091322471818e-02,2.000000000000000000e+08,1.159659277862238605e-08,8.418754829512360762e-11,1.669522159055684974e-09,2.734712301620983938e-09,1.680358088975500361e-09,5.427812680675092747e-09,1.683750965902472072e-02,3.339044318111369924e-01,5.469424603241967997e-01,3.360716177951000860e-01,1.085562536135018519e+00,8.400000000000000000e+02,3.930000000000000000e+02,4.500000000000000000e+01,8.000000000000000000e+00,1.000000000000000000e+01
2.803629063731638560e-02,2.000000000000000000e+08,9.136712806866636825e-09,7.867142696802052668e-11,1.588730483108788368e-09,2.707865016386906333e-09,3.511610408146436728e-09,1.249835472256483965e-09,1.573428539360410480e-02,3.177460966217576788e-01,5.415730032773812264e-01,7.023220816292873314e-01,2.499670944512968063e-01,7.840000000000000000e+02,4.000000000000000000e+02,5.100000000000000000e+01,1.500000000000000000e+01,7.000000000000000000e+00
1.329839213455397129e-02,2.000000000000000000e+08,1.096937340450382678e-08,7.902195380664664090e-11,1.649616494922880024e-09,2.930688398940697459e-09,1.511062122517567502e-09,4.798984434316035695e-09,1.580439076132932746e-02,3.299232989845760078e-01,5.861376797881394651e-01,3.022124245035134882e-01,9.597968868632070771e-01,7.660000000000000000e+02,4.080000000000000000e+02,4.700000000000000000e+01,6.000000000000000000e+00,1.100000000000000000e+01
3.014442386574778254e-03,8.403621897459015250e+07,7.049210920841737196e-09,9.832309926445014749e-11,1.454248422414206038e-09,9.814497809090543389e-10,3.447483952709765299e-09,1.067705665544261941e-09,8.262701500047696726e-03,1.222095388694524887e-01,8.247732870103681446e-02,2.897135163613034359e-01,8.972594711008810564e-02,4.040000000000000000e+02,1.600000000000000000e+02,1.000000000000000000e+01,4.000000000000000000e+00,3.000000000000000000e+00
