t_start_myr,t_end_myr,z_start,z_end,z_mid,dt_yr,halo_mass_msun,weighted_mergers_bin,rate_halo_per_yr,rate_halo_mc_se_per_yr,weighted_cumulative_mergers,R1_shell_mass_msun,R2_shell_mass_msun,R3_shell_mass_msun,R4_shell_mass_msun,R5_shell_mass_msun,R1_binary_population,R2_binary_population,R3_binary_population,R4_binary_population,R5_binary_population,R1_raw_mergers,R2_raw_mergers,R3_raw_mergers,R4_raw_mergers,R5_raw_mergers,R1_rate_per_yr,R2_rate_per_yr,R3_rate_per_yr,R4_rate_per_yr,R5_rate_per_yr
0.000000000000000000e+00,2.000000000000000000e+02,1.200000000000000000e+01,8.818137842791330172e+00,1.013341432369064421e+01,2.000000000000000000e+08,4.087049893456035352e+04,2.280678228041121258e+01,1.140339114020560687e-07,3.742925766195442324e-09,2.280678228041121258e+01,1.035089662208467871e+02,9.065603027810554977e+02,4.120269819717211249e+03,1.208045093929066934e+04,2.365970890655057883e+04,8.625747185070565815e-01,7.554669189842129207e+00,3.433558183097675709e+01,1.006704244940889055e+02,1.971642408879214940e+02,3.138000000000000000e+03,1.274000000000000000e+03,4.620000000000000000e+02,2.710000000000000000e+02,2.970000000000000000e+02,2.706759466675143583e-09,9.624648547858874215e-09,1.586303880591126125e-08,2.728168503789809161e-08,5.855777954371269184e-08
2.000000000000000000e+02,4.000000000000000000e+02,8.818137842791330172e+00,7.061767106276299444e+00,7.832627887757896090e+00,2.000000000000000000e+08,1.115241838442296721e+05,5.724548507169023992e+01,2.862274253584511803e-07,1.072185782060800984e-08,8.005226735210145250e+01,1.320831136982099281e+02,1.464459206157644758e+03,8.635061894414433482e+03,3.147136840481226682e+04,6.982121122514721355e+04,1.100692614151749460e+00,1.220382671798037322e+01,7.195884912012027712e+01,2.622614033734355417e+02,5.818434268762267720e+02,2.884000000000000000e+03,9.690000000000000000e+02,3.420000000000000000e+02,2.770000000000000000e+02,2.990000000000000000e+02,3.174397499213645453e-09,1.182550808972298219e-08,2.460992639908113771e-08,7.264640873444164712e-08,1.739711846359917989e-07
4.000000000000000000e+02,6.000000000000000000e+02,7.061767106276299444e+00,5.924220571452538664e+00,6.439312614183421601e+00,2.000000000000000000e+08,1.931044183779214218e+05,9.288092651483628970e+01,4.644046325741814767e-07,1.838299303925727486e-08,1.729331938669377564e+02,1.453527642799314776e+02,1.854190801505402987e+03,1.277017763301855484e+04,5.289102754832142091e+04,1.254436696307961683e+05,1.211273035666095677e+00,1.545159001254502407e+01,1.064181469418212913e+02,4.407585629026785341e+02,1.045363913589967979e+03,2.746000000000000000e+03,8.450000000000000000e+02,3.370000000000000000e+02,2.900000000000000000e+02,2.720000000000000000e+02,3.326155755939098802e-09,1.305659356060054722e-08,3.586291551939377170e-08,1.278199832417767737e-07,2.843389844964712997e-07
6.000000000000000000e+02,8.000000000000000000e+02,5.924220571452538664e+00,5.116993443041006451e+00,5.489590311178409898e+00,2.000000000000000000e+08,2.747394957846749458e+05,1.388416497859936953e+02,6.942082489299683961e-07,2.737469240411781080e-08,3.117748436529314517e+02,1.522224753216636657e+02,2.139636392630824957e+03,1.638901714355163131e+04,7.386755519107816508e+04,1.821910645820925420e+05,1.268520627680530533e+00,1.783030327192354036e+01,1.365751428629302495e+02,6.155629599256513984e+02,1.518258871517437910e+03,2.563000000000000000e+03,7.160000000000000000e+02,3.110000000000000000e+02,3.150000000000000000e+02,2.910000000000000000e+02,3.251218368745199524e-09,1.276649714269725461e-08,4.247486943037130226e-08,1.939023323765802056e-07,4.418133316115744870e-07
8.000000000000000000e+02,1.000000000000000000e+03,5.116993443041006451e+00,4.509080089241049194e+00,4.793345982614821033e+00,2.000000000000000000e+08,3.521595163066544337e+05,1.611558119872901784e+02,8.057790599364509671e-07,3.393630342118477812e-08,4.729306556402216302e+02,1.562316131608640433e+02,2.362031657874632856e+03,1.957140913824551171e+04,9.362865080132291769e+04,2.364411930960504687e+05,1.301930109673867131e+00,1.968359714895527546e+01,1.630950761520459196e+02,7.802387566776909580e+02,1.970343275800420543e+03,2.480000000000000000e+03,6.240000000000000000e+02,3.040000000000000000e+02,2.700000000000000000e+02,2.690000000000000000e+02,3.228786671991190646e-09,1.228256462094809098e-08,4.958090315022195950e-08,2.106644643029765668e-07,5.300223411903131087e-07
1.000000000000000000e+03,1.200000000000000000e+03,4.509080089241049194e+00,4.031684754557708139e+00,4.257023467965839636e+00,2.000000000000000000e+08,4.239733787986543612e+05,2.138700279662662354e+02,1.069350139831331026e-06,4.312730340550273672e-08,6.868006836064878371e+02,1.589624895545349546e+02,2.545970387053675040e+03,2.241993455571129016e+04,1.120280844756925071e+05,2.868204268906427315e+05,1.324687412954457910e+00,2.121641989211395796e+01,1.868327879642607456e+02,9.335673706307709381e+02,2.390170224088689338e+03,2.383000000000000000e+03,5.750000000000000000e+02,3.150000000000000000e+02,3.030000000000000000e+02,2.980000000000000000e+02,3.156730105070473378e-09,1.219944143796552614e-08,5.885232820874213299e-08,2.828709133011236217e-07,7.122707267784293645e-07
1.200000000000000000e+03,1.400000000000000000e+03,4.031684754557708139e+00,3.644923882858176256e+00,3.828782226321999715e+00,2.000000000000000000e+08,4.899905570707686711e+05,2.354315201388733385e+02,1.177157600694366551e-06,4.914759360609858487e-08,9.222322037453611756e+02,1.612051911639500474e+02,2.706731031205731597e+03,2.502397561868598495e+04,1.291429597720057645e+05,3.329556854577076156e+05,1.343376593032917121e+00,2.255609192671442997e+01,2.085331301557165489e+02,1.076191331433381265e+03,2.774630712147563372e+03,2.311000000000000000e+03,5.510000000000000000e+02,2.750000000000000000e+02,2.810000000000000000e+02,2.890000000000000000e+02,3.104543306499071147e-09,1.242840665161965300e-08,5.734661079282204985e-08,3.024097641327801009e-07,8.018682758106457973e-07
1.400000000000000000e+03,1.600000000000000000e+03,3.644923882858176256e+00,3.323948501746264661e+00,3.477384763838272441e+00,2.000000000000000000e+08,5.505026078237534966e+05,2.593108768780636524e+02,1.296554384390318203e-06,5.428252205819973001e-08,1.181543080623424885e+03,1.633954627558714492e+02,2.854393951837443637e+03,2.745637117434538231e+04,1.451226441446632380e+05,3.749058030901515740e+05,1.361628856298928714e+00,2.378661626531203055e+01,2.288030931195448545e+02,1.209355367872193710e+03,3.124215025751263056e+03,2.243000000000000000e+03,5.190000000000000000e+02,2.860000000000000000e+02,3.000000000000000000e+02,2.730000000000000000e+02,3.054133524678497194e-09,1.234525384169694437e-08,6.543768463218982827e-08,3.628066103616581230e-07,8.529107020300948533e-07
1.600000000000000000e+03,1.800000000000000000e+03,3.323948501746264661e+00,3.052402397330417294e+00,3.182792365229762055e+00,2.000000000000000000e+08,6.059728228169088252e+05,2.638686154100385011e+02,1.319343077050192524e-06,5.738554965521734711e-08,1.445411696033463386e+03,1.657963801358913258e+02,2.996018190423110809e+03,2.977611980631475672e+04,1.601304143993466860e+05,4.129044740406883648e+05,1.381636501132427641e+00,2.496681825352592199e+01,2.481343317192896336e+02,1.334420119994555762e+03,3.440870617005736221e+03,2.238000000000000000e+03,5.660000000000000000e+02,3.020000000000000000e+02,2.750000000000000000e+02,2.500000000000000000e+02,3.092102489534372827e-09,1.413121913149567074e-08,7.493656817922547400e-08,3.669655329985028745e-07,8.602176542514341296e-07
1.800000000000000000e+03,2.000000000000000000e+03,3.052402397330417294e+00,2.819042497488104981e+00,2.931509788526041049e+00,2.000000000000000000e+08,6.569016136979002040e+05,3.100979360254233370e+02,1.550489680127116841e-06,6.499154738653570511e-08,1.755509632058886837e+03,1.685768962027510156e+02,3.136756374633596806e+03,3.203098343124548774e+04,1.743197515425209422e+05,4.472455454532973235e+05,1.404807468356258360e+00,2.613963645527997315e+01,2.669248619270457539e+02,1.452664596187674533e+03,3.727046212110811211e+03,2.205000000000000000e+03,5.230000000000000000e+02,3.030000000000000000e+02,2.920000000000000000e+02,2.760000000000000000e+02,3.097600467725549818e-09,1.367102986611142614e-08,8.087823316389486947e-08,4.241780620868009601e-07,1.028664754542583936e-06
2.000000000000000000e+03,2.200000000000000000e+03,2.819042497488104981e+00,2.615864239676068070e+00,2.714087995016268184e+00,2.000000000000000000e+08,7.037696107153543271e+05,3.359711803093416052e+02,1.679855901546707902e-06,7.067031662867417146e-08,2.091480812368228271e+03,1.718453038592309383e+02,3.280393882290860347e+03,3.425889271638168429e+04,1.878238464909355389e+05,4.782346323218870093e+05,1.432044198826924575e+00,2.733661568575717027e+01,2.854907726365140093e+02,1.565198720757796082e+03,3.985288602682391684e+03,2.147000000000000000e+03,4.530000000000000000e+02,2.850000000000000000e+02,2.730000000000000000e+02,2.900000000000000000e+02,3.074598894881407375e-09,1.238348690564799796e-08,8.136487020140649422e-08,4.272992507668783258e-07,1.155733694777893717e-06
2.200000000000000000e+03,2.400000000000000000e+03,2.615864239676068070e+00,2.437000814363337486e+00,2.523696825638571895e+00,2.000000000000000000e+08,7.470158148841436487e+05,3.328477695155881406e+02,1.664238847577940829e-06,7.169069794944709464e-08,2.424328581883816241e+03,1.756611149825198197e+02,3.429559802358327488e+03,3.648818354223812639e+04,2.007502301475725544e+05,5.061721802769920323e+05,1.463842624854331920e+00,2.857966501965272954e+01,3.040681961853177313e+02,1.672918584563104559e+03,4.218101502308267300e+03,2.116000000000000000e+03,4.750000000000000000e+02,2.740000000000000000e+02,2.820000000000000000e+02,2.590000000000000000e+02,3.097490994191766589e-09,1.357534088433504739e-08,8.331468575477705424e-08,4.717630408467955134e-07,1.092488289097841303e-06
2.400000000000000000e+03,2.600000000000000000e+03,2.437000814363337486e+00,2.278045921107927363e+00,2.355266160104867890e+00,2.000000000000000000e+08,7.870316152618338820e+05,3.666957066133018657e+02,1.833478533066509295e-06,7.776272671414203245e-08,2.791024288497118050e+03,1.800394117976499331e+02,3.585807922994175442e+03,3.873747268786918721e+04,2.131786989563541720e+05,5.313495962828188203e+05,1.500328431647082850e+00,2.988173269161812939e+01,3.228122723989098972e+02,1.776489157969618191e+03,4.427913302356823806e+03,2.105000000000000000e+03,4.750000000000000000e+02,2.830000000000000000e+02,2.680000000000000000e+02,2.820000000000000000e+02,3.158191348617109366e-09,1.419382302851861109e-08,9.135587308889150552e-08,4.760990943358576996e-07,1.248671551264624354e-06
2.600000000000000000e+03,2.800000000000000000e+03,2.278045921107927363e+00,2.135620507881150321e+00,2.204946650523951668e+00,2.000000000000000000e+08,8.241618129223349970e+05,3.925407784912378020e+02,1.962703892456189078e-06,8.185265120024608271e-08,3.183565066988355738e+03,1.849573693133089876e+02,3.749737414311488919e+03,4.101626865502163128e+04,2.251631117252094264e+05,5.540477377584790811e+05,1.541311410944241622e+00,3.124781178592907338e+01,3.418022387918469462e+02,1.876359264376745159e+03,4.617064481320659070e+03,2.045000000000000000e+03,4.720000000000000000e+02,2.920000000000000000e+02,2.820000000000000000e+02,2.850000000000000000e+02,3.151981835380973451e-09,1.474896716295852102e-08,9.980625372721930810e-08,5.291333125542421100e-07,1.315863377176388046e-06
2.800000000000000000e+03,3.000000000000000000e+03,2.135620507881150321e+00,2.007086258457461359e+00,2.069758739769683942e+00,2.000000000000000000e+08,8.587084995271321386e+05,3.954996122807538086e+02,1.977498061403769356e-06,8.342322197360935504e-08,3.579064679269109547e+03,1.903659627168101167e+02,3.921219723602065642e+03,4.332676836458358594e+04,2.367367978497384465e+05,5.745333476264908677e+05,1.586383022640084350e+00,3.267683103001721179e+01,3.610564030381965495e+02,1.972806648747820418e+03,4.787777896887423594e+03,2.056000000000000000e+03,4.270000000000000000e+02,2.980000000000000000e+02,2.790000000000000000e+02,2.720000000000000000e+02,3.261603494548013153e-09,1.395300684981735088e-08,1.075948081053825685e-07,5.504130550006419263e-07,1.302275587953379275e-06
3.000000000000000000e+03,3.200000000000000000e+03,2.007086258457461359e+00,1.890350646290902326e+00,1.947357107181083791e+00,2.000000000000000000e+08,8.909358443645607913e+05,4.322624273003728490e+02,2.161312136501864415e-06,8.913775775092827720e-08,4.011327106569482567e+03,1.962024133310593186e+02,4.099655953598106862e+03,4.566613721919092495e+04,2.479191695832956757e+05,5.930546791951456107e+05,1.635020111092160944e+00,3.416379961331755766e+01,3.805511434932577117e+02,2.065993079860797479e+03,4.942122326626213180e+03,2.006000000000000000e+03,4.460000000000000000e+02,2.850000000000000000e+02,2.790000000000000000e+02,2.950000000000000000e+02,3.279850342850874534e-09,1.523705462753962879e-08,1.084570758955784540e-07,5.764120692811625802e-07,1.457926086354732762e-06
3.200000000000000000e+03,3.400000000000000000e+03,1.890350646290902326e+00,1.783730963141084924e+00,1.835868329118795828e+00,2.000000000000000000e+08,9.210748990353496047e+05,4.370588291212327476e+02,2.185294145606163780e-06,9.053402467463990785e-08,4.448385935690715087e+03,2.023950886257627815e+02,4.284101624520583755e+03,4.802782407271210104e+04,2.587201398790192907e+05,6.098404383704722859e+05,1.686625738548023223e+00,3.570084687100486320e+01,4.002318672726008231e+02,2.156001165658494301e+03,5.082003653087269413e+03,2.020000000000000000e+03,4.270000000000000000e+02,2.740000000000000000e+02,2.870000000000000000e+02,2.830000000000000000e+02,3.406983991867006970e-09,1.524426161391907543e-08,1.096635316326926243e-07,6.187723345439878761e-07,1.438207033823697239e-06
3.400000000000000000e+03,3.600000000000000000e+03,1.783730963141084924e+00,1.685857395930653535e+00,1.733776372724537218e+00,2.000000000000000000e+08,9.493280391632266110e+05,4.506121222518836476e+02,2.253060611259418265e-06,9.312471468265146339e-08,4.898998057942599189e+03,2.088579594820175203e+02,4.473187354554955164e+03,5.040123172421522759e+04,2.691411190217956901e+05,6.251036431031783577e+05,1.740482995683479306e+00,3.727656128795796064e+01,4.200102643684602413e+02,2.242842658514964114e+03,5.209197025859819405e+03,2.086000000000000000e+03,4.590000000000000000e+02,2.850000000000000000e+02,2.800000000000000000e+02,2.850000000000000000e+02,3.630647528995737832e-09,1.710994163117270531e-08,1.197029253450111729e-07,6.279959443841899674e-07,1.484621152370048590e-06
3.600000000000000000e+03,3.799999999999999545e+03,1.685857395930653535e+00,1.595602594938838603e+00,1.639840160589360440e+00,1.999999999999995530e+08,9.758729085431917338e+05,4.613695948610018149e+02,2.306847974305014284e-06,9.550780873224247545e-08,5.360367652803601231e+03,2.154819252710653359e+02,4.664965658032584543e+03,5.277077203679289960e+04,2.791748404030168313e+05,6.390468485200779978e+05,1.795682710592211073e+00,3.887471381693820405e+01,4.397564336399408376e+02,2.326457003358473685e+03,5.325390404333983497e+03,1.997000000000000000e+03,4.460000000000000000e+02,2.980000000000000000e+02,2.670000000000000000e+02,2.880000000000000000e+02,3.585978373052653012e-09,1.733812236235447972e-08,1.310474172247026731e-07,6.211640198967138703e-07,1.533712436448190579e-06
3.799999999999999545e+03,3.999999999999999545e+03,1.595602594938838603e+00,1.512029606609431642e+00,1.553033136164359451e+00,2.000000000000000000e+08,1.000865847140158177e+06,4.552300405737456117e+02,2.276150202868727898e-06,9.481561852867648502e-08,5.815597693377347241e+03,2.221353446402735869e+02,4.856928272628186278e+03,5.511628615049646760e+04,2.888075566554258112e+05,6.518629407169669867e+05,1.851127872002279906e+00,4.047440227190155326e+01,4.593023845874705557e+02,2.406729638795215124e+03,5.432191172641391859e+03,1.927000000000000000e+03,4.020000000000000000e+02,2.680000000000000000e+02,2.950000000000000000e+02,2.620000000000000000e+02,3.567123409348393512e-09,1.627070971330442163e-08,1.230930390694421284e-07,7.099852434445884523e-07,1.423234087232044751e-06
3.999999999999999545e+03,4.200000000000000000e+03,1.512029606609431642e+00,1.434352785210416759e+00,1.472498232622887038e+00,2.000000000000004470e+08,1.024444835885958280e+06,4.538158161365672640e+02,2.269079080682830884e-06,9.605550906233095989e-08,6.269413509513914505e+03,2.286790718359202970e+02,5.046312626707232994e+03,5.741574723618636926e+04,2.980246174110909342e+05,6.637294795401378069e+05,1.905658931966002445e+00,4.205260522256027400e+01,4.784645603015530924e+02,2.483538478425757603e+03,5.531078996167814694e+03,1.954000000000000000e+03,4.280000000000000000e+02,2.720000000000000000e+02,2.690000000000000000e+02,2.620000000000000000e+02,3.723657553061560042e-09,1.799851503525575671e-08,1.301423604020221496e-07,6.680718506965272232e-07,1.449142696995964319e-06
4.200000000000000000e+03,4.400000000000000000e+03,1.434352785210416759e+00,1.361908037493576806e+00,1.397513825082748351e+00,2.000000000000000000e+08,1.046732010931806057e+06,5.108454082100043934e+02,2.554227041050021725e-06,1.030158630741238335e-07,6.780258917723918785e+03,2.349895741476700550e+02,5.230581870487190827e+03,5.964924126052310748e+04,3.068170900892412174e+05,6.748001081374061760e+05,1.958246451230583718e+00,4.358818225405992308e+01,4.970770105043592366e+02,2.556809084077010084e+03,5.623334234478385042e+03,1.939000000000000000e+03,4.440000000000000000e+02,2.640000000000000000e+02,2.920000000000000000e+02,2.940000000000000000e+02,3.797039868936101793e-09,1.935315292080260848e-08,1.312283307731508374e-07,7.465882525504869530e-07,1.653260264936645195e-06
4.400000000000000000e+03,4.600000000000000000e+03,1.361908037493576806e+00,1.294129884677158948e+00,1.327467644562357219e+00,2.000000000000000000e+08,1.067835804339142051e+06,5.242343891080402045e+02,2.621171945540200953e-06,1.053267254646096773e-07,7.304493306831958762e+03,2.409776562157909723e+02,5.407830186047282950e+03,6.180220249949687422e+04,3.151860375291330856e+05,6.851987564682492521e+05,2.008147135131591376e+00,4.506525155039402364e+01,5.150183541624739973e+02,2.626550312742775532e+03,5.709989637235410555e+03,1.954000000000000000e+03,4.090000000000000000e+02,2.920000000000000000e+02,2.800000000000000000e+02,3.000000000000000000e+02,3.923919502047129820e-09,1.843168788411115479e-08,1.503853594154424083e-07,7.354340875679771661e-07,1.712996891170623139e-06
4.600000000000000000e+03,4.800000000000000000e+03,1.294129884677158948e+00,1.230533575590169182e+00,1.261836550147801272e+00,2.000000000000000000e+08,1.087852765456944006e+06,5.313413276613129028e+02,2.656706638306564575e-06,1.056192028644966549e-07,7.835834634493271551e+03,2.465949828871362683e+02,5.576947701643422988e+03,6.386662712236466177e+04,3.231429929382780101e+05,6.950196027117707999e+05,2.054958190726135392e+00,4.647456418036185966e+01,5.322218926863721435e+02,2.692858274485649872e+03,5.791830022598090181e+03,1.952000000000000000e+03,4.210000000000000000e+02,3.230000000000000000e+02,3.010000000000000000e+02,2.850000000000000000e+02,4.011278388297416514e-09,1.956579151993234227e-08,1.719076713376982230e-07,8.105503406201805614e-07,1.650671556440455945e-06
4.800000000000000000e+03,5.000000000000000000e+03,1.230533575590169182e+00,1.170700991333029961e+00,1.200170670617569435e+00,2.000000000000000000e+08,1.106869111629189923e+06,5.730972492077453353e+02,2.865486246038726564e-06,1.112206712198468570e-07,8.408931883701017796e+03,2.518293362712765315e+02,5.737553297127560654e+03,6.584041341321548680e+04,3.307075997417711187e+05,7.043317158408043906e+05,2.098577802260637615e+00,4.781294414272966975e+01,5.486701117767956930e+02,2.755896664514759323e+03,5.869430965340036892e+03,1.840000000000000000e+03,3.950000000000000000e+02,2.720000000000000000e+02,3.150000000000000000e+02,3.110000000000000000e+02,3.861383156159572647e-09,1.888611293637821792e-08,1.492382704032884296e-07,8.681074493221492020e-07,1.825393030220751234e-06
5.000000000000000000e+03,5.200000000000000000e+03,1.170700991333029961e+00,1.114269430032497787e+00,1.142080845888931773e+00,2.000000000000000000e+08,1.124962050471415743e+06,5.307912096506536272e+02,2.653956048253268079e-06,1.085236865650659216e-07,8.939723093351671196e+03,2.566944456003215578e+02,5.889807604484434705e+03,6.772577896562585374e+04,3.379043072970595676e+05,7.131854621586455032e+05,2.139120380002679678e+00,4.908173003737029205e+01,5.643814913802154933e+02,2.815869227475496245e+03,5.943212184655379133e+03,1.902000000000000000e+03,4.250000000000000000e+02,2.950000000000000000e+02,2.540000000000000000e+02,2.940000000000000000e+02,4.068606962765097054e-09,2.085973526588237597e-08,1.664925399571635649e-07,7.152307837787759760e-07,1.747304382288681319e-06
5.200000000000000000e+03,5.400000000000000000e+03,1.114269430032497787e+00,1.060922603456479596e+00,1.087228589108077070e+00,2.000000000000000000e+08,1.142200909726597136e+06,4.984546987087456387e+02,2.492273493543728376e-06,1.047492935280245745e-07,9.438177792060416323e+03,2.612192739420777343e+02,6.034204858970250825e+03,6.952755354476333014e+04,3.447593917830031132e+05,7.216185402659183601e+05,2.176827282850647638e+00,5.028504049141875498e+01,5.793962795396944330e+02,2.872994931525026004e+03,6.013487835549319243e+03,1.914000000000000000e+03,4.200000000000000000e+02,2.670000000000000000e+02,2.690000000000000000e+02,2.560000000000000000e+02,4.166447419376139456e-09,2.111971700639587859e-08,1.546988066370984373e-07,7.728356365802319973e-07,1.539452885900625695e-06
5.400000000000000000e+03,5.600000000000000000e+03,1.060922603456479596e+00,1.010383349556617461e+00,1.035317994551624654e+00,2.000000000000000000e+08,1.158648105074549327e+06,5.576222034699987944e+02,2.788111017349993676e-06,1.114862266421784615e-07,9.995799995530414890e+03,2.654341808718193647e+02,6.171290526230049181e+03,7.125092190975350968e+04,3.512975866833681939e+05,7.296628717743263114e+05,2.211951507265161432e+00,5.142742105191707935e+01,5.937576825812792549e+02,2.927479889028068101e+03,6.080523931452718898e+03,1.892000000000000000e+03,4.110000000000000000e+02,2.940000000000000000e+02,2.880000000000000000e+02,2.870000000000000000e+02,4.185012251745685790e-09,2.113667005233792093e-08,1.745647586788960841e-07,8.431142080400836125e-07,1.745110368326930311e-06
5.600000000000000000e+03,5.800000000000000000e+03,1.010383349556617461e+00,9.624076887198962371e-01,9.860891622743934715e-01,2.000000000000000000e+08,1.174359971360686468e+06,5.450886995297678368e+02,2.725443497648839002e-06,1.109336117443013480e-07,1.054088869506018273e+04,2.693896664819513376e+02,6.302054247856961410e+03,7.290451837436044298e+04,3.575466425843447214e+05,7.373373664876421681e+05,2.244913887349594628e+00,5.251711873214134840e+01,6.075376531196703809e+02,2.979555354869539315e+03,6.144478054063684795e+03,1.918000000000000000e+03,3.950000000000000000e+02,2.560000000000000000e+02,2.870000000000000000e+02,2.750000000000000000e+02,4.305744835936522094e-09,2.074426189919583431e-08,1.555296391986356362e-07,8.551323868475577184e-07,1.689731464867513457e-06
5.800000000000000000e+03,6.000000000000000000e+03,9.624076887198962371e-01,9.167799414366353261e-01,9.393128157577232962e-01,2.000000000000000000e+08,1.189387478528424399e+06,5.575453558188166880e+02,2.787726779094083607e-06,1.128395979995726529e-07,1.109843405087899919e+04,2.731135911530805060e+02,6.427034480857801100e+03,7.449335931749234442e+04,3.635273282875620644e+05,7.446666428513597930e+05,2.275946592942337698e+00,5.355862067381500680e+01,6.207779943124362489e+02,3.029394402396350415e+03,6.205555357094664942e+03,1.860000000000000000e+03,3.760000000000000000e+02,2.570000000000000000e+02,2.880000000000000000e+02,2.790000000000000000e+02,4.233260662872747772e-09,2.013804137335444256e-08,1.595399445382961281e-07,8.724655878901488394e-07,1.731349944629411718e-06
6.000000000000000000e+03,6.200000000000000000e+03,9.167799414366353261e-01,8.733086912090772813e-01,8.947858658146174982e-01,2.000000000000000000e+08,1.203776850023386069e+06,5.332590937318564102e+02,2.666295468659282447e-06,1.110046227437319314e-07,1.163169314461085560e+04,2.766383444164064258e+02,6.546881432794117245e+03,7.602329591166137834e+04,3.692601271779885865e+05,7.516699071565256454e+05,2.305319536803386971e+00,5.455734527328431227e+01,6.335274659305115392e+02,3.077167726483238312e+03,6.263915892971047469e+03,1.843000000000000000e+03,3.650000000000000000e+02,2.920000000000000000e+02,2.550000000000000000e+02,2.670000000000000000e+02,4.248703906328641844e-09,1.991343102474877354e-08,1.849900200517093602e-07,7.846777702532257074e-07,1.672465543423269906e-06
6.200000000000000000e+03,6.400000000000000000e+03,8.733086912090772813e-01,8.318234256552861083e-01,8.523277309293171289e-01,2.000000000000000000e+08,1.217570098503784277e+06,5.909543470659978084e+02,2.954771735329988924e-06,1.178311112657125386e-07,1.222264749167685295e+04,2.799925522150483630e+02,6.662180950338799448e+03,7.749962789169544703e+04,3.747634309912155732e+05,7.583648661183190998e+05,2.333271268458736447e+00,5.551817458615666112e+01,6.458302324307953768e+02,3.123028591593463261e+03,6.319707217652658983e+03,1.822000000000000000e+03,3.500000000000000000e+02,2.780000000000000000e+02,2.760000000000000000e+02,2.990000000000000000e+02,4.251220251131817382e-09,1.943136110515483544e-08,1.795408046157611193e-07,8.619558912797958879e-07,1.889592458078145186e-06
6.400000000000000000e+03,6.600000000000000000e+03,8.318234256552861083e-01,7.921717256346287872e-01,8.117772667199814052e-01,2.000000000000000000e+08,1.230805491254161811e+06,5.603393517022341257e+02,2.801696758511170507e-06,1.145304537776409337e-07,1.278298684337908708e+04,2.832010725231434662e+02,6.773451185440149857e+03,7.892708210397548100e+04,3.800536980756595149e+05,7.647680588165635709e+05,2.360008937692862130e+00,5.644542654533458403e+01,6.577256841997956371e+02,3.167114150630496169e+03,6.373067156804696424e+03,1.883000000000000000e+03,4.130000000000000000e+02,3.010000000000000000e+02,2.640000000000000000e+02,2.730000000000000000e+02,4.443896829675658833e-09,2.331196116322318743e-08,1.979754309441384677e-07,8.361181357664510599e-07,1.739847333807682250e-06
6.600000000000000000e+03,6.800000000000000000e+03,7.921717256346287872e-01,7.542169001500946823e-01,7.729901892674742037e-01,2.000000000000000000e+08,1.243517955679372186e+06,5.952040389516990899e+02,2.976020194758495298e-06,1.184879409941906970e-07,1.337819088233078583e+04,2.862852620460947719e+02,6.881145419955298166e+03,8.030983869371998298e+04,3.851456505475913873e+05,7.708950357560596894e+05,2.385710517050789736e+00,5.734287849962748140e+01,6.692486557809999113e+02,3.209547087896594803e+03,6.424125297967164443e+03,1.838000000000000000e+03,3.800000000000000000e+02,2.860000000000000000e+02,2.870000000000000000e+02,2.860000000000000000e+02,4.384935930339351490e-09,2.179029382985844369e-08,1.914051155533659686e-07,9.211400142263227032e-07,1.837299835218608938e-06
6.800000000000000000e+03,7.000000000000000000e+03,7.542169001500946823e-01,7.178359861223473359e-01,7.358369014406294095e-01,2.000000000000000000e+08,1.255739433582037222e+06,5.967786148382874671e+02,2.983893074191437493e-06,1.195061594906210236e-07,1.397496949716907329e+04,2.892633533289056800e+02,6.985657715973169616e+03,8.165157877924530476e+04,3.900524752878282452e+05,7.767604584456613520e+05,2.410527944407547363e+00,5.821381429977641631e+01,6.804298231603775093e+02,3.250437294065235164e+03,6.473003820380511570e+03,1.814000000000000000e+03,4.080000000000000000e+02,2.810000000000000000e+02,2.750000000000000000e+02,2.890000000000000000e+02,4.372697691155291164e-09,2.375123623430877960e-08,1.912007803080660569e-07,8.938702558679396476e-07,1.870698104089967651e-06
7.000000000000000000e+03,7.200000000000000000e+03,7.178359861223473359e-01,6.829180485688013391e-01,7.002006500592556915e-01,2.000000000000000000e+08,1.267499191539780004e+06,5.686459551535776882e+02,2.843229775767888155e-06,1.151244277188958473e-07,1.454361545232265053e+04,2.921508559432145375e+02,7.087329539284435668e+03,8.295553920581185957e+04,3.947860121597076068e+05,7.823781597790322267e+05,2.434590466193454539e+00,5.906107949403696722e+01,6.912961600484321707e+02,3.289883434664230208e+03,6.519817998158601767e+03,1.822000000000000000e+03,4.170000000000000000e+02,2.900000000000000000e+02,3.010000000000000000e+02,2.490000000000000000e+02,4.435823829404474205e-09,2.462847014901341578e-08,2.004758864140453331e-07,9.902549138339332627e-07,1.623434681541491764e-06
7.200000000000000000e+03,7.400000000000000000e+03,6.829180485688013391e-01,6.493627294813217876e-01,6.659759562057241400e-01,2.000000000000000000e+08,1.278824093547831289e+06,5.911099566798040996e+02,2.955549783399020889e-06,1.198497869882951688e-07,1.513472540900245440e+04,2.949609390340994537e+02,7.186456390318193371e+03,8.422456694153317949e+04,3.993569228853236418e+05,7.877611863916221773e+05,2.458007825284162173e+00,5.988713658598494760e+01,7.018713911794432079e+02,3.327974357377696833e+03,6.564676553263518144e+03,1.891000000000000000e+03,3.650000000000000000e+02,2.550000000000000000e+02,2.760000000000000000e+02,2.790000000000000000e+02,4.648092797612350076e-09,2.185880485388450523e-08,1.789772047507580185e-07,9.185209226362443032e-07,1.831544758360521683e-06
7.400000000000000000e+03,7.600000000000000000e+03,6.493627294813217876e-01,6.170790036731979011e-01,6.330672722692856080e-01,2.000000000000000000e+08,1.289738841136434814e+06,6.207003664984406441e+02,3.103501832492203108e-06,1.227378159843396491e-07,1.575542577550089482e+04,2.977047761587864443e+02,7.283293969077501060e+03,8.546116951360959501e+04,4.037748390326771769e+05,7.929218338449113071e+05,2.480873134656553791e+00,6.069411640897917692e+01,7.121764126134132766e+02,3.364790325272309929e+03,6.607681948707594529e+03,1.821000000000000000e+03,3.710000000000000000e+02,2.870000000000000000e+02,2.880000000000000000e+02,2.880000000000000000e+02,4.517669978209584611e-09,2.251751718773127882e-08,2.043946304200496002e-07,9.690596136784252115e-07,1.903012401227787296e-06
7.600000000000000000e+03,7.800000000000000000e+03,6.170790036731979011e-01,5.859841077203389315e-01,6.013878281521884972e-01,2.000000000000000000e+08,1.300266185376338428e+06,5.927416625673092767e+02,2.963708312836546440e-06,1.211171294691459830e-07,1.634816743806820341e+04,3.003918463789377142e+02,7.378063680709532491e+03,8.666756004934186058e+04,4.080484900430834386e+05,7.978716797568241600e+05,2.503265386491147826e+00,6.148386400591277123e+01,7.222296670778488306e+02,3.400404083692361837e+03,6.648930664640201030e+03,1.810000000000000000e+03,3.810000000000000000e+02,2.630000000000000000e+02,2.600000000000000000e+02,2.800000000000000000e+02,4.530910349548977009e-09,2.342535218625276719e-08,1.899464024414742617e-07,8.841050617600140473e-07,1.861700586099256283e-06
7.800000000000000000e+03,8.000000000000000000e+03,5.859841077203389315e-01,5.560026143448608682e-01,5.708586360525425007e-01,2.000000000000000000e+08,1.310427114521299489e+06,6.056520382349132205e+02,3.028260191174565858e-06,1.214309695922421187e-07,1.695381947630311697e+04,3.030301924225218499e+02,7.470957442708120652e+03,8.784569667075583129e+04,4.121858133226599311e+05,8.026216168927531689e+05,2.525251603521015298e+00,6.225797868923434208e+01,7.320474722562986472e+02,3.434881777688832699e+03,6.688513474106276590e+03,1.832000000000000000e+03,3.520000000000000000e+02,2.770000000000000000e+02,2.930000000000000000e+02,2.680000000000000000e+02,4.626260937650499512e-09,2.191480849861049029e-08,2.027771498149947212e-07,1.006420360862827958e-06,1.792521611060482104e-06
8.000000000000000000e+03,8.200000000000000000e+03,5.560026143448608682e-01,5.270656295503377553e-01,5.414076287911797625e-01,2.000000000000000000e+08,1.320241020480834646e+06,6.873999906904598447e+02,3.436999953452299097e-06,1.312023983862589621e-07,1.764121946699357795e+04,3.056266396718120291e+02,7.562141827012879730e+03,8.899731653923275007e+04,4.161940487024858594e+05,8.071818867724301526e+05,2.546888663931766938e+00,6.301784855844066158e+01,7.416443044936062279e+02,3.468283739187382253e+03,6.726515723103584605e+03,1.813000000000000000e+03,3.950000000000000000e+02,2.670000000000000000e+02,2.970000000000000000e+02,3.240000000000000000e+02,4.617509147708293062e-09,2.489205018058406092e-08,1.980190292997928796e-07,1.030080270538652494e-06,2.179391094285561416e-06
8.200000000000000000e+03,8.400000000000000000e+03,5.270656295503377553e-01,4.991100937959414008e-01,5.129689110890476300e-01,2.000000000000000000e+08,1.329725846850438742e+06,6.176081589956617108e+02,3.088040794978308527e-06,1.242550735265515962e-07,1.825882762598924091e+04,3.081869807126809633e+02,7.651761600120383264e+03,9.012396506785000383e+04,4.200798194882497774e+05,8.115621137135054450e+05,2.568224839272341242e+00,6.376468000100319244e+01,7.510330422320834032e+02,3.500665162402081478e+03,6.763017614279212466e+03,1.847000000000000000e+03,4.420000000000000000e+02,2.650000000000000000e+02,2.730000000000000000e+02,2.810000000000000000e+02,4.743511278136014876e-09,2.818398856044341491e-08,1.990237561915020900e-07,9.556815893357683458e-07,1.900407949612458587e-06
8.400000000000000000e+03,8.600000000000000000e+03,4.991100937959414008e-01,4.720781717039650438e-01,4.854821067711476701e-01,2.000000000000000000e+08,1.338898220834733918e+06,5.970365610533178824e+02,2.985182805266589655e-06,1.216439036735050324e-07,1.885586418704255993e+04,3.107161303191160755e+02,7.739942735108223133e+03,9.122702089553987025e+04,4.238492021135456162e+05,8.157713389602210373e+05,2.589301085992633755e+00,6.449952279256852705e+01,7.602251741294988960e+02,3.532076684279546953e+03,6.798094491335175007e+03,1.798000000000000000e+03,3.890000000000000000e+02,2.610000000000000000e+02,2.840000000000000000e+02,2.580000000000000000e+02,4.655563352614754552e-09,2.509031436630915795e-08,1.984187704477992515e-07,1.003109778335391459e-06,1.753908378764475140e-06
8.600000000000000000e+03,8.800000000000000000e+03,4.720781717039650438e-01,4.459167173946734231e-01,4.588917877586058403e-01,2.000000000000000000e+08,1.347773571068774676e+06,6.337895177950312018e+02,3.168947588975155676e-06,1.253607928797841312e-07,1.948965370483759034e+04,3.132182555223012628e+02,7.826794971257935686e+03,9.230771722596579639e+04,4.275077861744416878e+05,8.198180544415864861e+05,2.610152129352510730e+00,6.522329142714946215e+01,7.692309768830483563e+02,3.562564884787013852e+03,6.831817120346554475e+03,1.810000000000000000e+03,3.610000000000000000e+02,2.820000000000000000e+02,3.010000000000000000e+02,2.710000000000000000e+02,4.724375354128044373e-09,2.354560820520095639e-08,2.169231354810196375e-07,1.072332030320891046e-06,1.851422439613916084e-06
8.800000000000000000e+03,9.000000000000000000e+03,4.459167173946734231e-01,4.205768046598175047e-01,4.331469730551036346e-01,2.000000000000000000e+08,1.356366233063658699e+06,6.503537341138923011e+02,3.251768670569461945e-06,1.278611230151300255e-07,2.014000743895148116e+04,3.156968848935463825e+02,7.912413991124118184e+03,9.336716008512271219e+04,4.310607263628579676e+05,8.237102357396601001e+05,2.630807374112886343e+00,6.593678325936765816e+01,7.780596673760226167e+02,3.592172719690483063e+03,6.864251964497167137e+03,1.812000000000000000e+03,4.040000000000000000e+02,3.000000000000000000e+02,2.850000000000000000e+02,2.860000000000000000e+02,4.767022961892550672e-09,2.663846043678453115e-08,2.334179002128067716e-07,1.023769225111787712e-06,1.963176061846190135e-06
9.000000000000000000e+03,9.200000000000000000e+03,4.205768046598175047e-01,3.960133129190808177e-01,4.082006878483259715e-01,2.000000000000000000e+08,1.364689543766107410e+06,6.365908045129983748e+02,3.182954022564991446e-06,1.258532504299037264e-07,2.077659824346447931e+04,3.181550005190991897e+02,7.996883275064717054e+03,9.440634397296079260e+04,4.345127875609328039e+05,8.274553739566295408e+05,2.651291670992493188e+00,6.664069395887264591e+01,7.867195331080066580e+02,3.620939896341106760e+03,6.895461449638579325e+03,1.785000000000000000e+03,3.610000000000000000e+02,2.920000000000000000e+02,3.030000000000000000e+02,2.650000000000000000e+02,4.732555632721599800e-09,2.405729051915302620e-08,2.297221036675379575e-07,1.097144788591355305e-06,1.827297284154223476e-06
9.200000000000000000e+03,9.400000000000000000e+03,3.960133129190808177e-01,3.721845613284673338e-01,3.840095744175140435e-01,2.000000000000000000e+08,1.372755926520804409e+06,6.244812951174253612e+02,3.122406475587126648e-06,1.261004789154078930e-07,2.140107953858190376e+04,3.205951155539739830e+02,8.080275683802628009e+03,9.542616530949682056e+04,4.378683841416054638e+05,8.310605062703448348e+05,2.671625962949783162e+00,6.733563069835523152e+01,7.952180442458068228e+02,3.648903201180045471e+03,6.925504218919540108e+03,1.769000000000000000e+03,3.470000000000000000e+02,2.880000000000000000e+02,2.690000000000000000e+02,2.720000000000000000e+02,4.726106328458166686e-09,2.336546385232926540e-08,2.290227967427923611e-07,9.815549611174322718e-07,1.883737147546114784e-06
9.400000000000000000e+03,9.600000000000000000e+03,3.721845613284673338e-01,3.490519845860913239e-01,3.605335478321753939e-01,2.000000000000000000e+08,1.380576967553164111e+06,6.232012812880399224e+02,3.116006406440199688e-06,1.263839550363405168e-07,2.202428081986994221e+04,3.230193397514877915e+02,8.162654811595245519e+03,9.642743401288546738e+04,4.411316143441455206e+05,8.345322450447863666e+05,2.691827831262398441e+00,6.802212342996037364e+01,8.035619501073789479e+02,3.676096786201212581e+03,6.954435375373219358e+03,1.765000000000000000e+03,3.890000000000000000e+02,2.670000000000000000e+02,2.700000000000000000e+02,2.700000000000000000e+02,4.751076122178132589e-09,2.646060601425458311e-08,2.145510406786701798e-07,9.925461322743273712e-07,1.877697551350769415e-06
9.600000000000000000e+03,9.800000000000000000e+03,3.490519845860913239e-01,3.265798449563095396e-01,3.377354904977281080e-01,2.000000000000000000e+08,1.388163484944123309e+06,6.666161432285051660e+02,3.333080716142525829e-06,1.310619242676984647e-07,2.269089696309844658e+04,3.254294349992456432e+02,8.244076146749701365e+03,9.741088350086349237e+04,4.443062904569939710e+05,8.378768054045168683e+05,2.711911958327047234e+00,6.870063455624750759e+01,8.117573625071958077e+02,3.702552420474949940e+03,6.982306711704307418e+03,1.786000000000000000e+03,3.980000000000000000e+02,2.720000000000000000e+02,2.850000000000000000e+02,2.900000000000000000e+02,4.843474757572106339e-09,2.734285255338651106e-08,2.207980026019572487e-07,1.055227439835360814e-06,2.024868946394249038e-06
9.800000000000000000e+03,1.000000000000000000e+04,3.265798449563095396e-01,3.047349758451691759e-01,3.155809804934359697e-01,2.000000000000000000e+08,1.395525590943493182e+06,7.029201828218642731e+02,3.514600914109321373e-06,1.348353639098315689e-07,2.339381714592031130e+04,3.278268625345982628e+02,8.324588070093024726e+03,9.837717935887617932e+04,4.473959654175329488e+05,8.411000312344559934e+05,2.731890521121651982e+00,6.937156725077520036e+01,8.198098279906348580e+02,3.728299711812774603e+03,7.009166926953799702e+03,1.778000000000000000e+03,3.770000000000000000e+02,2.920000000000000000e+02,2.930000000000000000e+02,3.070000000000000000e+02,4.857301346554297458e-09,2.615308085354224824e-08,2.393844697732654057e-07,1.092391815561142992e-06,2.151814246574816562e-06
1.000000000000000000e+04,1.020000000000000000e+04,3.047349758451691759e-01,2.834865529387404770e-01,2.940380493899650283e-01,2.000000000000000000e+08,1.402672748361106031e+06,6.383818290161202640e+02,3.191909145080600606e-06,1.288476816741053718e-07,2.403219897493643293e+04,3.302128232498495777e+02,8.404232717585857245e+03,9.932692688338669541e+04,4.504039563437226461e+05,8.442074195931600407e+05,2.751773527082079784e+00,7.003527264654880469e+01,8.277243906948891663e+02,3.753366302864355475e+03,7.035061829943000703e+03,1.785000000000000000e+03,3.730000000000000000e+02,2.900000000000000000e+02,2.590000000000000000e+02,2.770000000000000000e+02,4.911915745841512447e-09,2.612315669716270470e-08,2.400400733015178658e-07,9.721218724418679851e-07,1.948712126894210797e-06
1.020000000000000000e+04,1.040000000000000000e+04,2.834865529387404770e-01,2.628058894850120453e-01,2.730769658550615819e-01,2.000000000000000000e+08,1.409613821682710433e+06,6.540712001818203589e+02,3.270356000909101522e-06,1.308127917151885411e-07,2.468627017511825397e+04,3.325882922113990503e+02,8.483046728018643989e+03,1.002606776678039460e+05,4.533333654212307301e+05,8.472041435734459665e+05,2.771569101761658604e+00,7.069205606682203324e+01,8.355056472316995269e+02,3.777778045176922660e+03,7.060034529778716205e+03,1.784000000000000000e+03,3.760000000000000000e+02,2.830000000000000000e+02,2.640000000000000000e+02,2.840000000000000000e+02,4.944479277542799160e-09,2.658021308112508562e-08,2.364480981665709470e-07,9.973334039267075204e-07,2.005049806457155443e-06
1.040000000000000000e+04,1.060000000000000000e+04,2.628058894850120453e-01,2.426662527790339752e-01,2.526700418777438895e-01,2.000000000000000000e+08,1.416357123478010297e+06,6.212842675075341958e+02,3.106421337537670917e-06,1.263411722865178889e-07,2.530755444262578749e+04,3.349540483239769060e+02,8.561061893299391159e+03,1.011789353715431498e+05,4.561870985028983559e+05,8.500950736619447125e+05,2.791283736033141061e+00,7.134218244416159393e+01,8.431577947628595666e+02,3.801559154190819754e+03,7.084125613849539150e+03,1.786000000000000000e+03,3.630000000000000000e+02,3.290000000000000000e+02,2.590000000000000000e+02,2.560000000000000000e+02,4.985232752555190078e-09,2.589721222723065841e-08,2.773989144769807833e-07,9.846038209354222669e-07,1.813536157145481993e-06
1.060000000000000000e+04,1.080000000000000000e+04,2.426662527790339752e-01,2.230426993154976945e-01,2.327914588814061769e-01,2.000000000000000000e+08,1.422910456599484896e+06,6.760463780788956001e+02,3.380231890394477757e-06,1.329558170514109170e-07,2.598360082070468343e+04,3.373106998991855789e+02,8.638305725699663526e+03,1.020821607880946685e+05,4.589678817197559983e+05,8.528847976660353597e+05,2.810922499159879795e+00,7.198588104749720173e+01,8.506846732341222150e+02,3.824732347664633380e+03,7.107373313883627816e+03,1.800000000000000000e+03,3.820000000000000000e+02,3.010000000000000000e+02,2.750000000000000000e+02,2.870000000000000000e+02,5.059660498487783595e-09,2.749860656014393067e-08,2.560560866434707809e-07,1.051801395607774211e-06,2.039816141084601162e-06
1.080000000000000000e+04,1.100000000000000000e+04,2.230426993154976945e-01,2.039119264156481481e-01,2.134171113683982490e-01,2.000000000000000000e+08,1.429281152611114085e+06,6.742675859612580780e+02,3.371337929806290308e-06,1.336523172119176343e-07,2.665786840666594071e+04,3.396587067562152242e+02,8.714801954037468022e+03,1.029707763092064270e+05,4.616782763571055839e+05,8.555776392840077169e+05,2.830489222968460172e+00,7.262334961697889923e+01,8.580898025767202171e+02,3.847318969642546563e+03,7.129813660700064247e+03,1.774000000000000000e+03,3.530000000000000000e+02,2.730000000000000000e+02,2.700000000000000000e+02,2.900000000000000000e+02,5.021287881546047925e-09,2.563604241479354856e-08,2.342585161034446379e-07,1.038776121803487618e-06,2.067645961603018507e-06
1.100000000000000000e+04,1.120000000000000000e+04,2.039119264156481481e-01,1.852521384266778703e-01,1.945244660544753756e-01,2.000000000000000000e+08,1.435476106834457954e+06,6.834675865204645788e+02,3.417337932602322842e-06,1.337356605157971776e-07,2.734133599318640699e+04,3.419983993869741994e+02,8.790570959073129416e+03,1.038451698688056786e+05,4.643206922134562628e+05,8.581776753937349422e+05,2.849986661558118417e+00,7.325475799227608320e+01,8.653764155733806547e+02,3.869339101778802160e+03,7.151480628281124154e+03,1.761000000000000000e+03,3.660000000000000000e+02,2.940000000000000000e+02,2.880000000000000000e+02,2.820000000000000000e+02,5.018826511003846633e-09,2.681124142517304679e-08,2.544206661785738732e-07,1.114369661312294940e-06,2.016717537175277039e-06
1.120000000000000000e+04,1.140000000000000000e+04,1.852521384266778703e-01,1.670429258400356609e-01,1.760924347203076668e-01,2.000000000000000000e+08,1.441501810354609741e+06,7.117333552554855487e+02,3.558666776277427524e-06,1.366954855043274467e-07,2.805306934844189163e+04,3.443299956286222141e+02,8.865630156750272363e+03,1.047056984372703882e+05,4.668973996282822918e+05,8.606887521366779692e+05,2.869416630238518451e+00,7.388025130625227632e+01,8.725474869772532429e+02,3.890811663569018947e+03,7.172406267805649804e+03,1.731000000000000000e+03,3.510000000000000000e+02,3.020000000000000000e+02,2.970000000000000000e+02,2.940000000000000000e+02,4.966960186942875078e-09,2.593196820849454931e-08,2.635093410671304847e-07,1.155571064079998727e-06,2.108687442734861012e-06
1.140000000000000000e+04,1.160000000000000000e+04,1.670429258400356609e-01,1.492651558873074880e-01,1.581012592367194713e-01,2.000000000000000000e+08,1.447364379289379809e+06,6.823812502365806267e+02,3.411906251182902594e-06,1.335284643163745800e-07,2.873545059867847158e+04,3.466536152110480771e+02,8.939994336489709895e+03,1.055526911254049483e+05,4.694105403375467868e+05,8.631144998747268692e+05,2.888780126758733857e+00,7.449995280408091958e+01,8.796057593783746142e+02,3.911754502812889768e+03,7.192620832289390819e+03,1.779000000000000000e+03,3.610000000000000000e+02,3.130000000000000000e+02,2.880000000000000000e+02,2.750000000000000000e+02,5.139139845503787456e-09,2.689448296227321300e-08,2.753166026854312520e-07,1.126585296810112225e-06,1.977970728879582375e-06
1.160000000000000000e+04,1.180000000000000000e+04,1.492651558873074880e-01,1.319008733543092227e-01,1.405324074167744186e-01,2.000000000000000000e+08,1.453069581590884831e+06,7.009910119591011153e+02,3.504955059795505428e-06,1.366269701868118660e-07,2.943644161063757201e+04,3.489692924948778341e+02,9.013675960812299309e+03,1.063864519499597664e+05,4.718621372952375095e+05,8.654583470923806308e+05,2.908077437457315284e+00,7.511396634010249329e+01,8.865537662496647044e+02,3.932184477460312792e+03,7.212152892436505681e+03,1.722000000000000000e+03,3.530000000000000000e+02,2.880000000000000000e+02,2.810000000000000000e+02,2.930000000000000000e+02,5.007709347301497030e-09,2.651523011805617992e-08,2.553274846799034233e-07,1.104943838166347946e-06,2.113160797483896301e-06
1.180000000000000000e+04,1.200000000000000000e+04,1.319008733543092227e-01,1.149332105104119428e-01,1.233684785164634867e-01,2.000000000000000000e+08,1.458622861618785420e+06,6.941724438266110155e+02,3.470862219133054842e-06,1.350245766733538478e-07,3.013061405446418212e+04,3.512769876549464243e+02,9.086685431369123762e+03,1.072072623030825489e+05,4.742541035783430561e+05,8.677235333183353068e+05,2.927308230457887017e+00,7.572237859474269328e+01,8.933938525256878620e+02,3.952117529819525316e+03,7.231029444319460708e+03,1.782000000000000000e+03,3.520000000000000000e+02,2.920000000000000000e+02,3.010000000000000000e+02,2.750000000000000000e+02,5.216463266675954323e-09,2.665427726534942965e-08,2.608710049375008522e-07,1.189587376475676932e-06,1.988533097187851781e-06
1.200000000000000000e+04,1.220000000000000000e+04,1.149332105104119428e-01,9.834630518493003848e-02,1.065931173509120367e-01,2.000000000000000000e+08,1.464029362698193872e+06,6.695314902747252290e+02,3.347657451373626305e-06,1.338448900141138351e-07,3.080014554473890894e+04,3.535765965274266591e+02,9.159031325777901657e+03,1.080153831625926541e+05,4.765882504777599825e+05,8.699131211355354171e+05,2.946471637728555582e+00,7.632526104814918710e+01,9.001281930216053979e+02,3.971568753981332975e+03,7.249276009462794718e+03,1.820000000000000000e+03,3.500000000000000000e+02,2.730000000000000000e+02,2.710000000000000000e+02,2.750000000000000000e+02,5.362578380665971098e-09,2.671384136685221852e-08,2.457349966948982945e-07,1.076295132328941320e-06,1.993550902602268639e-06
1.220000000000000000e+04,1.240000000000000000e+04,9.834630518493003848e-02,8.212522613886363843e-02,9.019093611826645152e-02,2.000000000000000000e+08,1.469293947852239246e+06,6.505912427504990774e+02,3.252956213752495501e-06,1.315128156838848047e-07,3.145073678748940802e+04,3.558679593000178443e+02,9.230720608901563537e+03,1.088110570738834649e+05,4.788662948633563356e+05,8.720300073467973853e+05,2.965566327500148702e+00,7.692267174084636849e+01,9.067588089490288894e+02,3.990552457194636190e+03,7.266916727889978574e+03,1.718000000000000000e+03,3.970000000000000000e+02,3.050000000000000000e+02,2.580000000000000000e+02,2.630000000000000000e+02,5.094842950645255333e-09,3.053830068111600936e-08,2.765614367294538197e-07,1.029562533956216122e-06,1.911199099435064314e-06
1.240000000000000000e+04,1.260000000000000000e+04,8.212522613886363843e-02,6.625590498114086735e-02,7.414744313178189827e-02,2.000000000000000000e+08,1.474421218879003776e+06,6.862104947405507573e+02,3.431052473702753517e-06,1.339694893480298772e-07,3.213694728222995764e+04,3.581508682031519584e+02,9.301758821812676615e+03,1.095945099310004152e+05,4.810898659012852004e+05,8.740769333567020949e+05,2.984590568359599683e+00,7.751465684843897463e+01,9.132875827583368391e+02,4.009082215844043276e+03,7.283974444639184185e+03,1.783000000000000000e+03,3.450000000000000000e+02,3.100000000000000000e+02,3.030000000000000000e+02,2.610000000000000000e+02,5.321524983385166242e-09,2.674255661271145083e-08,2.831191506550844259e-07,1.214751911400745203e-06,1.901117330050827346e-06
1.260000000000000000e+04,1.280000000000000000e+04,6.625590498114086735e-02,5.072507396609160502e-02,5.844897775458290923e-02,2.000000000000000000e+08,1.479415533924693940e+06,7.506732405007429634e+02,3.753366202503714757e-06,1.415843791236667085e-07,3.288762052273070003e+04,3.604250743291716503e+02,9.372150251063003452e+03,1.103659525794694928e+05,4.832605111906170496e+05,8.760564948292145273e+05,3.003542286076430479e+00,7.810125209219170017e+01,9.197162714955791216e+02,4.027170926588475595e+03,7.300470790243454758e+03,1.724000000000000000e+03,3.690000000000000000e+02,2.930000000000000000e+02,3.110000000000000000e+02,3.010000000000000000e+02,5.178106901195765949e-09,2.881936202201873836e-08,2.694768675482046656e-07,1.252450158169015802e-06,2.197441707863279582e-06
1.280000000000000000e+04,1.300000000000000000e+04,5.072507396609160502e-02,3.552020908505437724e-02,4.308265091322471818e-02,2.000000000000000000e+08,1.484281023689111462e+06,7.289419852272135358e+02,3.644709926136068035e-06,1.398349278518206233e-07,3.361656250795791129e+04,3.626902936914368070e+02,9.441898080591829057e+03,1.111255822610509786e+05,4.853797023788464721e+05,8.779711506749307737e+05,3.022419114095306725e+00,7.868248400493190786e+01,9.260465188420914728e+02,4.044830853157053753e+03,7.316426255624422993e+03,1.761000000000000000e+03,3.770000000000000000e+02,2.850000000000000000e+02,2.990000000000000000e+02,2.920000000000000000e+02,5.322480059921835844e-09,2.966329646985932771e-08,2.639232578699960695e-07,1.209404425093959116e-06,2.136396466642331432e-06
1.300000000000000000e+04,1.320000000000000000e+04,3.552020908505437724e-02,2.062947793147107411e-02,2.803629063731638560e-02,2.000000000000000000e+08,1.489021606385569321e+06,6.992724093310812350e+02,3.496362046655406420e-06,1.365413740410114675e-07,3.431583491728899389e+04,3.649462126205145864e+02,9.511004528328052402e+03,1.118735839182736672e+05,4.874488403090228094e+05,8.798232314173242776e+05,3.041218438504288191e+00,7.925837106940043952e+01,9.322798659856139238e+02,4.062073669241856805e+03,7.331860261811035343e+03,1.698000000000000000e+03,3.710000000000000000e+02,2.740000000000000000e+02,3.020000000000000000e+02,2.700000000000000000e+02,5.163988908580281351e-09,2.940485566674756396e-08,2.554446832800582193e-07,1.226746248111040823e-06,1.979602270688979611e-06
1.320000000000000000e+04,1.340000000000000000e+04,2.062947793147107411e-02,6.041691876883525936e-03,1.329839213455397129e-02,2.000000000000000000e+08,1.493641001565016340e+06,7.080124069923913339e+02,3.540062034961956600e-06,1.380740368190999126e-07,3.502384732428138523e+04,3.671924925773558357e+02,9.579470969182104454e+03,1.126101313736928569e+05,4.894692597444312414e+05,8.816149469851318281e+05,3.059937438144631816e+00,7.982892474318420284e+01,9.384177614474405118e+02,4.078910497870260315e+03,7.346791224876098568e+03,1.778000000000000000e+03,3.600000000000000000e+02,2.790000000000000000e+02,2.910000000000000000e+02,2.800000000000000000e+02,5.440568765021155289e-09,2.873841290754631239e-08,2.618185554438358913e-07,1.186962954880245643e-06,2.057101542965307598e-06
1.340000000000000000e+04,1.348403621897459016e+04,6.041691876883525936e-03,0.000000000000000000e+00,3.014442386574778254e-03,8.403621897459015250e+07,1.498142742903173435e+06,6.559260882249761835e+02,7.805278440993485131e-06,3.187141613410573722e-07,3.567977341250635800e+04,3.694287744525104245e+02,9.647298045909748907e+03,1.133353883970256429e+05,4.914422337115925038e+05,8.833483939741930226e+05,3.078573120437587018e+00,8.039415038258124468e+01,9.444615699752137061e+02,4.095351947596604077e+03,7.361236616451608825e+03,1.152000000000000000e+03,2.830000000000000000e+02,2.900000000000000000e+02,2.440000000000000000e+02,2.690000000000000000e+02,8.440446935901418667e-09,5.414699717784738934e-08,6.518471645556272888e-07,2.378179045670099260e-06,4.712664786654009972e-06
