elapsed_time_myr,z_edge,R1_cumulative,R2_cumulative,R3_cumulative,R4_cumulative,R5_cumulative
0.000000000000000000e+00,1.200000000000000000e+01,0.000000000000000000e+00,0.000000000000000000e+00,0.000000000000000000e+00,0.000000000000000000e+00,0.000000000000000000e+00
2.000000000000000000e+02,8.818137842791330172e+00,3.138000000000000000e+03,1.274000000000000000e+03,4.620000000000000000e+02,2.710000000000000000e+02,2.970000000000000000e+02
4.000000000000000000e+02,7.061767106276299444e+00,6.022000000000000000e+03,2.243000000000000000e+03,8.040000000000000000e+02,5.480000000000000000e+02,5.960000000000000000e+02
6.000000000000000000e+02,5.924220571452538664e+00,8.768000000000000000e+03,3.088000000000000000e+03,1.141000000000000000e+03,8.380000000000000000e+02,8.680000000000000000e+02
8.000000000000000000e+02,5.116993443041006451e+00,1.133100000000000000e+04,3.804000000000000000e+03,1.452000000000000000e+03,1.153000000000000000e+03,1.159000000000000000e+03
1.000000000000000000e+03,4.509080089241049194e+00,1.381100000000000000e+04,4.428000000000000000e+03,1.756000000000000000e+03,1.423000000000000000e+03,1.428000000000000000e+03
1.200000000000000000e+03,4.031684754557708139e+00,1.619400000000000000e+04,5.003000000000000000e+03,2.071000000000000000e+03,1.726000000000000000e+03,1.726000000000000000e+03
1.400000000000000000e+03,3.644923882858176256e+00,1.850500000000000000e+04,5.554000000000000000e+03,2.346000000000000000e+03,2.007000000000000000e+03,2.015000000000000000e+03
1.600000000000000000e+03,3.323948501746264661e+00,2.074800000000000000e+04,6.073000000000000000e+03,2.632000000000000000e+03,2.307000000000000000e+03,2.288000000000000000e+03
1.800000000000000000e+03,3.052402397330417294e+00,2.298600000000000000e+04,6.639000000000000000e+03,2.934000000000000000e+03,2.582000000000000000e+03,2.538000000000000000e+03
2.000000000000000000e+03,2.819042497488104981e+00,2.519100000000000000e+04,7.162000000000000000e+03,3.237000000000000000e+03,2.874000000000000000e+03,2.814000000000000000e+03
2.200000000000000000e+03,2.615864239676068070e+00,2.733800000000000000e+04,7.615000000000000000e+03,3.522000000000000000e+03,3.147000000000000000e+03,3.104000000000000000e+03
2.400000000000000000e+03,2.437000814363337486e+00,2.945400000000000000e+04,8.090000000000000000e+03,3.796000000000000000e+03,3.429000000000000000e+03,3.363000000000000000e+03
2.600000000000000000e+03,2.278045921107927363e+00,3.155900000000000000e+04,8.565000000000000000e+03,4.079000000000000000e+03,3.697000000000000000e+03,3.645000000000000000e+03
2.800000000000000000e+03,2.135620507881150321e+00,3.360400000000000000e+04,9.037000000000000000e+03,4.371000000000000000e+03,3.979000000000000000e+03,3.930000000000000000e+03
3.000000000000000000e+03,2.007086258457461359e+00,3.566000000000000000e+04,9.464000000000000000e+03,4.669000000000000000e+03,4.258000000000000000e+03,4.202000000000000000e+03
3.200000000000000000e+03,1.890350646290902326e+00,3.766600000000000000e+04,9.910000000000000000e+03,4.954000000000000000e+03,4.537000000000000000e+03,4.497000000000000000e+03
3.400000000000000000e+03,1.783730963141084924e+00,3.968600000000000000e+04,1.033700000000000000e+04,5.228000000000000000e+03,4.824000000000000000e+03,4.780000000000000000e+03
3.600000000000000000e+03,1.685857395930653535e+00,4.177200000000000000e+04,1.079600000000000000e+04,5.513000000000000000e+03,5.104000000000000000e+03,5.065000000000000000e+03
3.799999999999999545e+03,1.595602594938838603e+00,4.376900000000000000e+04,1.124200000000000000e+04,5.811000000000000000e+03,5.371000000000000000e+03,5.353000000000000000e+03
3.999999999999999545e+03,1.512029606609431642e+00,4.569600000000000000e+04,1.164400000000000000e+04,6.079000000000000000e+03,5.666000000000000000e+03,5.615000000000000000e+03
4.200000000000000000e+03,1.434352785210416759e+00,4.765000000000000000e+04,1.207200000000000000e+04,6.351000000000000000e+03,5.935000000000000000e+03,5.877000000000000000e+03
4.400000000000000000e+03,1.361908037493576806e+00,4.958900000000000000e+04,1.251600000000000000e+04,6.615000000000000000e+03,6.227000000000000000e+03,6.171000000000000000e+03
4.600000000000000000e+03,1.294129884677158948e+00,5.154300000000000000e+04,1.292500000000000000e+04,6.907000000000000000e+03,6.507000000000000000e+03,6.471000000000000000e+03
4.800000000000000000e+03,1.230533575590169182e+00,5.349500000000000000e+04,1.334600000000000000e+04,7.230000000000000000e+03,6.808000000000000000e+03,6.756000000000000000e+03
5.000000000000000000e+03,1.170700991333029961e+00,5.533500000000000000e+04,1.374100000000000000e+04,7.502000000000000000e+03,7.123000000000000000e+03,7.067000000000000000e+03
5.200000000000000000e+03,1.114269430032497787e+00,5.723700000000000000e+04,1.416600000000000000e+04,7.797000000000000000e+03,7.377000000000000000e+03,7.361000000000000000e+03
5.400000000000000000e+03,1.060922603456479596e+00,5.915100000000000000e+04,1.458600000000000000e+04,8.064000000000000000e+03,7.646000000000000000e+03,7.617000000000000000e+03
5.600000000000000000e+03,1.010383349556617461e+00,6.104300000000000000e+04,1.499700000000000000e+04,8.358000000000000000e+03,7.934000000000000000e+03,7.904000000000000000e+03
5.800000000000000000e+03,9.624076887198962371e-01,6.296100000000000000e+04,1.539200000000000000e+04,8.614000000000000000e+03,8.221000000000000000e+03,8.179000000000000000e+03
6.000000000000000000e+03,9.167799414366353261e-01,6.482100000000000000e+04,1.576800000000000000e+04,8.871000000000000000e+03,8.509000000000000000e+03,8.458000000000000000e+03
6.200000000000000000e+03,8.733086912090772813e-01,6.666400000000000000e+04,1.613300000000000000e+04,9.163000000000000000e+03,8.764000000000000000e+03,8.725000000000000000e+03
6.400000000000000000e+03,8.318234256552861083e-01,6.848600000000000000e+04,1.648300000000000000e+04,9.441000000000000000e+03,9.040000000000000000e+03,9.024000000000000000e+03
6.600000000000000000e+03,7.921717256346287872e-01,7.036900000000000000e+04,1.689600000000000000e+04,9.742000000000000000e+03,9.304000000000000000e+03,9.297000000000000000e+03
6.800000000000000000e+03,7.542169001500946823e-01,7.220700000000000000e+04,1.727600000000000000e+04,1.002800000000000000e+04,9.591000000000000000e+03,9.583000000000000000e+03
7.000000000000000000e+03,7.178359861223473359e-01,7.402100000000000000e+04,1.768400000000000000e+04,1.030900000000000000e+04,9.866000000000000000e+03,9.872000000000000000e+03
7.200000000000000000e+03,6.829180485688013391e-01,7.584300000000000000e+04,1.810100000000000000e+04,1.059900000000000000e+04,1.016700000000000000e+04,1.012100000000000000e+04
7.400000000000000000e+03,6.493627294813217876e-01,7.773400000000000000e+04,1.846600000000000000e+04,1.085400000000000000e+04,1.044300000000000000e+04,1.040000000000000000e+04
7.600000000000000000e+03,6.170790036731979011e-01,7.955500000000000000e+04,1.883700000000000000e+04,1.114100000000000000e+04,1.073100000000000000e+04,1.068800000000000000e+04
7.800000000000000000e+03,5.859841077203389315e-01,8.136500000000000000e+04,1.921800000000000000e+04,1.140400000000000000e+04,1.099100000000000000e+04,1.096800000000000000e+04
8.000000000000000000e+03,5.560026143448608682e-01,8.319700000000000000e+04,1.957000000000000000e+04,1.168100000000000000e+04,1.128400000000000000e+04,1.123600000000000000e+04
8.200000000000000000e+03,5.270656295503377553e-01,8.501000000000000000e+04,1.996500000000000000e+04,1.194800000000000000e+04,1.158100000000000000e+04,1.156000000000000000e+04
8.400000000000000000e+03,4.991100937959414008e-01,8.685700000000000000e+04,2.040700000000000000e+04,1.221300000000000000e+04,1.185400000000000000e+04,1.184100000000000000e+04
8.600000000000000000e+03,4.720781717039650438e-01,8.865500000000000000e+04,2.079600000000000000e+04,1.247400000000000000e+04,1.213800000000000000e+04,1.209900000000000000e+04
8.800000000000000000e+03,4.459167173946734231e-01,9.046500000000000000e+04,2.115700000000000000e+04,1.275600000000000000e+04,1.243900000000000000e+04,1.237000000000000000e+04
9.000000000000000000e+03,4.205768046598175047e-01,9.227700000000000000e+04,2.156100000000000000e+04,1.305600000000000000e+04,1.272400000000000000e+04,1.265600000000000000e+04
9.200000000000000000e+03,3.960133129190808177e-01,9.406200000000000000e+04,2.192200000000000000e+04,1.334800000000000000e+04,1.302700000000000000e+04,1.292100000000000000e+04
9.400000000000000000e+03,3.721845613284673338e-01,9.583100000000000000e+04,2.226900000000000000e+04,1.363600000000000000e+04,1.329600000000000000e+04,1.319300000000000000e+04
9.600000000000000000e+03,3.490519845860913239e-01,9.759600000000000000e+04,2.265800000000000000e+04,1.390300000000000000e+04,1.356600000000000000e+04,1.346300000000000000e+04
9.800000000000000000e+03,3.265798449563095396e-01,9.938200000000000000e+04,2.305600000000000000e+04,1.417500000000000000e+04,1.385100000000000000e+04,1.375300000000000000e+04
1.000000000000000000e+04,3.047349758451691759e-01,1.011600000000000000e+05,2.343300000000000000e+04,1.446700000000000000e+04,1.414400000000000000e+04,1.406000000000000000e+04
1.020000000000000000e+04,2.834865529387404770e-01,1.029450000000000000e+05,2.380600000000000000e+04,1.475700000000000000e+04,1.440300000000000000e+04,1.433700000000000000e+04
1.040000000000000000e+04,2.628058894850120453e-01,1.047290000000000000e+05,2.418200000000000000e+04,1.504000000000000000e+04,1.466700000000000000e+04,1.462100000000000000e+04
1.060000000000000000e+04,2.426662527790339752e-01,1.065150000000000000e+05,2.454500000000000000e+04,1.536900000000000000e+04,1.492600000000000000e+04,1.487700000000000000e+04
1.080000000000000000e+04,2.230426993154976945e-01,1.083150000000000000e+05,2.492700000000000000e+04,1.567000000000000000e+04,1.520100000000000000e+04,1.516400000000000000e+04
1.100000000000000000e+04,2.039119264156481481e-01,1.100890000000000000e+05,2.528000000000000000e+04,1.594300000000000000e+04,1.547100000000000000e+04,1.545400000000000000e+04
1.120000000000000000e+04,1.852521384266778703e-01,1.118500000000000000e+05,2.564600000000000000e+04,1.623700000000000000e+04,1.575900000000000000e+04,1.573600000000000000e+04
1.140000000000000000e+04,1.670429258400356609e-01,1.135810000000000000e+05,2.599700000000000000e+04,1.653900000000000000e+04,1.605600000000000000e+04,1.603000000000000000e+04
1.160000000000000000e+04,1.492651558873074880e-01,1.153600000000000000e+05,2.635800000000000000e+04,1.685200000000000000e+04,1.634400000000000000e+04,1.630500000000000000e+04
1.180000000000000000e+04,1.319008733543092227e-01,1.170820000000000000e+05,2.671100000000000000e+04,1.714000000000000000e+04,1.662500000000000000e+04,1.659800000000000000e+04
1.200000000000000000e+04,1.149332105104119428e-01,1.188640000000000000e+05,2.706300000000000000e+04,1.743200000000000000e+04,1.692600000000000000e+04,1.687300000000000000e+04
1.220000000000000000e+04,9.834630518493003848e-02,1.206840000000000000e+05,2.741300000000000000e+04,1.770500000000000000e+04,1.719700000000000000e+04,1.714800000000000000e+04
1.240000000000000000e+04,8.212522613886363843e-02,1.224020000000000000e+05,2.781000000000000000e+04,1.801000000000000000e+04,1.745500000000000000e+04,1.741100000000000000e+04
1.260000000000000000e+04,6.625590498114086735e-02,1.241850000000000000e+05,2.815500000000000000e+04,1.832000000000000000e+04,1.775800000000000000e+04,1.767200000000000000e+04
1.280000000000000000e+04,5.072507396609160502e-02,1.259090000000000000e+05,2.852400000000000000e+04,1.861300000000000000e+04,1.806900000000000000e+04,1.797300000000000000e+04
1.300000000000000000e+04,3.552020908505437724e-02,1.276700000000000000e+05,2.890100000000000000e+04,1.889800000000000000e+04,1.836800000000000000e+04,1.826500000000000000e+04
1.320000000000000000e+04,2.062947793147107411e-02,1.293680000000000000e+05,2.927200000000000000e+04,1.917200000000000000e+04,1.867000000000000000e+04,1.853500000000000000e+04
1.340000000000000000e+04,6.041691876883525936e-03,1.311460000000000000e+05,2.963200000000000000e+04,1.945100000000000000e+04,1.896100000000000000e+04,1.881500000000000000e+04
1.348403621897459016e+04,0.000000000000000000e+00,1.322980000000000000e+05,2.991500000000000000e+04,1.974100000000000000e+04,1.920500000000000000e+04,1.908400000000000000e+04
