elapsed_since_z12_myr,cosmic_age_myr,redshift,shell_index,inner_boundary_pc,outer_boundary_pc,midpoint_pc,shell_mass_msun,density_msun_pc3
0.0,382.2709821586148,11.999999999999998,1,0.0,1.0891252588680769,0.5445626294340384,1200.1578342397986,295.9640057904885
0.0,382.2709821586148,11.999999999999998,2,1.0891252588680769,3.3644443472406094,2.2267848030543433,10168.470616320492,71.78811437668092
0.0,382.2709821586148,11.999999999999998,3,3.3644443472406094,8.11787092674435,5.7411576369924795,53813.64996013038,27.37468760238608
0.0,382.2709821586148,11.999999999999998,4,8.11787092674435,18.048374460160506,13.083122693452427,247050.3477478256,11.598838979437772
0.0,382.2709821586148,11.999999999999998,5,18.048374460160506,38.794440225098874,28.421407342629692,1041559.2088279322,4.9718026778911435
0.0,382.2709821586148,11.999999999999998,6,38.794440225098874,82.13557023676988,60.46500523093438,4004507.003038815,2.0291757142665903
0.0,382.2709821586148,11.999999999999998,7,82.13557023676988,172.68061969203708,127.40809496440349,13451018.56794871,0.7378412626711565
0.0,382.2709821586148,11.999999999999998,8,172.68061969203708,361.8405695744951,267.26059463326607,37069626.27385552,0.22139212427711055
0.0,382.2709821586148,11.999999999999998,9,361.8405695744951,757.0193988401569,559.429984207326,79621439.3663879,0.051599466716689885
0.0,382.2709821586148,11.999999999999998,10,757.0193988401569,1582.5974728289673,1169.808435834562,132709686.77845904,0.009288267459428354
200.0,582.2709821586147,8.818137842605395,1,0.0,1.318063626227703,0.6590318131138515,2163.741420997771,300.89268373967934
200.0,582.2709821586147,8.818137842605395,2,1.318063626227703,4.373418975239929,2.845741300733816,21574.24848600207,69.41893532206073
200.0,582.2709821586147,8.818137842605395,3,4.373418975239929,11.455927074985416,7.9146730251126725,137819.7874234958,24.74229248382485
200.0,582.2709821586147,8.818137842605395,4,11.455927074985416,27.87363148346853,19.664779279226973,777163.7057948286,9.759724954175546
200.0,582.2709821586147,8.818137842605395,5,27.87363148346853,65.93091489893142,46.902273191199974,4095139.6804839224,3.9083261460724006
200.0,582.2709821586147,8.818137842605395,6,65.93091489893142,154.15011929735473,110.04051709814308,20018383.422548033,1.5034660018625925
200.0,582.2709821586147,8.818137842605395,7,154.15011929735473,358.6478481480868,256.39898372272074,86309977.21136859,0.5182092857595715
200.0,582.2709821586147,8.818137842605395,8,358.6478481480868,832.686595043145,595.6672215956158,300750914.66875464,0.14490579524453062
200.0,582.2709821586147,8.818137842605395,9,832.686595043145,1931.5385716431388,1382.112583343142,774765136.8500957,0.029715594794959627
200.0,582.2709821586147,8.818137842605395,10,1931.5385716431388,4478.747369207999,3205.142970425569,1436104652.6157346,0.004335999818924588
400.0,782.2709821586147,7.061767106048846,1,0.0,1.464432687869674,0.732216343934837,2753.535533948571,279.1468203615769
400.0,782.2709821586147,7.061767106048846,2,1.464432687869674,5.073428473040545,3.26893058045511,30220.24057997773,62.377229062917294
400.0,782.2709821586147,7.061767106048846,3,5.073428473040545,13.96755565639952,9.520492064720033,215558.27985360718,21.291873167775993
400.0,782.2709821586147,7.061767106048846,4,13.96755565639952,35.88653341713961,24.927044536769564,1369809.48079807,8.015473546982854
400.0,782.2709821586147,7.061767106048846,5,35.88653341713961,89.90437869539592,62.89545605626776,8207666.514012894,3.066982518780439
400.0,782.2709821586147,7.061767106048846,6,89.90437869539592,223.0277223274173,156.46605051140662,46072447.43761915,1.1334114822688763
400.0,782.2709821586147,7.061767106048846,7,223.0277223274173,551.101241892678,387.06448211004766,229914608.10502774,0.3776359894620968
400.0,782.2709821586147,7.061767106048846,8,551.101241892678,1359.6163475337573,955.3587947132177,923208474.3929085,0.10161783711871199
400.0,782.2709821586147,7.061767106048846,9,1359.6163475337573,3352.147402512036,2355.8818750228966,2662091351.7363405,0.019438330846389646
400.0,782.2709821586147,7.061767106048846,10,3352.147402512036,8262.606065995953,5807.376734253994,5267423990.103551,0.0025118186454237915
600.0,982.2709821586147,5.924220571218936,1,0.0,1.5697611813302066,0.7848805906651033,3078.054662322012,253.3359033392309
600.0,982.2709821586147,5.924220571218936,2,1.5697611813302066,5.603672529071619,3.5867168552009128,36080.32883180783,55.34042993637036
600.0,982.2709821586147,5.924220571218936,3,5.603672529071619,15.969861319424911,10.786766924248266,277513.6743394645,18.318779454467318
600.0,982.2709821586147,5.924220571218936,4,15.969861319424911,42.60849087121515,29.28917609532003,1912866.257850594,6.669373733429821
600.0,982.2709821586147,5.924220571218936,5,42.60849087121515,111.06340701724136,76.83594894422825,12501462.315421449,2.468996401645781
600.0,982.2709821586147,5.924220571218936,6,111.06340701724136,286.97619320051376,199.01980010887758,77023977.11650884,0.8858535074396305
600.0,982.2709821586147,5.924220571218936,7,286.97619320051376,739.0300424339283,513.003117817221,424362277.057618,0.287958428531341
600.0,982.2709821586147,5.924220571218936,8,739.0300424339283,1900.7004760648551,1319.8652592493918,1878578061.502853,0.07550817111512585
600.0,982.2709821586147,5.924220571218936,9,1900.7004760648551,4885.91606190864,3393.3082689867474,5859935503.63118,0.013796288921219455
600.0,982.2709821586147,5.924220571218936,10,4885.91606190864,12557.2071923119,8721.56162711027,12130522918.748447,0.0016411730027535596
800.0,1182.2709821586147,5.116993442812118,1,0.0,1.6509809104550177,0.8254904552275089,3241.6623243576887,229.32259363292846
800.0,1182.2709821586147,5.116993442812118,2,1.6509809104550177,6.027699787596914,3.839340349025966,39910.52965721816,49.23782531851067
800.0,1182.2709821586147,5.116993442812118,3,6.027699787596914,17.630297981328198,11.828998884462557,324699.9389958023,15.922448164951817
800.0,1182.2709821586147,5.116993442812118,4,17.630297981328198,48.38856430458971,33.00943114295895,2377260.216842927,5.650653056697121
800.0,1182.2709821586147,5.116993442812118,5,48.38856430458971,129.9281411662474,89.15835273541856,16565343.487202562,2.0393075478647416
800.0,1182.2709821586147,5.116993442812118,6,129.9281411662474,346.08800287308156,238.0080720196645,109297145.62478031,0.7150167526760289
800.0,1182.2709821586147,5.116993442812118,7,346.08800287308156,919.1236698644956,632.6058363687886,647692338.7431065,0.2279806383342466
800.0,1182.2709821586147,5.116993442812118,8,919.1236698644956,2438.2302840685925,1678.676976966544,3082459192.224576,0.058628051588675525
800.0,1182.2709821586147,5.116993442812118,9,2438.2302840685925,6465.352919269608,4451.7916016691,10196587978.53861,0.010356150031601974
800.0,1182.2709821586147,5.116993442812118,10,6465.352919269608,17141.178149248804,11803.265534259206,21823263620.47882,0.0011580263661809588
1000.0,1382.2709821586147,4.5090800890203395,1,0.0,1.7165150124002997,0.8582575062001498,3310.9304933218536,208.40233218409568
1000.0,1382.2709821586147,4.5090800890203395,2,1.7165150124002997,6.379453812596201,4.04798441249825,42369.56906576,44.134420328316885
1000.0,1382.2709821586147,4.5090800890203395,3,6.379453812596201,19.046397065232203,12.712925438914201,360255.5554604411,14.008876536405317
1000.0,1382.2709821586147,4.5090800890203395,4,19.046397065232203,53.4563385722406,36.2513678187364,2765284.0196577385,4.871027038875785
1000.0,1382.2709821586147,4.5090800890203395,5,53.4563385722406,146.93146125184506,100.19389991204284,20258639.526029617,1.722348562279085
1000.0,1382.2709821586147,4.5090800890203395,6,146.93146125184506,400.8580352969502,273.89474827439767,140980128.1241357,0.5926877793039038
1000.0,1382.2709821586147,4.5090800890203395,7,400.8580352969502,1090.6533857378545,745.7557105174023,884124041.8694015,0.18600711245480345
1000.0,1382.2709821586147,4.5090800890203395,8,1090.6533857378545,2964.492810694499,2027.5730982161767,4451872317.403685,0.04708719363021231
1000.0,1382.2709821586147,4.5090800890203395,9,2964.492810694499,8054.805739416773,5509.649275055635,15416139160.559834,0.008097552146110309
1000.0,1382.2709821586147,4.5090800890203395,10,8054.805739416773,21882.717228106136,14968.761483761455,33848953605.56855,0.0008619682200177615
1200.0,1582.2709821586147,4.031684754346037,1,0.0,1.771110885321871,0.8855554426609356,3325.8073696863758,190.5673513440664
1200.0,1582.2709821586147,4.031684754346037,2,1.771110885321871,6.679055538749363,4.225083212035617,43924.93889398448,39.90185252548629
1200.0,1582.2709821586147,4.031684754346037,3,6.679055538749363,20.279514392419568,13.479284965584466,387171.2820047028,12.472531416839185
1200.0,1582.2709821586147,4.031684754346037,4,20.279514392419568,57.96789396719728,39.12370417980842,3088542.8358213725,4.264281585640391
1200.0,1582.2709821586147,4.031684754346037,5,57.96789396719728,162.4065728570063,110.18723341210179,23565479.47371697,1.482441506688833
1200.0,1582.2709821586147,4.031684754346037,6,162.4065728570063,451.8177327771916,307.11215281709894,171213154.4310004,0.5021998807474426
1200.0,1582.2709821586147,4.031684754346037,7,451.8177327771916,1253.808148365645,852.8129405714183,1123908336.3889887,0.15550447327961392
1200.0,1582.2709821586147,4.031684754346037,8,1253.808148365645,3476.2125189266208,2365.010333646133,5922471614.500959,0.03884255824635351
1200.0,1582.2709821586147,4.031684754346037,9,3476.2125189266208,9634.741461775044,6555.476990350832,21274959258.705326,0.006531389604672285
1200.0,1582.2709821586147,4.031684754346037,10,9634.741461775044,26700.708052872105,18167.724757323573,47658248167.694405,0.0006673269282876605
1400.0,1782.2709821586147,3.6449238826554105,1,0.0,1.8176855021187688,0.9088427510593844,3310.224544838294,175.46283228448672
1400.0,1782.2709821586147,3.6449238826554105,2,1.8176855021187688,6.939351588850299,4.378518545484534,44893.11067397295,36.38813525121835
1400.0,1782.2709821586147,3.6449238826554105,3,6.939351588850299,21.370595868127097,14.154973728488699,407834.8505753543,11.227646229024456
1400.0,1782.2709821586147,3.6449238826554105,4,21.370595868127097,62.03330365137976,41.70194975975343,3359965.1865039947,3.7842490681074485
1400.0,1782.2709821586147,3.6449238826554105,5,62.03330365137976,176.6080258491428,119.32066475026127,26521340.55826419,1.2967344812469959
1400.0,1782.2709821586147,3.6449238826554105,6,176.6080258491428,499.4435594950652,338.025792672104,199720568.24709627,0.4334272213819409
1400.0,1782.2709821586147,3.6449238826554105,7,499.4435594950652,1409.0925622179554,954.2680608565104,1361613351.7704217,0.1326465996850102
1400.0,1782.2709821586147,3.6449238826554105,8,1409.0925622179554,3972.197369207045,2690.6449657125004,7449210689.721632,0.03274397075196893
1400.0,1782.2709821586147,3.6449238826554105,9,3972.197369207045,11194.220624271124,7583.208996739084,27572527867.532856,0.005398859912742593
1400.0,1782.2709821586147,3.6449238826554105,10,11194.220624271124,31543.610846029776,21368.91573515045,62751034592.72239,0.0005324493469127476
1600.0,1982.2709821586147,3.3239485015519055,1,0.0,1.8581487050061436,0.9290743525030718,3278.6349727105385,162.67920635415592
1600.0,1982.2709821586147,3.3239485015519055,2,1.8581487050061436,7.169014019928296,4.51358136246722,45486.02727289358,33.4588587059104
1600.0,1982.2709821586147,3.3239485015519055,3,7.169014019928296,22.348256842235095,14.758635431081697,424045.109302229,10.20907235872698
1600.0,1982.2709821586147,3.3239485015519055,4,22.348256842235095,65.73279005778505,44.04052345001007,3591156.6020780904,3.3988222213974764
1600.0,1982.2709821586147,3.3239485015519055,5,65.73279005778505,189.73223748510526,127.73251377144516,29178721.134013437,1.1502189098729736
1600.0,1982.2709821586147,3.3239485015519055,6,189.73223748510526,544.141097570978,366.93666752804165,226527755.83841237,0.3799712135229234
1600.0,1982.2709821586147,3.3239485015519055,7,544.141097570978,1557.0943220681174,1050.6177098195476,1594585219.6252062,0.11508116207189001
1600.0,1982.2709821586147,3.3239485015519055,8,1557.0943220681174,4452.265268896416,3004.679795482267,9002479424.286016,0.02810414984367047
1600.0,1982.2709821586147,3.3239485015519055,9,4452.265268896416,12727.094361345142,8589.679815120779,34154564891.17535,0.004552267071314611
1600.0,1982.2709821586147,3.3239485015519055,10,12727.094361345142,36377.78641607459,24552.440388709867,78707702631.6752,0.00043508941782064787
1800.0,2182.270982158615,3.0524023971438474,1,0.0,1.893813476294024,0.946906738147012,3271.286778159429,153.31508953453178
1800.0,2182.270982158615,3.0524023971438474,2,1.893813476294024,7.374156435580902,4.633984955937463,46290.57480953571,31.304963200418186
1800.0,2182.270982158615,3.0524023971438474,3,7.374156435580902,23.233246745878347,15.303701590729624,441361.70113205793,9.458746207331869
1800.0,2182.270982158615,3.0524023971438474,4,23.233246745878347,69.12649600758105,46.1798713767297,3828272.34697776,3.1150809936426977
1800.0,2182.270982158615,3.0524023971438474,5,69.12649600758105,201.93299919201715,135.5297475997991,31891400.041273322,1.0425531865286324
1800.0,2182.270982158615,3.0524023971438474,6,201.93299919201715,586.2502478466236,394.09162351932036,254083597.25533605,0.34070683743502705
1800.0,2182.270982158615,3.0524023971438474,7,586.2502478466236,1698.3926811755637,1142.3214645110936,1836396503.8191092,0.10211486135729536
1800.0,2182.270982158615,3.0524023971438474,8,1698.3926811755637,4916.725442301281,3307.5590617384223,10623578396.134659,0.02463164791026772
1800.0,2182.270982158615,3.0524023971438474,9,4916.725442301281,14229.98015764545,9573.352799973365,40989593922.3964,0.003909521419852195
1800.0,2182.270982158615,3.0524023971438474,10,14229.98015764545,41180.80216106723,27705.39115935634,95030675736.43239,0.00036175829818741747
2000.0,2382.270982158615,2.8190424973086947,1,0.0,1.9256181081534343,0.9628090540767171,3242.9865242171895,144.58075577814958
2000.0,2382.270982158615,2.8190424973086947,2,1.9256181081534343,7.55924131475528,4.742429711454357,46698.390382034384,29.332364392305642
2000.0,2382.270982158615,2.8190424973086947,3,7.55924131475528,24.04107138250304,15.80015634862916,454177.2355812113,8.786211705259586
2000.0,2382.270982158615,2.8190424973086947,4,24.04107138250304,72.2606118842137,48.15084163335837,4023436.627982062,2.865994639148423
2000.0,2382.270982158615,2.8190424973086947,5,72.2606118842137,213.33257274285614,142.79659231353492,34263443.56546036,0.9498303968176722
2000.0,2382.270982158615,2.8190424973086947,6,213.33257274285614,626.0552559836127,419.6939143632344,279301565.70493066,0.307475403686952
2000.0,2382.270982158615,2.8190424973086947,7,626.0552559836127,1833.5242117184448,1229.7897338510288,2066558939.7649765,0.09132361136575745
2000.0,2382.270982158615,2.8190424973086947,8,1833.5242117184448,5366.117253649393,3599.8207326839192,12220042426.380003,0.021799570965586615
2000.0,2382.270982158615,2.8190424973086947,9,5366.117253649393,15701.13542585937,10533.62633975438,47884400749.16286,0.003400812188318598
2000.0,2382.270982158615,2.8190424973086947,10,15701.13542585937,45937.45173857172,30819.293582215545,111670928548.41522,0.0003060102486013036
2200.0,2582.270982158615,2.6158642395032183,1,0.0,1.9542545895698993,0.9771272947849496,3221.2230859779775,137.38888614339942
2200.0,2582.270982158615,2.6158642395032183,2,1.9542545895698993,7.727620179994814,4.8409373847823565,47113.23464833501,27.71325127803143
2200.0,2582.270982158615,2.6158642395032183,3,7.727620179994814,24.783611972772533,16.255616076383674,466394.54744940245,8.237012525091357
2200.0,2582.270982158615,2.6158642395032183,4,24.783611972772533,75.17135400625271,49.97748298951262,4210021.363731945,2.6638563506522197
2200.0,2582.270982158615,2.6158642395032183,5,75.17135400625271,224.02957216672544,149.60046308648907,36560013.623587914,0.8750713709942927
2200.0,2582.270982158615,2.6158642395032183,6,224.02957216672544,663.7946463624991,443.91210926461224,304095353.5216984,0.28082764815072114
2200.0,2582.270982158615,2.6158642395032183,7,663.7946463624991,1962.9726351379113,1313.3836407502051,2296257668.426626,0.08269343681066078
2200.0,2582.270982158615,2.6158642395032183,8,1962.9726351379113,5801.075171145871,3882.023903141891,13829781160.013344,0.019533161590657006
2200.0,2582.270982158615,2.6158642395032183,9,5801.075171145871,17139.807203387234,11470.441187266551,54839912289.47564,0.0029946950663759884
2200.0,2582.270982158615,2.6158642395032183,10,17139.807203387234,50637.30834953949,33888.55777646336,128307202409.25269,0.00026228113892924295
2400.0,2782.270982158615,2.4370008141964985,1,0.0,1.980246782476398,0.990123391238199,3206.1467746557655,131.43117654462787
2400.0,2782.270982158615,2.4370008141964985,2,1.980246782476398,7.881870884460923,4.9310588334686605,47555.002719224605,26.37394497854942
2400.0,2782.270982158615,2.4370008141964985,3,7.881870884460923,25.470167125785455,16.676019005123187,478325.27104259544,7.78415504903319
2400.0,2782.270982158615,2.4370008141964985,4,25.470167125785455,77.88763040823467,51.67889876701006,4391227.04970305,2.4979104252534143
2400.0,2782.270982158615,2.4370008141964985,5,77.88763040823467,234.10460670132852,155.9961185547816,38807266.520954855,0.813996022120045
2400.0,2782.270982158615,2.4370008141964985,6,234.10460670132852,699.669747667013,466.88717718417075,328633692.30815655,0.2591470531551731
2400.0,2782.270982158615,2.4370008141964985,7,699.669747667013,2087.1687610631643,1393.4192543650886,2526125844.625814,0.0756839341675567
2400.0,2782.270982158615,2.4370008141964985,8,2087.1687610631643,6222.258231426231,4154.713496244698,15450517480.07273,0.01768987332964805
2400.0,2782.270982158615,2.4370008141964985,9,6222.258231426231,18545.84532072776,12384.051776076994,61815284748.923615,0.002664986834263008
2400.0,2782.270982158615,2.4370008141964985,10,18545.84532072776,55273.17609218637,36909.51070645706,144782532537.84537,0.0002273561219052403
2600.0,2982.270982158615,2.2780459209465995,1,0.0,2.004000119101907,1.0020000595509535,3197.0590191987962,126.45305926082884
2600.0,2982.270982158615,2.2780459209465995,2,2.004000119101907,8.02401671556427,5.0140084173330886,48027.361189216615,25.255171359645136
2600.0,2982.270982158615,2.2780459209465995,3,8.02401671556427,26.108147288332653,17.066082001948462,490102.74036350107,7.406548111041215
2600.0,2982.270982158615,2.2780459209465995,4,26.108147288332653,80.43287768278337,53.270512485558015,4568668.868774105,2.359971823702292
2600.0,2982.270982158615,2.2780459209465995,5,80.43287768278337,243.6243742578921,162.02862597033774,41019063.564940326,0.7634186388558303
2600.0,2982.270982158615,2.2780459209465995,6,243.6243742578921,733.8516494059369,488.7380118319145,353003672.54791844,0.2412511530182223
2600.0,2982.270982158615,2.2780459209465995,7,733.8516494059369,2206.4944423376674,1470.173045871802,2756403794.91373,0.06990480552308267
2600.0,2982.270982158615,2.2780459209465995,8,2206.4944423376674,6630.313567699159,4418.404005018413,17079532103.413525,0.016167908374511875
2600.0,2982.270982158615,2.2780459209465995,9,6630.313567699159,19919.46674717035,13274.890157434755,68778223958.51962,0.002393304627863901
2600.0,2982.270982158615,2.2780459209465995,10,19919.46674717035,59840.08448106527,39879.77561411781,160985897586.58887,0.00019903515924131167
2800.0,3182.270982158615,2.1356205077248855,1,0.0,2.025834356910857,1.0129171784554285,3192.8619991405567,122.24734239653897
2800.0,3182.270982158615,2.1356205077248855,2,2.025834356910857,8.155673555462139,5.090753956186498,48524.74920908852,24.309625747289015
2800.0,3182.270982158615,2.1356205077248855,3,8.155673555462139,26.703551604777505,17.429612580119823,501747.728139653,7.087737271629963
2800.0,3182.270982158615,2.1356205077248855,4,26.703551604777505,82.82635825418872,54.76495492948311,4742877.765868011,2.2437880693454866
2800.0,3182.270982158615,2.1356205077248855,5,82.82635825418872,252.64467482024207,167.7355165372154,43200162.65473601,0.720949301197376
2800.0,3182.270982158615,2.1356205077248855,6,252.64467482024207,766.4867715185702,509.56572316940617,377225808.67216474,0.22626551124374708
2800.0,3182.270982158615,2.1356205077248855,7,766.4867715185702,2321.287841735482,1543.887306627026,2986960151.112772,0.06507041584495481
2800.0,3182.270982158615,2.1356205077248855,8,2321.287841735482,7025.858338159592,4673.573089947537,18713294256.658382,0.014893389551416319
2800.0,3182.270982158615,2.1356205077248855,9,7025.858338159592,21261.10938074881,14143.483859454202,75702161991.59769,0.0021664576489250275
2800.0,3182.270982158615,2.1356205077248855,10,21261.10938074881,64334.621064666346,42797.86522270758,176842642435.7087,0.00017576858100781177
3000.0,3382.270982158615,2.0070862583058586,1,0.0,2.046005840848475,1.0230029204242375,3192.4512949965074,118.65172336387785
3000.0,3382.270982158615,2.0070862583058586,2,2.046005840848475,8.278151582483025,5.16207871166575,49038.82048942608,23.500684669633014
3000.0,3382.270982158615,2.0070862583058586,3,8.278151582483025,27.2613039125208,17.76972774750191,513234.4364164312,6.8151610785679395
3000.0,3382.270982158615,2.0070862583058586,4,27.2613039125208,85.08409678753226,56.17270035002653,4913874.524796512,2.1446499737306635
3000.0,3382.270982158615,2.0070862583058586,5,85.08409678753226,261.21266161898853,173.1483792032604,45350723.60069195,0.684809209836071
3000.0,3382.270982158615,2.0070862583058586,6,261.21266161898853,797.7012988358633,529.4569802274259,401285357.84257674,0.2135453125844494
3000.0,3382.270982158615,2.0070862583058586,7,797.7012988358633,2431.848821347304,1614.7750600915836,3217462232.7878075,0.060971351660209325
3000.0,3382.270982158615,2.0070862583058586,8,2431.848821347304,7409.471719725223,4920.660270536264,20347936216.45863,0.013812277295841105
3000.0,3382.270982158615,2.0070862583058586,9,7409.471719725223,22571.340141725457,14990.405930725341,82565326726.02658,0.0019748147871711088
3000.0,3382.270982158615,2.0070862583058586,10,22571.340141725457,68754.4799133142,45662.91002751983,192304895988.26996,0.0001564361287178907
3200.0,3582.270982158615,1.8903506461435988,1,0.0,2.064723040228666,1.032361520114333,3194.9120214142486,115.54290512735301
3200.0,3582.270982158615,1.8903506461435988,2,2.064723040228666,8.392527313308438,5.228625176768552,49562.05230609783,22.800680237232072
3200.0,3582.270982158615,1.8903506461435988,3,8.392527313308438,27.785494863073414,18.089011088190926,524530.9214561821,6.579396338601288
3200.0,3582.270982158615,1.8903506461435988,4,27.785494863073414,87.21956933124501,57.50253209715921,5081551.0543995015,2.0590500814239627
3200.0,3582.270982158615,1.8903506461435988,5,87.21956933124501,269.3685467285168,178.2940580298809,47469566.10333946,0.6536820771451777
3200.0,3582.270982158615,1.8903506461435988,6,269.3685467285168,827.6047145120258,548.4866306202713,425157367.6067955,0.2026156883664061
3200.0,3582.270982158615,1.8903506461435988,7,827.6047145120258,2538.4439598071012,1683.0243371595634,3447531641.3263516,0.057453633414882965
3200.0,3582.270982158615,1.8903506461435988,8,2538.4439598071012,7781.692412990346,5160.068186398724,21979798421.802025,0.012884709385432654
3200.0,3582.270982158615,1.8903506461435988,9,7781.692412990346,23850.796753104343,15816.244583047344,89350370611.95306,0.0018112299476957837
3200.0,3582.270982158615,1.8903506461435988,10,23850.796753104343,73098.15106009015,48474.473906597246,207343685071.98102,0.00014021003000337594
3400.0,3782.270982158615,1.7837309629977587,1,0.0,2.0821576450030266,1.0410788225015133,3199.502715572056,112.82645757916175
3400.0,3782.270982158615,1.7837309629977587,2,2.0821576450030266,8.499695748650604,5.290926696826816,50088.05017189103,22.18850892781536
3400.0,3782.270982158615,1.7837309629977587,3,8.499695748650604,28.279559876906198,18.3896278127784,535605.8659575784,6.373293725940668
3400.0,3782.270982158615,1.7837309629977587,4,28.279559876906198,89.24421931693036,58.76188959691828,5245749.111657768,1.9843420360495476
3400.0,3782.270982158615,1.7837309629977587,5,89.24421931693036,277.14691048500663,183.1955649009685,49554889.60891085,0.6265798471269796
3400.0,3782.270982158615,1.7837309629977587,6,277.14691048500663,856.2926265853353,566.7197685351709,448812188.5996137,0.19312152323868656
3400.0,3782.270982158615,1.7837309629977587,7,856.2926265853353,2641.311023034715,1748.8018248100252,3676775678.608116,0.05440221749488981
3400.0,3782.270982158615,1.7837309629977587,8,2641.311023034715,8143.019120122227,5392.165071578471,23605485751.29674,0.012080794181751812
3400.0,3782.270982158615,1.7837309629977587,9,8143.019120122227,25100.150792135533,16621.58495612888,96043578594.34546,0.0016703099231685648
3400.0,3782.270982158615,1.7837309629977587,10,25100.150792135533,77364.70381235427,51232.427302244905,221943890642.70108,0.00012646795308658807
3600.0,3982.270982158615,1.685857395791012,1,0.0,2.098452652888661,1.0492263264443304,3205.522070365701,110.4256873462887
3600.0,3982.270982158615,1.685857395791012,2,2.098452652888661,8.600408842192781,5.349430747540721,50609.86081839135,21.647181546163026
3600.0,3982.270982158615,1.685857395791012,3,8.600408842192781,28.746412245907973,18.673410544050377,546413.2067290533,6.1911582899374515
3600.0,3982.270982158615,1.685857395791012,4,28.746412245907973,91.16784993725332,59.95713109158065,5406121.247146178,1.9184392939779569
3600.0,3982.270982158615,1.685857395791012,5,91.16784993725332,284.5777191491265,187.8727845431899,51602983.93626715,0.6027305676993603
3600.0,3982.270982158615,1.685857395791012,6,284.5777191491265,883.8490415035037,584.2133803263151,472203856.4731424,0.18478744539731148
3600.0,3982.270982158615,1.685857395791012,7,883.8490415035037,2740.662860052519,1812.2559507780115,3904697624.1980233,0.05172836822807412
3600.0,3982.270982158615,1.685857395791012,8,2740.662860052519,8493.912562056048,5617.287711054283,25221397420.47602,0.01137753897542929
3600.0,3982.270982158615,1.685857395791012,9,8493.912562056048,26320.084363959788,17406.99846300792,102633521916.01009,0.001547910884971331
3600.0,3982.270982158615,1.685857395791012,10,26320.084363959788,81553.63367441738,53936.85901918858,236101792805.40637,0.00011473562835037948
3800.0,4182.270982158615,1.5956025948026196,1,0.0,2.113728370194514,1.056864185097257,3212.2163388082076,108.27439020922954
3800.0,4182.270982158615,1.5956025948026196,2,2.113728370194514,8.695304363354186,5.4045163667743505,51118.740224438036,21.162233229265816
3800.0,4182.270982158615,1.5956025948026196,3,8.695304363354186,29.188544253846587,18.941924308600385,556880.0882248797,6.028219542672321
3800.0,4182.270982158615,1.5956025948026196,4,29.188544253846587,92.99892669807471,61.09373547596065,5562013.0437651975,1.8596208724517411
3800.0,4182.270982158615,1.5956025948026196,5,92.99892669807471,291.68712482762976,192.34302576285222,53607056.74624355,0.5815062270056672
3800.0,4182.270982158615,1.5956025948026196,6,291.68712482762976,910.3482041664537,601.0176644970418,495258890.4896493,0.1773920681114963
3800.0,4182.270982158615,1.5956025948026196,7,910.3482041664537,2836.6907584389087,1873.5194813026812,4130606910.9775386,0.0493614873882799
3800.0,4182.270982158615,1.5956025948026196,8,2836.6907584389087,8834.798220390025,5835.744489414466,26823262166.562027,0.010756832434288712
3800.0,4182.270982158615,1.5956025948026196,9,8834.798220390025,27511.275592142636,18173.03690626633,109109893215.96371,0.001440797597612232
3800.0,4182.270982158615,1.5956025948026196,10,27511.275592142636,85664.75303986452,56588.01431600358,249823470154.20493,0.0001046471394846315
4000.0,4382.270982158615,1.512029606476399,1,0.0,2.128086936473457,1.0640434682367286,3218.798531248839,106.31483117141062
4000.0,4382.270982158615,1.512029606476399,2,2.128086936473457,8.784927882135898,5.4565074093046775,51604.59447365613,20.721214532629993
4000.0,4382.270982158615,1.512029606476399,3,8.784927882135898,29.608105082444172,19.196516482290036,566912.161738056,5.880435628283413
4000.0,4382.270982158615,1.512029606476399,4,29.608105082444172,94.7448136586005,62.17645937052234,5712511.995063524,1.8064504553826226
4000.0,4382.270982158615,1.512029606476399,5,94.7448136586005,298.4981008405535,196.621457249577,55557604.500219814,0.5623897220164447
4000.0,4382.270982158615,1.512029606476399,6,298.4981008405535,935.8560967379449,617.1770987892492,517878480.2290665,0.1707552441634982
4000.0,4382.270982158615,1.512029606476399,7,935.8560967379449,2929.5673175614793,1932.711707149712,4353626734.003716,0.04724474271959054
4000.0,4382.270982158615,1.512029606476399,8,2929.5673175614793,9166.069342520135,6047.818330040807,28406128689.89753,0.010204246481664327
4000.0,4382.270982158615,1.512029606476399,9,9166.069342520135,28674.38985608354,18920.229599301838,115463125321.73192,0.0013464141983304068
4000.0,4382.270982158615,1.512029606476399,10,28674.38985608354,89698.11240709835,59186.25113159094,263122638767.07596,9.591647067796827e-05
4200.0,4582.270982158615,1.434352785080355,1,0.0,2.141615785540437,1.0708078927702185,3224.567331736081,104.49960012238118
4200.0,4582.270982158615,1.434352785080355,2,2.141615785540437,8.869749743956858,5.505682764748647,52058.01268475869,20.313966663024015
4200.0,4582.270982158615,1.434352785080355,3,8.869749743956858,30.006961594948546,19.4383556694527,576416.5743823558,5.744533220762977
4200.0,4582.270982158615,1.434352785080355,4,30.006961594948546,96.41196000833646,63.20946080164251,5856678.25863322,1.7577732960141432
4200.0,4582.270982158615,1.434352785080355,5,96.41196000833646,305.03095126262355,200.72145563548,57444581.55458728,0.5449680111762928
4200.0,4582.270982158615,1.434352785080355,6,305.03095126262355,960.431667350614,632.7313093066188,539957251.2080755,0.16473383714887482
4200.0,4582.270982158615,1.434352785080355,7,960.431667350614,3019.448902867151,1989.9402851088826,4572828275.4079,0.0453331337064969
4200.0,4582.270982158615,1.434352785080355,8,3019.448902867151,9488.089952665743,6253.769427766447,29964952116.642616,0.009708355589491234
4200.0,4582.270982158615,1.434352785080355,9,9488.089952665743,29810.074785707875,19649.08236918681,121684926805.83937,0.0012627271144710671
4200.0,4582.270982158615,1.434352785080355,10,29810.074785707875,93653.94313070626,61732.008958207065,276017434349.75745,8.831683667089145e-05
4400.0,4782.270982158615,1.3619080373662915,1,0.0,2.1543903274686667,1.0771951637343333,3229.023458482182,102.79348981926387
4400.0,4782.270982158615,1.3619080373662915,2,2.1543903274686667,8.950178338027884,5.552284332748275,52472.31027466506,19.932913274506134
4400.0,4782.270982158615,1.3619080373662915,3,8.950178338027884,30.386746306063404,19.668462322045645,585325.9479299547,5.618058403063027
4400.0,4782.270982158615,1.3619080373662915,4,30.386746306063404,98.00604895855933,64.19639763231137,5993796.407026904,1.7127193489418555
4400.0,4782.270982158615,1.3619080373662915,5,98.00604895855933,311.3037231957688,204.65488607716406,59259889.80129489,0.5289283973383976
4400.0,4782.270982158615,1.3619080373662915,6,311.3037231957688,984.1278436811847,647.7157834384767,561405984.1629902,0.1592188934962511
4400.0,4782.270982158615,1.3619080373662915,7,984.1278436811847,3106.4777414279934,2045.302792554589,4787401208.234319,0.04359210226271125
4400.0,4782.270982158615,1.3619080373662915,8,3106.4777414279934,9801.197730384647,6453.83773590632,31495361527.293247,0.009260230961617691
4400.0,4782.270982158615,1.3619080373662915,9,9801.197730384647,30918.95770866067,20360.07771952266,127769088284.63678,0.0011881093931155576
4400.0,4782.270982158615,1.3619080373662915,10,30918.95770866067,97532.61552193935,64225.786615300014,288527159381.5233,8.166594768695774e-05
4600.0,4982.270982158615,1.2941298845524725,1,0.0,2.166476051513424,1.083238025756712,3231.915953712877,101.17325161908148
4600.0,4982.270982158615,1.2941298845524725,2,2.166476051513424,9.026570584808045,5.596523318160735,52844.46966743303,19.572950816333783
4600.0,4982.270982158615,1.2941298845524725,3,9.026570584808045,30.7488956356036,19.887733110205822,593610.7272216671,5.499319506227532
4600.0,4982.270982158615,1.2941298845524725,4,30.7488956356036,99.53211769213794,65.14050666387077,6123517.209674783,1.670675810692488
4600.0,4982.270982158615,1.2941298845524725,5,99.53211769213794,317.3325430800836,208.43233038611078,60998891.76522375,0.5140464019521612
4600.0,4982.270982158615,1.2941298845524725,6,317.3325430800836,1006.9923740804494,662.1624585802665,582166359.2358191,0.15413074466997315
4600.0,4982.270982158615,1.2941298845524725,7,1006.9923740804494,3190.7837126339045,2098.888043357177,4996769779.95862,0.04199579065836901
4600.0,4982.270982158615,1.2941298845524725,8,3190.7837126339045,10105.706687665874,6648.24520014989,32994184644.439598,0.008852950858958509
4600.0,4982.270982158615,1.2941298845524725,9,10105.706687665874,32001.644686164535,21053.675686915205,133711949619.92514,0.0011212502168747051
4600.0,4982.270982158615,1.2941298845524725,10,32001.644686164535,101334.60798383327,66668.1263349989,300670024451.4954,7.581566054891458e-05
4800.0,5182.270982158615,1.2305335754679194,1,0.0,2.1779301927643253,1.0889650963821627,3233.2172976771085,99.6254088672206
4800.0,5182.270982158615,1.2305335754679194,2,2.1779301927643253,9.099240310083102,5.638585251423714,53174.90722135975,19.230976224879186
4800.0,5182.270982158615,1.2305335754679194,3,9.099240310083102,31.09468070539564,20.09696050773937,601278.404134038,5.387233963204705
4800.0,5182.270982158615,1.2305335754679194,4,31.09468070539564,100.99465484080744,66.04466777310154,6245866.598346232,1.6312329552787406
4800.0,5182.270982158615,1.2305335754679194,5,100.99465484080744,323.131893119178,212.06327397999274,62660649.4927817,0.5001664281783869
4800.0,5182.270982158615,1.2305335754679194,6,323.131893119178,1029.0685295812953,676.1002113502366,602214378.0936648,0.14941237026992216
4800.0,5182.270982158615,1.2305335754679194,7,1029.0685295812953,3272.4858807727505,2150.777205177023,5200625432.376179,0.04052501436258532
4800.0,5182.270982158615,1.2305335754679194,8,3272.4858807727505,10401.909616095445,6837.197748434098,34459589713.7418,0.008481126460713693
4800.0,5182.270982158615,1.2305335754679194,9,10401.909616095445,33058.72056158805,21730.315088841748,139512352704.78995,0.0010610833013250007
4800.0,5182.270982158615,1.2305335754679194,10,33058.72056158805,105060.48413702224,69059.60234930515,312462149619.89404,7.064462564599475e-05
5000.0,5382.270982158615,1.1707009912130686,1,0.0,2.188803066051206,1.094401533025603,3233.058757889403,98.14324179589411
5000.0,5382.270982158615,1.1707009912130686,2,2.188803066051206,9.168464994057572,5.678634030054389,53466.541826189925,18.905269270208205
5000.0,5382.270982158615,1.1707009912130686,3,9.168464994057572,31.42523235008514,20.296848672071356,608364.4246036486,5.28114059565451
5000.0,5382.270982158615,1.1707009912130686,4,31.42523235008514,102.39768033537426,66.9114563427297,6361165.170698898,1.5941218734587477
5000.0,5382.270982158615,1.1707009912130686,5,102.39768033537426,328.7148400760239,215.5562602056991,64247253.08186385,0.48718082924528655
5000.0,5382.270982158615,1.1707009912130686,6,328.7148400760239,1050.395692957008,689.5552665165159,621555237.8238791,0.14502261473079475
5000.0,5382.270982158615,1.1707009912130686,7,1050.395692957008,3351.693809334335,2201.0447511456714,5398893617.116897,0.0391653203286718
5000.0,5382.270982158615,1.1707009912130686,8,3351.693809334335,10690.080298736242,7020.887054035289,35890922905.54941,0.008140488361919964
5000.0,5382.270982158615,1.1707009912130686,9,10690.080298736242,34090.749636009765,22390.414967373003,145171212622.2373,0.001006731296148514
5000.0,5382.270982158615,1.1707009912130686,10,34090.749636009765,108710.875766358,71400.81270118388,323917531571.25916,6.605288317284567e-05
5200.0,5582.270982158615,1.1142694299146894,1,0.0,2.199139143190562,1.099569571595281,3231.6589617547506,96.7239566266695
5200.0,5582.270982158615,1.1142694299146894,2,2.199139143190562,9.234491257494042,5.716815200342302,53723.696558118034,18.594923539112347
5200.0,5582.270982158615,1.1142694299146894,3,9.234491257494042,31.741561592490775,20.48802642499241,614920.5904790628,5.180630849072494
5200.0,5582.270982158615,1.1142694299146894,4,31.741561592490775,103.74481129972197,67.74318644610638,6469915.838645976,1.5591599057827765
5200.0,5582.270982158615,1.1142694299146894,5,103.74481129972197,334.09322587504954,218.91901858738575,65762780.27947878,0.4750120156336374
5200.0,5582.270982158615,1.1142694299146894,6,334.09322587504954,1071.0098555148672,702.5515406949584,640214369.0012984,0.14093053017529175
5200.0,5582.270982158615,1.1142694299146894,7,1071.0098555148672,3428.5086906636693,2249.7592730892684,5591668955.396487,0.03790541276938731
5200.0,5582.270982158615,1.1142694299146894,8,3428.5086906636693,10970.475494214365,7199.492092439017,37288398037.384155,0.007827564029616783
5200.0,5582.270982158615,1.1142694299146894,9,10970.475494214365,35098.27671209721,23034.376103155788,150690934482.4738,0.0009574637094661242
5200.0,5582.270982158615,1.1142694299146894,10,35098.27671209721,112286.47002734698,73692.3733697221,335048505663.74915,6.195772941229156e-05
5400.0,5782.270982158615,1.0609226033406993,1,0.0,2.208977930201345,1.1044889651006724,3229.234536426196,95.3656375297737
5400.0,5782.270982158615,1.0609226033406993,2,2.208977930201345,9.297539356519309,5.7532586433603266,53950.65223537627,18.299246079226513
5400.0,5782.270982158615,1.0609226033406993,3,9.297539356519309,32.04457653045019,20.67105794348475,620998.8959459122,5.085375487583715
5400.0,5782.270982158615,1.0609226033406993,4,32.04457653045019,105.03931679906408,68.54194666475713,6572637.716295283,1.5261962414556736
5400.0,5782.270982158615,1.0609226033406993,5,105.03931679906408,339.2778273418251,222.1585720704446,67211660.32103561,0.4635951518218614
5400.0,5782.270982158615,1.0609226033406993,6,339.2778273418251,1090.9440380767799,715.1109327093025,658222424.9331177,0.1371100779926679
5400.0,5782.270982158615,1.0609226033406993,7,1090.9440380767799,3503.0243192033245,2296.984178640052,5779100962.613021,0.03673573670295804
5400.0,5782.270982158615,1.0609226033406993,8,3503.0243192033245,11243.336707212275,7373.1805132078,38652554943.13013,0.00753940566859762
5400.0,5782.270982158615,1.0609226033406993,9,11243.336707212275,36081.82833319702,23662.582520204647,156074564479.56735,0.0009126641117371382
5400.0,5782.270982158615,1.0609226033406993,10,36081.82833319702,115787.99978047296,75934.914056835,345866882176.5732,5.8290569442046386e-05
5600.0,5982.270982158615,1.0103833494427494,1,0.0,2.2183546871281936,1.1091773435640968,3226.1198102500125,94.07057679206076
5600.0,5982.270982158615,1.0103833494427494,2,2.2183546871281936,9.357806892160013,5.788080789644104,54153.65964194868,18.01838715925966
5600.0,5982.270982158615,1.0103833494427494,3,9.357806892160013,32.335096359751866,20.84645162595594,626674.734686828,4.99529543192173
5600.0,5982.270982158615,1.0103833494427494,4,32.335096359751866,106.28416361527746,69.30962998751467,6670110.987151573,1.4951614023755784
5600.0,5982.270982158615,1.0103833494427494,5,106.28416361527746,344.278490825856,225.28132722056674,68601146.9752637,0.4528923870039723
5600.0,5982.270982158615,1.0103833494427494,6,344.278490825856,1110.228649313942,727.2535700698991,675638559.5264659,0.13354393593244399
5600.0,5982.270982158615,1.0103833494427494,7,1110.228649313942,3575.327931990658,2342.7782906523,5961574423.051394,0.03564927671538901
5600.0,5982.270982158615,1.0103833494427494,8,3575.327931990658,11508.891762629626,7542.109847310142,39985090318.02838,0.007273653709509726
5600.0,5982.270982158615,1.0103833494427494,9,11508.891762629626,37041.91410259722,24275.402932613422,161326823220.07666,0.0008718146421470239
5600.0,5982.270982158615,1.0103833494427494,10,37041.91410259722,119216.23622698073,78129.07516478898,356381583643.89685,5.4993720502526016e-05
5800.0,6182.270982158615,0.9624076886078359,1,0.0,2.2273010229218664,1.1136505114609332,3222.49594336258,92.83713413614004
5800.0,6182.270982158615,0.9624076886078359,2,2.2273010229218664,9.415471892552526,5.821386457737196,54336.421850487626,17.751772213345742
5800.0,6182.270982158615,0.9624076886078359,3,9.415471892552526,32.61386309304869,21.01466749280061,631994.9643903242,4.910123585006683
5800.0,6182.270982158615,0.9624076886078359,4,32.61386309304869,107.4820547445517,70.04795891880019,6762828.95043654,1.4659350419264454
5800.0,6182.270982158615,0.9624076886078359,5,107.4820547445517,349.1042462457574,228.29315049515455,69935780.96899946,0.4428527038637113
5800.0,6182.270982158615,0.9624076886078359,6,349.1042462457574,1128.8917920382212,738.9980191419893,692498318.4421203,0.1302118764589209
5800.0,6182.270982158615,0.9624076886078359,7,1128.8917920382212,3645.5009362359733,2387.196364137097,6139305182.046866,0.03463870817882024
5800.0,6182.270982158615,0.9624076886078359,8,3645.5009362359733,11767.356201599914,7706.428568917943,41286965503.160515,0.0070280900576454855
5800.0,6182.270982158615,0.9624076886078359,9,11767.356201599914,37979.028007532266,24873.19210456609,166451498000.6641,0.0008344662200193612
5800.0,6182.270982158615,0.9624076886078359,10,37979.028007532266,122571.98323930995,80275.50562342111,366603387321.32666,5.2019246326029064e-05
6000.0,6382.270982158615,0.916779941326284,1,0.0,2.2358453903193762,1.1179226951596881,3218.564054228816,91.66483911007694
6000.0,6382.270982158615,0.916779941326284,2,2.2358453903193762,9.470695390051159,5.853270390185267,54502.9680437074,17.49907805669121
6000.0,6382.270982158615,0.916779941326284,3,9.470695390051159,32.88155141133539,21.17612340069327,637010.6480240405,4.82967449260192
6000.0,6382.270982158615,0.916779941326284,4,32.88155141133539,108.63546195123857,70.75850668128697,6851339.411720123,1.4384259637465355
6000.0,6382.270982158615,0.916779941326284,5,108.63546195123857,353.7634041704507,231.19943306084463,71220796.34762968,0.4334356717275906
6000.0,6382.270982158615,0.916779941326284,6,353.7634041704507,1146.9595260389628,750.3614651047068,708845308.9417686,0.12709741572421446
6000.0,6382.270982158615,0.916779941326284,7,1146.9595260389628,3713.619540606394,2430.2895333226784,6312583166.154945,0.033697924180009
6000.0,6382.270982158615,0.916779941326284,8,3713.619540606394,12018.93451726148,7866.277028933937,42559529024.08126,0.006800827490426852
6000.0,6382.270982158615,0.916779941326284,9,12018.93451726148,38893.64969962132,25456.292108441397,171452916828.31262,0.0008002343834489751
6000.0,6382.270982158615,0.916779941326284,10,38893.64969962132,125856.07293860657,82374.86131911394,376541886092.881,4.932657196631885e-05
6200.0,6582.270982158615,0.8733086911003445,1,0.0,2.24401350007381,1.122006750036905,3214.4942040459787,90.55282929099062
6200.0,6582.270982158615,0.8733086911003445,2,2.24401350007381,9.523623588661131,5.883818544367471,54656.79639148766,17.25992998188057
6200.0,6582.270982158615,0.8733086911003445,3,9.523623588661131,33.1387769913119,21.331200289986516,641767.070999305,4.753758711930182
6200.0,6582.270982158615,0.8733086911003445,4,33.1387769913119,109.746653435825,71.44271521356845,6936137.563255765,1.412545861758608
6200.0,6582.270982158615,0.8733086911003445,5,109.746653435825,358.2636388338118,234.0051461348184,72461017.73712663,0.4246032970938576
6200.0,6582.270982158615,0.8733086911003445,6,358.2636388338118,1164.4560944625266,761.3598666481691,724720635.292911,0.12418538292682421
6200.0,6582.270982158615,0.8733086911003445,7,1164.4560944625266,3779.75530417973,2472.105699321128,6481689133.992775,0.03282140683269792
6200.0,6582.270982158615,0.8733086911003445,8,3779.75530417973,12263.821247234728,8021.788275707229,43804121248.35881,0.006590195046408406
6200.0,6582.270982158615,0.8733086911003445,9,12263.821247234728,39786.24570202155,26025.03347462814,176335385276.6098,0.0007687863775028236
6200.0,6582.270982158615,0.8733086911003445,10,39786.24570202155,129069.36218811155,84427.80394506655,386206421216.79956,4.688131569885646e-05
6400.0,6782.270982158615,0.8318234255480879,1,0.0,2.2518286696750165,1.1259143348375082,3210.42682470277,89.49986263931439
6400.0,6782.270982158615,0.8318234255480879,2,2.2518286696750165,9.574389696920388,5.913109183297703,54800.88988233378,17.033901794599462
6400.0,6782.270982158615,0.8318234255480879,3,9.574389696920388,33.38610358076183,21.48024663884111,646303.7619912449,4.682181695556236
6400.0,6782.270982158615,0.8318234255480879,4,33.38610358076183,110.81771746233605,72.10191052154894,7017663.9737125635,1.388208497859925
6400.0,6782.270982158615,0.8318234255480879,5,110.81771746233605,362.6120594216451,236.71488844199058,73660814.78288406,0.4163195740267648
6400.0,6782.270982158615,0.8318234255480879,6,362.6120594216451,1181.4041194668812,772.0080894442631,740162232.7550111,0.12146170744286815
6400.0,6782.270982158615,0.8318234255480879,7,1181.4041194668812,3843.975614824244,2512.689867145563,6646887862.527805,0.032004137122248595
6400.0,6782.270982158615,0.8318234255480879,8,3843.975614824244,12502.20193848681,8173.088776655528,45022035785.2655,0.006394705343757316
6400.0,6782.270982158615,0.8318234255480879,9,12502.20193848681,40657.27052630769,26579.736232397252,181103113785.30994,0.0007398328706704984
6400.0,6782.270982158615,0.8318234255480879,10,40657.27052630769,132212.72975684996,86435.00014157883,395606113919.0302,4.465419730103022e-05
6600.0,6982.270982158615,0.7921717255288867,1,0.0,2.259312118504749,1.1296560592523746,3206.4760884182597,88.50438673076282
6600.0,6982.270982158615,0.7921717255288867,2,2.259312118504749,9.623115485831915,5.941213802168332,54937.766716556835,16.8205269974604
6600.0,6982.270982158615,0.7921717255288867,3,9.623115485831915,33.62404903924741,21.623582262539664,650654.9441758996,4.614745903630556
6600.0,6982.270982158615,0.7921717255288867,4,33.62404903924741,111.85058262532183,72.73731583228462,7096307.49938757,1.3653299101517886
6600.0,6982.270982158615,0.7921717255288867,5,111.85058262532183,366.81527153103275,239.3329270781773,74824109.99725088,0.4085503734207761
6600.0,6982.270982158615,0.7921717255288867,6,366.81527153103275,1197.8247718722093,782.320021701621,755204733.5793586,0.11891331562190108
6600.0,6982.270982158615,0.7921717255288867,7,1197.8247718722093,3906.3441069267815,2552.0844393994953,6808425642.312407,0.031241537254595476
6600.0,6982.270982158615,0.7921717255288867,8,3906.3441069267815,12734.253998874592,8320.299052900687,46214502012.52177,0.006213029920846215
6600.0,6982.270982158615,0.7921717255288867,9,12734.253998874592,41507.167690768,27120.710844821297,185760179143.0459,0.0007131212667782612
6600.0,6982.270982158615,0.7921717255288867,10,41507.167690768,135287.07397144736,88397.12083110768,404749862749.7999,4.2620158308294915e-05
6800.0,7182.270982158615,0.7542169000457368,1,0.0,2.266483218918711,1.1332416094593556,3202.7335804084446,87.56461565625065
6800.0,7182.270982158615,0.7542169000457368,2,2.266483218918711,9.669912619477545,5.968197919198128,55069.53779819577,16.619311618826874
6800.0,7182.270982158615,0.7542169000457368,3,9.669912619477545,33.85309051885239,21.761501569164967,654850.099789722,4.551253474637032
6800.0,7182.270982158615,0.7542169000457368,4,33.85309051885239,112.84703530728618,73.35006291306928,7172409.766940016,1.3438288388718884
6800.0,7182.270982158615,0.7542169000457368,5,112.84703530728618,370.8794303548963,241.86323283109124,75954406.27388327,0.40126342082090816
6800.0,7182.270982158615,0.7542169000457368,6,370.8794303548963,1213.7379187153183,792.3086745351072,769879550.1304663,0.11652806322272438
6800.0,7182.270982158615,0.7542169000457368,7,1213.7379187153183,3966.921026867829,2590.3294727915736,6966529662.237918,0.030529426592302535
6800.0,7182.270982158615,0.7542169000457368,8,3966.921026867829,12960.147448258464,8463.534237563146,47382677360.18279,0.0060439792159907475
6800.0,7182.270982158615,0.7542169000457368,9,12960.147448258464,42336.37063766735,27648.259042962905,190310503336.27158,0.0006884302207134709
6800.0,7182.270982158615,0.7542169000457368,10,42336.37063766735,138293.31072108218,90314.84067937476,413646331771.8135,4.0757652119418344e-05
7000.0,7382.270982158615,0.7178359860193058,1,0.0,2.2733597108534243,1.1366798554267121,3199.2713708677097,86.67858949271817
7000.0,7382.270982158615,0.7178359860193058,2,2.2733597108534243,9.714883796638414,5.994121753745919,55197.955641555476,16.429743880675176
7000.0,7382.270982158615,0.7178359860193058,3,9.714883796638414,34.07366892639236,21.894276361515388,658914.459777408,4.4915081168307385
7000.0,7382.270982158615,0.7178359860193058,4,34.07366892639236,113.80873477546444,73.9412018509284,7246269.159206878,1.323626965568619
7000.0,7382.270982158615,0.7178359860193058,5,113.80873477546444,374.8102868680617,244.30951082176307,77054812.41728881,0.39442823859217785
7000.0,7382.270982158615,0.7178359860193058,6,374.8102868680617,1229.1622519581806,801.9862694131211,784214965.61833,0.11429466662127699
7000.0,7382.270982158615,0.7178359860193058,7,1229.1622519581806,4025.7635533726266,2627.462902665404,7121407625.8847275,0.02986398158466292
7000.0,7382.270982158615,0.7178359860193058,8,4025.7635533726266,13180.045580742939,8602.904567057783,48527641472.0597,0.005886485336259917
7000.0,7382.270982158615,0.7178359860193058,9,13180.045580742939,43145.30355092654,28162.67456583474,194757838311.52142,0.0006655650863381638
7000.0,7382.270982158615,0.7178359860193058,10,43145.30355092654,141232.37171585482,92188.83763339068,422303946209.8505,3.904806965954875e-05
7200.0,7582.270982158615,0.6829180484670132,1,0.0,2.2799578860798855,1.1399789430399427,3196.1451689060577,85.84423573804021
7200.0,7582.270982158615,0.6829180484670132,2,2.2799578860798855,9.758123734457632,6.019040810268759,55324.46606808601,16.251304377045066
7200.0,7582.270982158615,0.6829180484670132,3,9.758123734457632,34.286192782257494,22.022158258357564,662869.5487375129,4.435317216305458
7200.0,7582.270982158615,0.6829180484670132,4,34.286192782257494,114.73722628590063,74.51170953407906,7318145.673858075,1.3046492531567215
7200.0,7582.270982158615,0.6829180484670132,5,114.73722628590063,378.6132280694519,246.67522717767628,78128080.57638921,0.3880161345076993
7200.0,7582.270982158615,0.6829180484670132,6,378.6132280694519,1244.1154010666407,811.3643145680463,798236364.6746731,0.11220265435913018
7200.0,7582.270982158615,0.6829180484670132,7,1244.1154010666407,4082.926078808047,2663.520739937344,7273248638.499089,0.029241703984727446
7200.0,7582.270982158615,0.6829180484670132,8,4082.926078808047,13394.105548353768,8738.515813580907,49650397019.4212,0.005739587800636238
7200.0,7582.270982158615,0.6829180484670132,9,13394.105548353768,43934.3820781954,28664.24381327458,199105762062.1443,0.0006443541387790015
7200.0,7582.270982158615,0.6829180484670132,10,43934.3820781954,144105.2029253097,94019.79250175256,430730880599.70856,3.74752704176249e-05
7400.0,7782.270982158615,0.6493627293807283,1,0.0,2.286292747067745,1.1431463735338725,3193.3970589679407,85.05941919566864
7400.0,7782.270982158615,0.6493627293807283,2,2.286292747067745,9.799720019430065,6.043006383248905,55450.25389331097,16.083474180471743
7400.0,7782.270982158615,0.6493627293807283,3,9.799720019430065,34.49104157021536,22.145380794822714,666733.677745424,4.382493443941872
7400.0,7782.270982158615,0.6493627293807283,4,34.49104157021536,115.63395249807854,75.06249703414696,7388265.453447931,1.2868241698865521
7400.0,7782.270982158615,0.6493627293807283,5,115.63395249807854,382.2933121562795,248.96363232717903,79176642.78427015,0.382000169992447
7400.0,7782.270982158615,0.6493627293807283,6,382.2933121562795,1258.6140317387546,820.453671947517,811966477.909177,0.11024231911207345
7400.0,7782.270982158615,0.6493627293807283,7,1258.6140317387546,4138.460456607831,2698.5372441732925,7422224355.352628,0.028659392105072123
7400.0,7782.270982158615,0.6493627293807283,8,4138.460456607831,13602.478875324043,8870.469665965937,50751872338.94415,0.005602421209606759
7400.0,7782.270982158615,0.6493627293807283,9,13602.478875324043,44704.01396286673,29153.246419095387,203357679058.46286,0.0006246454081951776
7400.0,7782.270982158615,0.6493627293807283,10,44704.01396286673,146912.7631437311,95808.38855329892,438935049586.43445,3.6025198465509755e-05
7600.0,7982.270982158615,0.6170790035737437,1,0.0,2.2923781445083926,1.1461890722541963,3191.0578401623256,84.32198147220338
7600.0,7982.270982158615,0.6170790035737437,2,2.2923781445083926,9.839753846436528,6.06606599547246,55576.282677310075,15.92574109413282
7600.0,7982.270982158615,0.6170790035737437,3,9.839753846436528,34.68856865585841,22.26416125114747,670522.3818873421,4.332855916033246
7600.0,7982.270982158615,0.6170790035737437,4,34.68856865585841,116.5002634513355,75.59441605359696,7456824.908042631,1.2700838100700167
7600.0,7982.270982158615,0.6170790035737437,5,116.5002634513355,385.8552993611553,251.1777814062454,80202645.36567546,0.3763551100471051
7600.0,7982.270982158615,0.6170790035737437,6,385.8552993611553,1272.6739327039193,829.2646160325373,825425625.15711,0.10840466976933132
7600.0,7982.270982158615,0.6170790035737437,7,1272.6739327039193,4192.4162192644335,2732.5450759841765,7568490250.447607,0.028114114582315778
7600.0,7982.270982158615,0.6170790035737437,8,4192.4162192644335,13805.311911133247,8998.86406519884,51832925140.64896,0.005474204514277221
7600.0,7982.270982158615,0.6170790035737437,9,13805.311911133247,45454.59959248105,29629.95575180715,207516823572.87958,0.0006063040130892363
7600.0,7982.270982158615,0.6170790035737437,10,45454.59959248105,149656.02264380906,97555.31111814505,446924101533.07275,3.468556640239555e-05
7800.0,8182.270982158615,0.5859841076219732,1,0.0,2.2982268968172197,1.1491134484086098,3189.149213152921,83.62977697546052
7800.0,8182.270982158615,0.5859841076219732,2,2.2982268968172197,9.878300662888547,6.088263779852883,55703.332555433335,15.777605346262092
7800.0,8182.270982158615,0.5859841076219732,3,9.878300662888547,34.8791038380036,22.378702250446075,674248.8475912432,4.286231256488131
7800.0,8182.270982158615,0.5859841076219732,4,34.8791038380036,117.33742531220139,76.1082645751025,7523994.893022313,1.2543640103030242
7800.0,8182.270982158615,0.5859841076219732,5,117.33742531220139,389.3036790648016,253.3205521885015,81207985.77621157,0.37105738226627843
7800.0,8182.270982158615,0.5859841076219732,6,389.3036790648016,1286.310092218245,837.8068856415233,838631999.7507335,0.10668139049180538
7800.0,8182.270982158615,0.5859841076219732,7,1286.310092218245,4244.840770698472,2765.5754314583583,7712187330.649061,0.027603187847994794
7800.0,8182.270982158615,0.5859841076219732,8,4244.840770698472,14002.746229520844,9123.793500109658,52894348739.26761,0.005354231836509497
7800.0,8182.270982158615,0.5859841076219732,9,14002.746229520844,46186.53247040843,30094.639349964636,211586267376.8178,0.0005892099103896531
7800.0,8182.270982158615,0.5859841076219732,10,46186.53247040843,152335.96189151966,99261.24718096404,454705409914.1637,3.344559344250574e-05
8000.0,8382.270982158614,0.556002614247536,1,0.0,2.3038508943525624,1.1519254471762812,3187.685573965003,82.9806992387826
8000.0,8382.270982158614,0.556002614247536,2,2.3038508943525624,9.915430732114226,6.109640813233394,55832.03181089096,15.638583552561226
8000.0,8382.270982158614,0.556002614247536,3,9.915430732114226,35.06295558653904,22.489193159326632,677924.2751752237,4.242454235829045
8000.0,8382.270982158614,0.556002614247536,4,35.06295558653904,118.14662806758372,76.60479182706138,7589924.311427199,1.2396043633095235
8000.0,8382.270982158614,0.556002614247536,5,118.14662806758372,392.64269370017865,255.3946608838812,82194344.92803034,0.36608501484782635
8000.0,8382.270982158614,0.556002614247536,6,392.64269370017865,1299.5367656366873,846.0897296684329,851601923.244078,0.10506479773794464
8000.0,8382.270982158614,0.556002614247536,7,1299.5367656366873,4295.779556287155,2797.658160961921,7853443713.743805,0.027124154905863247
8000.0,8382.270982158614,0.556002614247536,8,4295.779556287155,14194.918979875129,9245.349268081141,53936878002.251945,0.005241864345158474
8000.0,8382.270982158614,0.556002614247536,9,14194.918979875129,46900.199617816965,30547.55929884605,215568927892.25043,0.00057325598186418
8000.0,8382.270982158614,0.556002614247536,10,46900.199617816965,154953.57030353267,100926.88496067483,462286068528.15,3.229578784215683e-05
8200.0,8582.270982158614,0.5270656294540079,1,0.0,2.3092611906195972,1.1546305953097986,3186.6753549688683,82.37269640422937
8200.0,8582.270982158614,0.5270656294540079,2,2.3092611906195972,9.951209627741033,6.130235409180315,55962.88094026482,15.50821072633307
8200.0,8582.270982158614,0.5270656294540079,3,9.951209627741033,35.240413011423094,22.59581131958206,681558.1585798373,4.201367925043773
8200.0,8582.270982158614,0.5270656294540079,4,35.240413011423094,118.9289923107279,77.0847026610755,7654742.906396051,1.225748109665304
8200.0,8582.270982158614,0.5270656294540079,5,118.9289923107279,395.876359884008,257.402676097368,83163212.15763523,0.36141754688702854
8200.0,8582.270982158614,0.5270656294540079,6,395.876359884008,1312.3675352385244,854.1219475612662,864350039.389505,0.10354779293222531
8200.0,8582.270982158614,0.5270656294540079,7,1312.3675352385244,4345.276213384562,2828.821874311543,7992375798.8354,0.026674764636522533
8200.0,8582.270982158614,0.5270656294540079,8,4345.276213384562,14381.963196666633,9363.619705025598,54961193668.86224,0.005136522948956739
8200.0,8582.270982158614,0.5270656294540079,9,14381.963196666633,47595.98191283888,30988.972554752756,219467574896.03,0.0005583463974341116
8200.0,8582.270982158614,0.5270656294540079,10,47595.98191283888,157509.84503478065,102552.91347380976,469672893025.53424,3.1227765523930004e-05
8400.0,8782.270982158614,0.4991100937005646,1,0.0,2.314468082347549,1.1572340411737745,3186.1221289504083,81.80378181619211
8400.0,8782.270982158614,0.4991100937005646,2,2.314468082347549,9.985698668900639,6.150083375624094,56096.272830252754,15.386041456727257
8400.0,8782.270982158614,0.4991100937005646,3,9.985698668900639,35.4117476003591,22.69872313462987,685158.5236545388,4.162823665797704
8400.0,8782.270982158614,0.4991100937005646,4,35.4117476003591,119.68557524388527,77.54866142212218,7718563.675191292,1.2127419936938992
8400.0,8782.270982158614,0.4991100937005646,5,119.68557524388527,399.00848714561096,259.3470311947481,84115907.13984872,0.35703593534260325
8400.0,8782.270982158614,0.4991100937005646,6,399.00848714561096,1324.8153633122565,861.9119252289338,876889487.4083593,0.10212381712041034
8400.0,8782.270982158614,0.4991100937005646,7,1324.8153633122565,4393.372704784491,2859.094034048374,8129089336.14357,0.026252952874807837
8400.0,8782.270982158614,0.4991100937005646,8,4393.372704784491,14564.008071947494,9478.690388365992,55967926434.13551,0.005037681859102147
8400.0,8782.270982158614,0.4991100937005646,9,14564.008071947494,48274.25437360431,31419.1312227759,223284837414.59674,0.0005443952146254603
8400.0,8782.270982158614,0.4991100937005646,10,48274.25437360431,160005.78978852043,104140.02208106237,476872424543.8705,3.023409788775771e-05
8600.0,8982.270982158614,0.47207817160950194,1,0.0,2.319481180019368,1.159740590009684,3186.0254458958166,81.27203901677785
8600.0,8982.270982158614,0.47207817160950194,2,2.319481180019368,10.018955304502775,6.1692182422610715,56232.5084004505,15.271650115980274
8600.0,8982.270982158614,0.47207817160950194,3,10.018955304502775,35.57721475677153,22.798085030637154,688732.1155604257,4.126680815767582
8600.0,8982.270982158614,0.47207817160950194,4,35.57721475677153,120.41737600262984,77.99729537970069,7781484.779644068,1.200536069703625
8600.0,8982.270982158614,0.47207817160950194,5,120.41737600262984,402.04269456806486,261.23003528534736,85053597.198648,0.35292245379121573
8600.0,8982.270982158614,0.47207817160950194,6,402.04269456806486,1336.8926393629852,869.467666965525,889232037.2570713,0.1007868058812753
8600.0,8982.270982158614,0.47207817160950194,7,1336.8926393629852,4440.109437251864,2888.5010383074246,8263680243.500684,0.025856824678476983
8600.0,8982.270982158614,0.47207817160950194,8,4440.109437251864,14741.17919536399,9590.644316307928,56957660034.57449,0.004944862848383881
8600.0,8982.270982158614,0.47207817160950194,9,14741.17919536399,48935.38639148382,31838.282793423907,227023209720.6488,0.0005313251742976898
8600.0,8982.270982158614,0.47207817160950194,10,48935.38639148382,162442.4136446864,105688.90001808511,483890936829.09814,2.9308183684052026e-05
8800.0,9182.270982158614,0.44591671730108673,1,0.0,2.3243094701800615,1.1621547350900308,3186.381678711405,80.7756282710884
8800.0,9182.270982158614,0.44591671730108673,2,2.3243094701800615,10.051033453528841,6.1876714618544515,56371.812517382794,15.164631429341616
8800.0,9182.270982158614,0.44591671730108673,3,10.051033453528841,35.737055164842594,22.894044309185716,692284.5926956811,4.0928066259135205
8800.0,9182.270982158614,0.44591671730108673,4,35.737055164842594,121.12534039101361,78.4311977779281,7843591.582426732,1.1890835604115337
8800.0,9182.270982158614,0.44591671730108673,5,121.12534039101361,404.98242561081,263.0538830009118,85977316.62892428,0.3490606118399008
8800.0,9182.270982158614,0.44591671730108673,6,404.98242561081,1348.611222184688,876.7968238977489,901388251.6351097,0.09953115211026031
8800.0,9182.270982158614,0.44591671730108673,7,1348.611222184688,4485.525366969844,2917.068294577266,8396235687.8395195,0.02548463936113545
8800.0,9182.270982158614,0.44591671730108673,8,4485.525366969844,14913.59876562094,9699.562066295392,57930935747.15565,0.004857630332205504
8800.0,9182.270982158614,0.44591671730108673,9,14913.59876562094,49579.74192048958,32246.67034305526,230685059361.28317,0.0005190666677905712
8800.0,9182.270982158614,0.44591671730108673,10,49579.74192048958,164820.7299048369,107200.23591266324,490734440411.55865,2.8444140267774057e-05
9000.0,9382.270982158614,0.42057680456707214,1,0.0,2.328961370641938,1.164480685320969,3187.1846662022526,80.31278905955052
9000.0,9382.270982158614,0.42057680456707214,2,2.328961370641938,10.081983807226251,6.205472588934095,56514.346403395575,15.064600353003799
9000.0,9382.270982158614,0.42057680456707214,3,10.081983807226251,35.891496004335636,22.986739905780944,695820.68048126,4.06107596042145
9000.0,9382.270982158614,0.42057680456707214,4,35.891496004335636,121.81036510362483,78.85093055398023,7904958.276838776,1.1783406817452995
9000.0,9382.270982158614,0.42057680456707214,5,121.81036510362483,407.8309613443995,264.82066322401215,86887982.20801428,0.3454350694648153
9000.0,9382.270982158614,0.42057680456707214,6,407.8309613443995,1359.9824774379124,883.906719391156,913367615.6475284,0.09835166927317045
9000.0,9382.270982158614,0.42057680456707214,7,1359.9824774379124,4529.658093511371,2944.8202854746414,8526834944.253522,0.02513479646083526
9000.0,9382.270982158614,0.42057680456707214,8,4529.658093511371,15081.385776885632,9805.521935198502,58888255972.65488,0.004775586961643284
9000.0,9382.270982158614,0.42057680456707214,9,15081.385776885632,50207.67962837159,32644.53270262861,234272634183.41113,0.0005075568429049971
9000.0,9382.270982158614,0.42057680456707214,10,50207.67962837159,167141.75495378586,108674.71729107872,497408689365.9857,2.7636711325997417e-05
9200.0,9582.270982158614,0.39601331282714414,1,0.0,2.333444779533311,1.1667223897666554,3188.4262113512723,79.88184006125455
9200.0,9582.270982158614,0.39601331282714414,2,2.333444779533311,10.111854098197883,6.222649438865597,56660.217524233725,14.971191541883353
9200.0,9582.270982158614,0.39601331282714414,3,10.111854098197883,36.04075203457354,23.076303066385712,699344.296052439,4.03137093290633
9200.0,9582.270982158614,0.39601331282714414,4,36.04075203457354,122.47330149963709,79.25702676710532,7965649.2223815,1.1682664541609022
9200.0,9582.270982158614,0.39601331282714414,5,122.47330149963709,410.5914322957076,266.5323668976723,87786405.97274747,0.3420315515989075
9200.0,9582.270982158614,0.39601331282714414,6,410.5914322957076,1371.017311286764,890.8043717912358,925178643.6409249,0.09724355636313455
9200.0,9582.270982158614,0.39601331282714414,7,1371.017311286764,4572.543943738195,2971.7806275124794,8655550101.88966,0.024805822814645308
9200.0,9582.270982158614,0.39601331282714414,8,4572.543943738195,15244.656183220282,9908.600063479238,59830087204.98,0.0046983696953645975
9200.0,9582.270982158614,0.39601331282714414,9,15244.656183220282,50819.55301451532,33032.1045988678,237788068688.80847,0.0004967388285203765
9200.0,9582.270982158614,0.39601331282714414,10,50819.55301451532,169406.50713923204,110113.03007687368,503919189644.26404,2.6881188236147053e-05
9400.0,9782.270982158614,0.3721845612373085,1,0.0,2.3377671189948264,1.1688835594974132,3190.096495742231,79.48117811241684
9400.0,9782.270982158614,0.3721845612373085,2,2.3377671189948264,10.140689340643025,6.239228229818925,56809.48798556578,14.884058680351128
9400.0,9782.270982158614,0.3721845612373085,3,10.140689340643025,36.18502656413443,23.162857952388727,702858.6559020721,4.003580529790367
9400.0,9782.270982158614,0.3721845612373085,4,36.18502656413443,123.1149589847171,79.64999277442577,8025720.11351042,1.1588225198021125
9400.0,9782.270982158614,0.3721845612373085,5,123.1149589847171,413.2668290745802,268.19089402964863,88673306.54615195,0.3388367680715914
9400.0,9782.270982158614,0.3721845612373085,6,413.2668290745802,1381.7262005753835,897.4965148249819,936828975.2368863,0.09620236575069181
9400.0,9782.270982158614,0.3721845612373085,7,1381.7262005753835,4614.21804685316,2997.9721237142717,8782446709.020443,0.024496360911327054
9400.0,9782.270982158614,0.3721845612373085,8,4614.21804685316,15403.52304377801,10008.870545315585,60756862802.46187,0.004625646325087134
9400.0,9782.270982158614,0.3721845612373085,9,15403.52304377801,51415.71049932038,33409.6167715492,241233390194.1065,0.00048656106109865006
9400.0,9782.270982158614,0.3721845612373085,10,51415.71049932038,171616.00567150745,111515.85808541391,510271207757.6043,2.617334273546328e-05
9600.0,9982.270982158614,0.3490519844956812,1,0.0,2.3419353742089584,1.1709676871044792,3192.184453810403,79.10927716642318
9600.0,9982.270982158614,0.3490519844956812,2,2.3419353742089584,10.16853204538917,6.2552337097990645,56962.18220793821,14.80287386234936
9600.0,9982.270982158614,0.3490519844956812,3,10.16853204538917,36.32451232047239,23.24652218293078,706366.3755598248,3.977600268250689
9600.0,9982.270982158614,0.3490519844956812,4,36.32451232047239,123.73610804888482,80.0303101846786,8085219.079263212,1.1499729780235552
9600.0,9982.270982158614,0.3490519844956812,5,123.73610804888482,415.8600119297187,269.79805998930175,89549320.01327781,0.3358383420534738
9600.0,9982.270982158614,0.3490519844956812,6,415.8600119297187,1392.1192199610948,903.9896159454067,948325470.0623084,0.095223974598738
9600.0,9982.270982158614,0.3490519844956812,7,1392.1192199610948,4654.714401678371,3023.416810819733,8907584431.139599,0.024205158587407034
9600.0,9982.270982158614,0.3490519844956812,8,4654.714401678371,15558.096651183067,10106.405526430719,61668985893.40491,0.004557112421854328
9600.0,9982.270982158614,0.3490519844956812,9,15558.096651183067,51996.49548932481,33777.296070253935,244610525163.91785,0.00047697669874982563
9600.0,9982.270982158614,0.3490519844956812,10,51996.49548932481,173771.26954604525,112883.88251768504,516469778852.86395,2.5509369027895497e-05
9800.0,10182.270982158614,0.3265798448666206,1,0.0,2.345956128349052,1.172978064174526,3194.6780758764658,78.76468637637346
9800.0,10182.270982158614,0.3265798448666206,2,2.345956128349052,10.195422412836576,6.270689270592814,57118.29330403507,14.727326850773043
9800.0,10182.270982158614,0.3265798448666206,3,10.195422412836576,36.45939223168687,23.327407322261724,709869.5539516263,3.9533318404852302
9800.0,10182.270982158614,0.3265798448666206,4,36.45939223168687,124.33748300184355,80.39843761676521,8144187.62607977,1.1416842243087861
9800.0,10182.270982158614,0.3265798448666206,5,124.33748300184355,418.37371936186355,271.35560118185356,90415009.34142429,0.3330247422618041
9800.0,10182.270982158614,0.3265798448666206,6,418.37371936186355,1402.2060663673626,910.2898928646131,959674290.5225263,0.09430455837808492
9800.0,10182.270982158614,0.3265798448666206,7,1402.2060663673626,4694.065937098443,3048.136001732903,9031017631.037619,0.023931059662402457
9800.0,10182.270982158614,0.3265798448666206,8,4694.065937098443,15708.48464523742,10201.27529116793,62566831972.20375,0.004492488616123821
9800.0,10182.270982158614,0.3265798448666206,9,15708.48464523742,52562.246421937474,34135.36553358745,247921305132.9552,0.0004679431092325412
9800.0,10182.270982158614,0.3265798448666206,10,52562.246421937474,175873.31649140306,114217.78145667027,522519715187.5515,2.4885833905250272e-05
10000.0,10382.270982158614,0.30473497575617636,1,0.0,2.3498355939510973,1.1749177969755487,3197.5646524943572,78.4460275725726
10000.0,10382.270982158614,0.30473497575617636,2,2.3498355939510973,10.2213985065017,6.285617050226398,57277.78838560921,14.657124262829374
10000.0,10382.270982158614,0.30473497575617636,3,10.2213985065017,36.58984013098907,23.405619318745384,713369.8449257548,3.9306827548496655
10000.0,10382.270982158614,0.30473497575617636,4,36.58984013098907,124.91978444171858,80.75481228635383,8202661.447710495,1.1339247947877686
10000.0,10382.270982158614,0.30473497575617636,5,124.91978444171858,420.8105759055184,272.8651801736185,91270872.55346955,0.33038521922682096
10000.0,10382.270982158614,0.30473497575617636,6,420.8105759055184,1411.9960810733162,916.4033284894173,970880974.220029,0.09344056642956838
10000.0,10382.270982158614,0.30473497575617636,7,1411.9960810733162,4732.3045664927995,3072.150323783058,9152795880.506659,0.0236729954398982
10000.0,10382.270982158614,0.30473497575617636,8,4732.3045664927995,15854.792113848873,10293.548340170837,63450751220.204285,0.004431518173201088
10000.0,10382.270982158614,0.30473497575617636,9,15854.792113848873,53113.29679326005,34484.04445355446,251167472240.1881,0.00045942142147515724
10000.0,10382.270982158614,0.30473497575617636,10,53113.29679326005,177923.16194574512,115518.22936950259,528425614843.6079,2.4299633634031534e-05
10200.0,10582.270982158614,0.2834865528504189,1,0.0,2.3535796411412506,1.1767898205706253,3200.830976149113,78.15199244574283
10200.0,10582.270982158614,0.2834865528504189,2,2.3535796411412506,10.24649640947708,6.300038025309165,57440.61305825065,14.591988735510947
10200.0,10582.270982158614,0.2834865528504189,3,10.24649640947708,36.7160213929905,23.48125890123379,716868.5189605794,3.909565986572152
10200.0,10582.270982158614,0.2834865528504189,4,36.7160213929905,125.48368148838085,81.09985144068568,8260671.133264739,1.1266652192621311
10200.0,10582.270982158614,0.2834865528504189,5,125.48368148838085,423.1730991760284,274.32839033220466,92117349.95270488,0.3279097461609188
10200.0,10582.270982158614,0.2834865528504189,6,423.1730991760284,1421.4982697165171,922.3356844462728,981950498.6397952,0.0926286996018139
10200.0,10582.270982158614,0.2834865528504189,7,1421.4982697165171,4769.461236879966,3095.4797532982416,9272964422.411026,0.023429977028171095
10200.0,10582.270982158614,0.2834865528504189,8,4769.461236879966,15997.121682854176,10383.291459867072,64321070630.46232,0.004373964833253502
10200.0,10582.270982158614,0.2834865528504189,9,15997.121682854176,53649.975172120205,34823.54842748719,254350684457.6039,0.00045137613190095134
10200.0,10582.270982158614,0.2834865528504189,10,53649.975172120205,179921.81806459682,116785.89661835851,534191870432.7095,2.3747956568578113e-05
10400.0,10782.270982158614,0.26280588939733973,1,0.0,2.3571938230929153,1.1785969115464576,3204.4635032287088,77.8813394717418
10400.0,10782.270982158614,0.26280588939733973,2,2.3571938230929153,10.270750365813225,6.31397209445307,57606.695172985674,14.53165807421253
10400.0,10782.270982158614,0.26280588939733973,3,10.270750365813225,36.83809350973034,23.554421937771785,720366.5157191283,3.8898996372139063
10400.0,10782.270982158614,0.26280588939733973,4,36.83809350973034,126.02981380847892,81.43395365910463,8318242.77839877,1.1198778818297455
10400.0,10782.270982158614,0.26280588939733973,5,126.02981380847892,425.46370626646825,275.74676003747356,92954830.42060882,0.32558896390700587
10400.0,10782.270982158614,0.26280588939733973,6,425.46370626646825,1430.7213204510977,928.092513358783,992887337.9831256,0.09186588971846037
10400.0,10782.270982158614,0.26280588939733973,7,1430.7213204510977,4805.565973408859,3118.143646929978,9391564579.776974,0.023201088379486746
10400.0,10782.270982158614,0.26280588939733973,8,4805.565973408859,16135.573596216824,10470.56978481284,65178095912.99226,0.004319610881780362
10400.0,10782.270982158614,0.26280588939733973,9,16135.573596216824,54172.60520310331,35154.089399660064,257472520474.13333,0.0004437747579811399
10400.0,10782.270982158614,0.26280588939733973,10,54172.60520310331,181870.29276253254,118021.44898281792,539822677817.1351,2.3228250640348816e-05
10600.0,10982.270982158614,0.24266625269198916,1,0.0,2.3606833990368763,1.1803416995184381,3208.4484531216403,77.63288993481946
10600.0,10982.270982158614,0.24266625269198916,2,2.3606833990368763,10.294192908562053,6.327438153799465,57775.94739158235,14.475884261422765
10600.0,10982.270982158614,0.24266625269198916,3,10.294192908562053,36.95620661332448,23.625199760943268,723864.4818014132,3.871606568556797
10600.0,10982.270982158614,0.24266625269198916,4,36.95620661332448,126.55879345581339,81.75750003456893,8375398.432169252,1.113536878689239
10600.0,10982.270982158614,0.24266625269198916,5,126.55879345581339,427.6847195681255,277.12175651196947,93783656.01280957,0.3234141267473158
10600.0,10982.270982158614,0.24266625269198916,6,427.6847195681255,1439.6736204733772,933.6791700207514,1003695503.8975089,0.09114927991209489
10600.0,10982.270982158614,0.24266625269198916,7,1439.6736204733772,4840.6479197552335,3140.1607701143053,9508634041.261658,0.022985479794257014
10600.0,10982.270982158614,0.24266625269198916,8,4840.6479197552335,16270.245787902859,10555.446853829046,66022112841.21819,0.0042682554003731134
10600.0,10982.270982158614,0.24266625269198916,9,16270.245787902859,54681.5056010538,35475.87569447833,260534483819.36063,0.00043658753205164905
10600.0,10982.270982158614,0.24266625269198916,10,54681.5056010538,183769.5887912024,119225.5471961281,545322045655.08026,2.2738195052165095e-05
10800.0,11182.270982158614,0.22304269922905995,1,0.0,2.3640533551052685,1.1820266775526342,3212.7718828405555,77.40552396572083
10800.0,11182.270982158614,0.22304269922905995,2,2.3640533551052685,10.316854975995014,6.340454165550141,57948.269267721495,14.424432493903474
10800.0,11182.270982158614,0.22304269922905995,3,10.316854975995014,37.07050395123576,23.693679463615386,727362.8022735154,3.8546140548119423
10800.0,11182.270982158614,0.22304269922905995,4,37.07050395123576,127.0712065477031,82.07085524946943,8432156.47584213,1.1076178852492886
10800.0,11182.270982158614,0.22304269922905995,5,127.0712065477031,429.8383720791802,278.45478931344167,94604125.8838301,0.32137705237333203
10800.0,11182.270982158614,0.22304269922905995,6,429.8383720791802,1448.3632711010575,939.1008215901188,1014378580.3433069,0.090476206648295
10800.0,11182.270982158614,0.22304269922905995,7,1448.3632711010575,4874.735374913861,3161.5493230074594,9624207105.820055,0.02278236204129337
10800.0,11182.270982158614,0.22304269922905995,8,4874.735374913861,16401.233946584427,10637.984660749144,66853388425.96767,0.004219712701586301
10800.0,11182.270982158614,0.22304269922905995,9,16401.233946584427,55176.990139228794,35789.11204290661,263538006698.4322,0.0004297871307328395
10800.0,11182.270982158614,0.22304269922905995,10,55176.990139228794,185620.70285583814,120398.84649753346,550693804806.0315,2.2275675524363023e-05
11000.0,11382.270982158614,0.2039119263297977,1,0.0,2.367308423253624,1.183654211626812,3217.4197911194633,77.19817782437472
11000.0,11382.270982158614,0.2039119263297977,2,2.367308423253624,10.338766017314809,6.353037220284216,58123.549808817224,14.377080474564934
11000.0,11382.270982158614,0.2039119263297977,3,10.338766017314809,37.18112231940609,23.75994416836045,730861.6380626052,3.8388535122965446
11000.0,11382.270982158614,0.2039119263297977,4,37.18112231940609,127.5676147954131,82.3743685574096,8488532.072179107,1.1020980489955285
11000.0,11382.270982158614,0.2039119263297977,5,127.5676147954131,431.92681225822173,279.7472135268174,95416501.06115904,0.31947008055300424
11000.0,11382.270982158614,0.2039119263297977,6,431.92681225822173,1456.79810156945,944.3624569138358,1024939768.0856452,0.08984418459869248
11000.0,11382.270982158614,0.2039119263297977,7,1456.79810156945,4907.855826817946,3182.3269641936977,9738315014.281456,0.02259100132146497
11000.0,11382.270982158614,0.2039119263297977,8,4907.855826817946,16528.631574181727,10718.243700499836,67672172515.01841,0.004173810962664578
11000.0,11382.270982158614,0.2039119263297977,9,16528.631574181727,55659.36763302118,36093.999603601456,266484454251.5539,0.0004233484362389028
11000.0,11382.270982158614,0.2039119263297977,10,55659.36763302118,187424.62477206558,121541.99620254338,555941616137.5468,2.1838762524065293e-05
11200.0,11582.270982158614,0.18525213834139787,1,0.0,2.370453098474038,1.185226549237019,3222.3782031023025,77.00984117624421
11200.0,11582.270982158614,0.18525213834139787,2,2.370453098474038,10.359954089013243,6.36520359374364,58301.66964605099,14.33361772292402
11200.0,11582.270982158614,0.18525213834139787,3,10.359954089013243,37.2881924578375,23.824073273425373,734360.9583142112,3.8242602422694545
11200.0,11582.270982158614,0.18525213834139787,4,37.2881924578375,128.04855690448872,82.66837468116312,8544537.559539143,1.0969558892154314
11200.0,11582.270982158614,0.18525213834139787,5,128.04855690448872,433.95210847233716,281.0003326884129,96221008.67493735,0.31768603489619157
11200.0,11582.270982158614,0.18525213834139787,6,433.95210847233716,1464.9856816884046,949.4688950803709,1035381924.442872,0.08925089277895061
11200.0,11582.270982158614,0.18525213834139787,7,1464.9856816884046,4940.035983165259,3202.5108324268317,9850986247.890444,0.02241071469441611
11200.0,11582.270982158614,0.18525213834139787,8,4940.035983165259,16652.53003913106,10796.28301114816,68478699248.40758,0.004130390998205553
11200.0,11582.270982158614,0.18525213834139787,9,16652.53003913106,56128.94192091975,36390.735980025405,269375128540.25357,0.0004172483244902908
11200.0,11582.270982158614,0.18525213834139787,10,56128.94192091975,189182.33666453176,122655.63929272575,561068978142.1621,2.1425692134394315e-05
11400.0,11782.270982158614,0.16704292575530855,1,0.0,2.3734916544856683,1.1867458272428342,3227.633221088491,76.83955398286095
11400.0,11782.270982158614,0.16704292575530855,2,2.3734916544856683,10.380445942884451,6.37696879868506,58482.502553942075,14.293844831556484
11400.0,11782.270982158614,0.16704292575530855,3,10.380445942884451,37.39183941264598,23.886142677765214,737860.5644140982,3.810773166717536
11400.0,11782.270982158614,0.16704292575530855,4,37.39183941264598,128.51454985891516,82.95319463578056,8600182.751418998,1.0921711974648265
11400.0,11782.270982158614,0.16704292575530855,5,128.51454985891516,435.9162530835183,282.21540147121675,97017845.19065148,0.3160181858378152
11400.0,11782.270982158614,0.16704292575530855,6,435.9162530835183,1472.9333334863973,954.4247932849578,1045707593.4588475,0.0886941613930563
11400.0,11782.270982158614,0.16704292575530855,7,1472.9333334863973,4971.301799784602,3222.1175666354993,9962246752.396303,0.022240865822762967
11400.0,11782.270982158614,0.16704292575530855,8,4971.301799784602,16773.018625157423,10872.160212471012,69273188171.69627,0.004089305143701025
11400.0,11782.270982158614,0.16704292575530855,9,16773.018625157423,56586.011844155735,36679.51523465658,272211272026.47247,0.0004114654763303574
11400.0,11782.270982158614,0.16704292575530855,10,56586.011844155735,190894.81220854103,123740.41202634838,566079234854.0002,2.10348492261354e-05
11600.0,11982.270982158614,0.14926515580311772,1,0.0,2.376428158065721,1.1882140790328606,3233.1710691743683,76.6864036331377
11600.0,11982.270982158614,0.14926515580311772,2,2.376428158065721,10.400267106579077,6.388347632322399,58665.91681644278,14.257572783489163
11600.0,11982.270982158614,0.14926515580311772,3,10.400267106579077,37.49218286812399,23.946224987351535,741360.1118591796,3.798334587010089
11600.0,11982.270982158614,0.14926515580311772,4,37.49218286812399,128.9660901013489,83.22913648473644,8655475.21207188,1.087724947043205
11600.0,11982.270982158614,0.14926515580311772,5,128.9660901013489,437.8211662119007,283.3936281566248,97807179.4152534,0.31446021709687216
11600.0,11982.270982158614,0.14926515580311772,6,437.8211662119007,1480.648141953098,959.2346540824993,1055919034.2955583,0.08817195995237363
11600.0,11982.270982158614,0.14926515580311772,7,1480.648141953098,5001.678506836197,3241.1633243946476,10072120151.633537,0.02208086114131579
11600.0,11982.270982158614,0.14926515580311772,8,5001.678506836197,16890.184576231943,10945.93154153407,70055845306.51633,0.0040504162548600795
11600.0,11982.270982158614,0.14926515580311772,9,16890.184576231943,57030.87122627484,36960.52790125339,274994070907.1293,0.00040598020942338956
11600.0,11982.270982158614,0.14926515580311772,10,57030.87122627484,192563.01591557256,124796.9435709237,570975583345.854,2.0664752590936457e-05
11800.0,12182.270982158614,0.13190087327064193,1,0.0,2.3792664821641636,1.1896332410820818,3238.9781244370292,76.5495221067338
11800.0,12182.270982158614,0.13190087327064193,2,2.3792664821641636,10.419441957478162,6.399354219821163,58851.77631128928,14.224622289978264
11800.0,12182.270982158614,0.13190087327064193,3,10.419441957478162,37.58933745192505,24.004389704701605,744859.1283657224,3.786889953886057
11800.0,12182.270982158614,0.13190087327064193,4,37.58933745192505,129.40365462021268,83.49649603606886,8710420.489029458,1.0835992079010424
11800.0,12182.270982158614,0.13190087327064193,5,129.40365462021268,439.6686992097963,284.5361769150045,98589155.05581895,0.31300619448324035
11800.0,12182.270982158614,0.13190087327064193,6,439.6686992097963,1488.136964978545,963.9028320941707,1066018245.4754175,0.08768238632489415
11800.0,12182.270982158614,0.13190087327064193,7,1488.136964978545,5031.190633103663,3259.6637990411036,10180627930.164621,0.021930146358037986
11800.0,12182.270982158614,0.13190087327064193,8,5031.190633103663,17004.113138307715,11017.651885705689,70826864080.34213,0.004013596803536566
11800.0,12182.270982158614,0.13190087327064193,9,17004.113138307715,57463.80885369266,37233.96099600018,277724658188.6929,0.00040077432813590843
11800.0,12182.270982158614,0.13190087327064193,10,57463.80885369266,194187.9024632539,125825.85565847329,575761081061.75,2.0314041789241513e-05
12000.0,12382.270982158614,0.11493321042725224,1,0.0,2.3820103179282093,1.1910051589641046,3245.040955270415,76.42808362676328
12000.0,12382.270982158614,0.11493321042725224,2,2.3820103179282093,10.437993790572868,6.410002054250539,59039.94169028249,14.194823232140235
12000.0,12382.270982158614,0.11493321042725224,3,10.437993790572868,37.6834130161162,24.060703403344533,748357.0329778056,3.7763876703446813
12000.0,12382.270982158614,0.11493321042725224,4,37.6834130161162,129.8277019531835,83.75555748464984,8765022.357562693,1.07977707288918
12000.0,12382.270982158614,0.11493321042725224,5,129.8277019531835,441.4606378765027,285.6441699148431,99363893.43845132,0.31165053865018266
12000.0,12382.270982158614,0.11493321042725224,6,441.4606378765027,1495.406442575428,968.4335402259653,1076006991.194292,0.08722365711135338
12000.0,12382.270982158614,0.11493321042725224,7,1495.406442575428,5059.862028604343,3277.6342355898855,10287789636.427263,0.021788203359588407
12000.0,12382.270982158614,0.11493321042725224,8,5059.862028604343,17114.887598351008,11087.374813477676,71586426356.01973,0.003978728072668534
12000.0,12382.270982158614,0.11493321042725224,9,17114.887598351008,57885.10845812249,37499.99802823675,280404116788.5466,0.00039583098955583876
12000.0,12382.270982158614,0.11493321042725224,10,57885.10845812249,195770.41607008167,126827.76226410209,580438652419.9353,1.998146546724008e-05
12200.0,12582.270982158614,0.09834630510226527,1,0.0,2.38466318574766,1.19233159287383,3251.3463465438754,76.32130227919751
12200.0,12582.270982158614,0.09834630510226527,2,2.38466318574766,10.455944880955501,6.420304033351581,59230.271285052135,14.16801410786834
12200.0,12582.270982158614,0.09834630510226527,3,10.455944880955501,37.77451489652443,24.115229888739965,751853.1514980814,3.766778900613862
12200.0,12582.270982158614,0.09834630510226527,4,37.77451489652443,130.23867311549054,84.00659400600749,8819283.022502664,1.0762425874698847
12200.0,12582.270982158614,0.09834630510226527,5,130.23867311549054,443.19870544037184,286.71868927793116,100131495.77472447,0.31038799945782947
12200.0,12582.270982158614,0.09834630510226527,6,443.19870544037184,1502.4630054607949,972.8308554505834,1085886823.3086336,0.0867940986871389
12200.0,12582.270982158614,0.09834630510226527,7,1502.4630054607949,5087.715885716683,3295.089445588739,10393623052.529446,0.021654547362224854
12200.0,12582.270982158614,0.09834630510226527,8,5087.715885716683,17222.58932111458,11155.152603415632,72334703306.16397,0.003945699424746191
12200.0,12582.270982158614,0.09834630510226527,9,17222.58932111458,58295.04870161303,37758.819011363805,283033482362.1454,0.00039113458335472294
12200.0,12582.270982158614,0.09834630510226527,10,58295.04870161303,197311.48991490222,127803.26930825763,585011095325.0762,1.9665870982362902e-05
12400.0,12782.270982158614,0.08212522605668071,1,0.0,2.387228445419269,1.1936142227096345,3257.881327970899,76.2284299679136
12400.0,12782.270982158614,0.08212522605668071,2,2.387228445419269,10.473316541457438,6.430272493438354,59422.622042839175,14.144041551399534
12400.0,12782.270982158614,0.08212522605668071,3,10.473316541457438,37.86274415252402,24.16803034699073,755346.7320981354,3.7580174026202426
12400.0,12782.270982158614,0.08212522605668071,4,37.86274415252402,130.63699246048085,84.24986830650244,8873203.322150107,1.0729806876712022
12400.0,12782.270982158614,0.08212522605668071,5,130.63699246048085,444.88456533158217,287.7607788960315,100892045.4704142,0.30921363324402695
12400.0,12782.270982158614,0.08212522605668071,6,444.88456533158217,1509.31288306454,977.0987241980611,1095659104.072326,0.08639213923341044
12400.0,12782.270982158614,0.08212522605668071,7,1509.31288306454,5114.774758999396,3312.043821031968,10498144372.720125,0.02152872436824759
12400.0,12782.270982158614,0.08212522605668071,8,5114.774758999396,17327.297784040693,11221.036271520044,73071856329.074,0.003914407646248794
12400.0,12782.270982158614,0.08212522605668071,9,17327.297784040693,58693.90316479821,38010.60047441945,285613746091.1741,0.00038667062412779056
12400.0,12782.270982158614,0.08212522605668071,10,58693.90316479821,198812.04560093395,128752.97438286609,589481087132.9993,1.936619515459075e-05
12600.0,12982.270982158614,0.06625590489942845,1,0.0,2.389709305516943,1.1948546527584716,3264.633196264364,76.14875445400372
12600.0,12982.270982158614,0.06625590489942845,2,2.389709305516943,10.490129175908157,6.43991924071255,59616.85032091099,14.122759877743352
12600.0,12982.270982158614,0.06625590489942845,3,10.490129175908157,37.948197789167594,24.219163482537876,758836.9589586228,3.750059370799625
12600.0,12982.270982158614,0.06625590489942845,4,37.948197789167594,131.02306847905587,84.48563313411174,8926782.908986328,1.0699771423609719
12600.0,12982.270982158614,0.06625590489942845,5,131.02306847905587,446.5198237663561,288.771446122706,101645610.19102508,0.3081227818197288
12600.0,12982.270982158614,0.06625590489942845,6,446.5198237663561,1515.9621110241196,981.2409673952379,1105325026.6189137,0.08601630141512698
12600.0,12982.270982158614,0.06625590489942845,7,1515.9621110241196,5141.060583855083,3328.511347439601,10601368365.08165,0.021410308842517798
12600.0,12982.270982158614,0.06625590489942845,8,5141.060583855083,17429.090610625473,11285.075597240279,73798037885.5014,0.003884756353132631
12600.0,12982.270982158614,0.06625590489942845,9,17429.090610625473,59081.9403388407,38255.51547473309,288145857292.64215,0.0003824256545970128
12600.0,12982.270982158614,0.06625590489942845,10,59081.9403388407,200272.99266387045,129677.46650135558,593851190380.6528,1.9081456016887963e-05
12800.0,13182.270982158614,0.05072507388483816,1,0.0,2.3921088320448156,1.1960544160224078,3271.589529443567,76.0815974173174
12800.0,13182.270982158614,0.05072507388483816,2,2.3921088320448156,10.506402328436444,6.44925558024063,59812.81250900619,14.104030639571139
12800.0,13182.270982158614,0.05072507388483816,3,10.506402328436444,38.03096896335029,24.268685645893367,762322.9635277594,3.7428632855812127
12800.0,13182.270982158614,0.05072507388483816,4,38.03096896335029,131.39729454384764,84.71413175359896,8980020.402255198,1.0672184986547242
12800.0,13182.270982158614,0.05072507388483816,5,131.39729454384764,448.10603216102436,289.751663352436,102392243.62423477,0.30711105279859663
12800.0,13182.270982158614,0.05072507388483816,6,448.10603216102436,1522.4165382180136,985.261285189519,1114885632.5163627,0.08566519558120432
12800.0,13182.270982158614,0.05072507388483816,7,1522.4165382180136,5166.594694172456,3344.505616195235,10703308510.441933,0.021298901573142813
12800.0,13182.270982158614,0.05072507388483816,8,5166.594694172456,17528.043602530346,11347.319148351402,74513392227.55557,0.0038566554491963135
12800.0,13182.270982158614,0.05072507388483816,9,17528.043602530346,59459.42362144185,38493.7336119861,290630725819.6653,0.0003783871583977832
12800.0,13182.270982158614,0.05072507388483816,10,59459.42362144185,201695.22812341905,130577.32587243045,598123858369.228,1.8810745446287456e-05
13000.0,13382.270982158614,0.03552020900424968,1,0.0,2.3944299564415283,1.1972149782207642,3278.7381949436567,76.02631257191733
13000.0,13382.270982158614,0.03552020900424968,2,2.3944299564415283,10.522154729187635,6.458292342814582,60010.36551808553,14.087722201657357
13000.0,13382.270982158614,0.03552020900424968,3,10.522154729187635,38.111147175508904,24.31665095234827,765803.8339045884,3.7363897705691023
13000.0,13382.270982158614,0.03552020900424968,4,38.111147175508904,131.760049603341,84.93559838942495,9032913.518018793,1.0646920306242211
13000.0,13382.270982158614,0.03552020900424968,5,131.760049603341,449.6446893922436,290.7023694977923,103131986.99840719,0.30617430126252715
13000.0,13382.270982158614,0.03552020900424968,6,449.6446893922436,1528.6818333843185,989.1632613882811,1124341826.963537,0.0853375134699877
13000.0,13382.270982158614,0.03552020900424968,7,1528.6818333843185,5191.39783906413,3360.039836224224,10803977122.962437,0.021194127705229784
13000.0,13382.270982158614,0.03552020900424968,8,5191.39783906413,17624.23077068156,11407.814304872845,75218056040.36092,0.0038300206326633865
13000.0,13382.270982158614,0.03552020900424968,9,17624.23077068156,59826.61131719645,38725.42104393901,293069224282.78894,0.00037454348139497355
13000.0,13382.270982158614,0.03552020900424968,10,59826.61131719645,203079.6360774317,131453.12369731406,602301440568.8402,1.855322256858751e-05
13200.0,13582.270982158614,0.02062947785110536,1,0.0,2.396675482996583,1.1983377414982914,3286.067354667297,75.98228387688282
13200.0,13582.270982158614,0.02062947785110536,2,2.396675482996583,10.537404336790068,6.467039909893326,60209.36718361533,14.073709339830007
13200.0,13582.270982158614,0.02062947785110536,3,10.537404336790068,38.18881844819324,24.363111392491653,769278.6229391361,3.730601458966056
13200.0,13582.270982158614,0.02062947785110536,4,38.18881844819324,132.11169883058227,85.15025863938776,9085459.183579298,1.0623856916328478
13200.0,13582.270982158614,0.02062947785110536,5,132.11169883058227,451.1372439178633,291.6244713742228,103864870.43167084,0.30530861281464916
13200.0,13582.270982158614,0.02062947785110536,6,451.1372439178633,1534.7634913654506,992.950367641657,1133694392.3703315,0.08503202241838913
13200.0,13582.270982158614,0.02062947785110536,7,1534.7634913654506,5215.490198802256,3375.1268450838534,10903385458.377817,0.02109563494072904
13200.0,13582.270982158614,0.02062947785110536,8,5215.490198802256,17717.724365563638,11466.607282182948,75912159024.25668,0.003804772947201745
13200.0,13582.270982158614,0.02062947785110536,9,17717.724365563638,60183.756642484135,38950.74050402389,295462190128.366,0.00037088376061274344
13200.0,13582.270982158614,0.02062947785110536,10,60183.756642484135,204427.0873376414,132305.42199006275,606386187796.2247,1.8308107843290675e-05
13400.0,13782.270982158614,0.006041691796947246,1,0.0,2.3988480957329594,1.1994240478664797,3293.565464725658,75.94892379235282
13400.0,13782.270982158614,0.006041691796947246,2,2.3988480957329594,10.552168377867563,6.475508236800261,60409.6765565022,14.06187285449087
13400.0,13782.270982158614,0.006041691796947246,3,10.552168377867563,38.26406549270167,24.408116935284617,772746.3547301787,3.7254628663350564
13400.0,13782.270982158614,0.006041691796947246,4,38.26406549270167,132.4525942306033,85.35832986165248,9137653.63231396,1.0602880693714871
13400.0,13782.270982158614,0.006041691796947246,5,132.4525942306033,452.58509577130917,292.5188450009562,104590914.06492192,0.304510287719487
13400.0,13782.270982158614,0.006041691796947246,6,452.58509577130917,1540.6668390151658,996.6259673932375,1142943999.8044288,0.08474755998032558
13400.0,13782.270982158614,0.006041691796947246,7,1540.6668390151658,5238.891400041345,3389.7791195282553,11001543805.336142,0.021003091877832798
13400.0,13782.270982158614,0.006041691796947246,8,5238.891400041345,17808.59490687805,11523.743153459698,76595824396.03609,0.0037808383715709714
13400.0,13782.270982158614,0.006041691796947246,9,17808.59490687805,60531.107735017904,39169.85132094798,297810427553.0948,0.00036739785991548923
13400.0,13782.270982158614,0.006041691796947246,10,60531.107735017904,205738.4391058677,133134.7734204428,610380257234.8883,1.807467775192722e-05
13484.036217860488,13866.307200019102,0.0,1,0.0,2.3997398539349355,1.1998699269674677,3296.763720809801,75.93795384574008
13484.036217860488,13866.307200019102,0.0,2,2.3997398539349355,10.558231074433538,6.478985464184237,60494.19933318562,14.057521232819958
13484.036217860488,13866.307200019102,0.0,3,10.558231074433538,38.2949788247409,24.42660494958722,774201.0849153626,3.723489407319509
13484.036217860488,13866.307200019102,0.0,4,38.2949788247409,132.59270557000104,85.44384219737097,9159478.930666003,1.0594663386328906
13484.036217860488,13866.307200019102,0.0,5,132.59270557000104,453.18044532132814,292.88657544566456,104893946.12080234,0.3041940966679513
13484.036217860488,13866.307200019102,0.0,6,453.18044532132814,1543.0953608368359,998.137903079082,1146799931.6148977,0.08463404225238534
13484.036217860488,13866.307200019102,0.0,7,1543.0953608368359,5248.522536513031,3395.808948674933,11042417427.648567,0.020965906484872576
13484.036217860488,13866.307200019102,0.0,8,5248.522536513031,17846.01098151299,11547.266759013011,76880001845.49667,0.003771156434552044
13484.036217860488,13866.307200019102,0.0,9,17846.01098151299,60674.194507464155,39260.10274448857,298783954119.17175,0.00036598271161474987
13484.036217860488,13866.307200019102,0.0,10,60674.194507464155,206278.87691227996,133476.53570987206,612031935258.967,1.797991764566809e-05
