elapsed_time_myr,redshift,R1_cumulative_raw,R2_cumulative_raw,R3_cumulative_raw,R4_cumulative_raw,R5_cumulative_raw,R6_cumulative_raw,R7_cumulative_raw,R8_cumulative_raw,R9_cumulative_raw,R10_cumulative_raw
0.000000000000000000e+00,1.200000000000000000e+01,0.000000000000000000e+00,0.000000000000000000e+00,0.000000000000000000e+00,0.000000000000000000e+00,0.000000000000000000e+00,0.000000000000000000e+00,0.000000000000000000e+00,0.000000000000000000e+00,0.000000000000000000e+00,0.000000000000000000e+00
2.000000000000000000e+02,8.818137842791330172e+00,3.090000000000000000e+02,5.960000000000000000e+02,4.940000000000000000e+02,3.100000000000000000e+02,2.670000000000000000e+02,2.070000000000000000e+02,1.940000000000000000e+02,1.550000000000000000e+02,1.080000000000000000e+02,1.390000000000000000e+02
4.000000000000000000e+02,7.061767106276299444e+00,6.820000000000000000e+02,1.215000000000000000e+03,8.680000000000000000e+02,5.810000000000000000e+02,4.790000000000000000e+02,3.460000000000000000e+02,2.690000000000000000e+02,2.230000000000000000e+02,1.540000000000000000e+02,1.820000000000000000e+02
6.000000000000000000e+02,5.924220571452538664e+00,1.060000000000000000e+03,1.841000000000000000e+03,1.180000000000000000e+03,8.300000000000000000e+02,6.650000000000000000e+02,4.510000000000000000e+02,3.310000000000000000e+02,2.570000000000000000e+02,1.890000000000000000e+02,2.130000000000000000e+02
8.000000000000000000e+02,5.116993443041006451e+00,1.450000000000000000e+03,2.482000000000000000e+03,1.489000000000000000e+03,1.060000000000000000e+03,8.340000000000000000e+02,5.480000000000000000e+02,3.660000000000000000e+02,2.880000000000000000e+02,2.160000000000000000e+02,2.310000000000000000e+02
1.000000000000000000e+03,4.509080089241049194e+00,1.838000000000000000e+03,3.141000000000000000e+03,1.784000000000000000e+03,1.296000000000000000e+03,9.740000000000000000e+02,6.180000000000000000e+02,4.020000000000000000e+02,3.150000000000000000e+02,2.350000000000000000e+02,2.470000000000000000e+02
1.200000000000000000e+03,4.031684754557708139e+00,2.239000000000000000e+03,3.759000000000000000e+03,2.043000000000000000e+03,1.517000000000000000e+03,1.114000000000000000e+03,7.060000000000000000e+02,4.360000000000000000e+02,3.320000000000000000e+02,2.540000000000000000e+02,2.630000000000000000e+02
1.400000000000000000e+03,3.644923882858176256e+00,2.661000000000000000e+03,4.378000000000000000e+03,2.322000000000000000e+03,1.731000000000000000e+03,1.276000000000000000e+03,7.740000000000000000e+02,4.620000000000000000e+02,3.510000000000000000e+02,2.680000000000000000e+02,2.710000000000000000e+02
1.600000000000000000e+03,3.323948501746264661e+00,3.086000000000000000e+03,5.005000000000000000e+03,2.628000000000000000e+03,1.960000000000000000e+03,1.413000000000000000e+03,8.440000000000000000e+02,4.870000000000000000e+02,3.680000000000000000e+02,2.770000000000000000e+02,2.800000000000000000e+02
1.800000000000000000e+03,3.052402397330417294e+00,3.472000000000000000e+03,5.592000000000000000e+03,2.926000000000000000e+03,2.202000000000000000e+03,1.520000000000000000e+03,9.030000000000000000e+02,5.110000000000000000e+02,3.880000000000000000e+02,2.790000000000000000e+02,2.910000000000000000e+02
2.000000000000000000e+03,2.819042497488104981e+00,3.917000000000000000e+03,6.175000000000000000e+03,3.213000000000000000e+03,2.430000000000000000e+03,1.657000000000000000e+03,9.640000000000000000e+02,5.390000000000000000e+02,4.020000000000000000e+02,2.900000000000000000e+02,3.000000000000000000e+02
2.200000000000000000e+03,2.615864239676068070e+00,4.330000000000000000e+03,6.748000000000000000e+03,3.515000000000000000e+03,2.638000000000000000e+03,1.781000000000000000e+03,1.011000000000000000e+03,5.640000000000000000e+02,4.180000000000000000e+02,2.990000000000000000e+02,3.090000000000000000e+02
2.400000000000000000e+03,2.437000814363337486e+00,4.774000000000000000e+03,7.354000000000000000e+03,3.790000000000000000e+03,2.837000000000000000e+03,1.890000000000000000e+03,1.079000000000000000e+03,5.840000000000000000e+02,4.310000000000000000e+02,3.070000000000000000e+02,3.240000000000000000e+02
2.600000000000000000e+03,2.278045921107927363e+00,5.245000000000000000e+03,7.934000000000000000e+03,4.074000000000000000e+03,3.047000000000000000e+03,2.007000000000000000e+03,1.141000000000000000e+03,6.110000000000000000e+02,4.430000000000000000e+02,3.140000000000000000e+02,3.360000000000000000e+02
2.800000000000000000e+03,2.135620507881150321e+00,5.668000000000000000e+03,8.534000000000000000e+03,4.372000000000000000e+03,3.293000000000000000e+03,2.133000000000000000e+03,1.186000000000000000e+03,6.360000000000000000e+02,4.510000000000000000e+02,3.190000000000000000e+02,3.430000000000000000e+02
3.000000000000000000e+03,2.007086258457461359e+00,6.120000000000000000e+03,9.123000000000000000e+03,4.667000000000000000e+03,3.535000000000000000e+03,2.251000000000000000e+03,1.238000000000000000e+03,6.520000000000000000e+02,4.590000000000000000e+02,3.280000000000000000e+02,3.520000000000000000e+02
3.200000000000000000e+03,1.890350646290902326e+00,6.542000000000000000e+03,9.662000000000000000e+03,4.960000000000000000e+03,3.756000000000000000e+03,2.394000000000000000e+03,1.288000000000000000e+03,6.740000000000000000e+02,4.700000000000000000e+02,3.330000000000000000e+02,3.590000000000000000e+02
3.400000000000000000e+03,1.783730963141084924e+00,7.008000000000000000e+03,1.026400000000000000e+04,5.252000000000000000e+03,3.987000000000000000e+03,2.506000000000000000e+03,1.341000000000000000e+03,6.940000000000000000e+02,4.770000000000000000e+02,3.380000000000000000e+02,3.660000000000000000e+02
3.600000000000000000e+03,1.685857395930653535e+00,7.434000000000000000e+03,1.083700000000000000e+04,5.543000000000000000e+03,4.207000000000000000e+03,2.626000000000000000e+03,1.377000000000000000e+03,7.170000000000000000e+02,4.830000000000000000e+02,3.440000000000000000e+02,3.720000000000000000e+02
3.799999999999999545e+03,1.595602594938838603e+00,7.903000000000000000e+03,1.143200000000000000e+04,5.818000000000000000e+03,4.450000000000000000e+03,2.746000000000000000e+03,1.434000000000000000e+03,7.370000000000000000e+02,4.950000000000000000e+02,3.510000000000000000e+02,3.770000000000000000e+02
3.999999999999999545e+03,1.512029606609431642e+00,8.349000000000000000e+03,1.201500000000000000e+04,6.121000000000000000e+03,4.681000000000000000e+03,2.864000000000000000e+03,1.482000000000000000e+03,7.620000000000000000e+02,5.000000000000000000e+02,3.560000000000000000e+02,3.850000000000000000e+02
4.200000000000000000e+03,1.434352785210416759e+00,8.812000000000000000e+03,1.260100000000000000e+04,6.404000000000000000e+03,4.905000000000000000e+03,2.989000000000000000e+03,1.527000000000000000e+03,7.790000000000000000e+02,5.130000000000000000e+02,3.590000000000000000e+02,3.930000000000000000e+02
4.400000000000000000e+03,1.361908037493576806e+00,9.254000000000000000e+03,1.316900000000000000e+04,6.713000000000000000e+03,5.138000000000000000e+03,3.100000000000000000e+03,1.576000000000000000e+03,8.020000000000000000e+02,5.220000000000000000e+02,3.630000000000000000e+02,3.980000000000000000e+02
4.600000000000000000e+03,1.294129884677158948e+00,9.694000000000000000e+03,1.374100000000000000e+04,7.013000000000000000e+03,5.357000000000000000e+03,3.202000000000000000e+03,1.629000000000000000e+03,8.210000000000000000e+02,5.260000000000000000e+02,3.720000000000000000e+02,4.130000000000000000e+02
4.800000000000000000e+03,1.230533575590169182e+00,1.014400000000000000e+04,1.426600000000000000e+04,7.267000000000000000e+03,5.576000000000000000e+03,3.294000000000000000e+03,1.677000000000000000e+03,8.420000000000000000e+02,5.360000000000000000e+02,3.770000000000000000e+02,4.170000000000000000e+02
5.000000000000000000e+03,1.170700991333029961e+00,1.063500000000000000e+04,1.482900000000000000e+04,7.548000000000000000e+03,5.801000000000000000e+03,3.406000000000000000e+03,1.730000000000000000e+03,8.570000000000000000e+02,5.430000000000000000e+02,3.830000000000000000e+02,4.220000000000000000e+02
5.200000000000000000e+03,1.114269430032497787e+00,1.111000000000000000e+04,1.537600000000000000e+04,7.812000000000000000e+03,6.017000000000000000e+03,3.508000000000000000e+03,1.779000000000000000e+03,8.620000000000000000e+02,5.480000000000000000e+02,3.860000000000000000e+02,4.270000000000000000e+02
5.400000000000000000e+03,1.060922603456479596e+00,1.158500000000000000e+04,1.593100000000000000e+04,8.102000000000000000e+03,6.234000000000000000e+03,3.637000000000000000e+03,1.823000000000000000e+03,8.830000000000000000e+02,5.530000000000000000e+02,3.930000000000000000e+02,4.310000000000000000e+02
5.600000000000000000e+03,1.010383349556617461e+00,1.207400000000000000e+04,1.644100000000000000e+04,8.387000000000000000e+03,6.458000000000000000e+03,3.762000000000000000e+03,1.864000000000000000e+03,9.020000000000000000e+02,5.590000000000000000e+02,3.970000000000000000e+02,4.380000000000000000e+02
5.800000000000000000e+03,9.624076887198962371e-01,1.255100000000000000e+04,1.694600000000000000e+04,8.668000000000000000e+03,6.674000000000000000e+03,3.867000000000000000e+03,1.931000000000000000e+03,9.220000000000000000e+02,5.700000000000000000e+02,4.030000000000000000e+02,4.450000000000000000e+02
6.000000000000000000e+03,9.167799414366353261e-01,1.302200000000000000e+04,1.748400000000000000e+04,8.944000000000000000e+03,6.909000000000000000e+03,3.964000000000000000e+03,1.987000000000000000e+03,9.460000000000000000e+02,5.770000000000000000e+02,4.090000000000000000e+02,4.480000000000000000e+02
6.200000000000000000e+03,8.733086912090772813e-01,1.345200000000000000e+04,1.801800000000000000e+04,9.224000000000000000e+03,7.136000000000000000e+03,4.049000000000000000e+03,2.037000000000000000e+03,9.590000000000000000e+02,5.840000000000000000e+02,4.130000000000000000e+02,4.540000000000000000e+02
6.400000000000000000e+03,8.318234256552861083e-01,1.397200000000000000e+04,1.853600000000000000e+04,9.487000000000000000e+03,7.351000000000000000e+03,4.147000000000000000e+03,2.089000000000000000e+03,9.650000000000000000e+02,5.910000000000000000e+02,4.230000000000000000e+02,4.590000000000000000e+02
6.600000000000000000e+03,7.921717256346287872e-01,1.441400000000000000e+04,1.907700000000000000e+04,9.767000000000000000e+03,7.556000000000000000e+03,4.272000000000000000e+03,2.134000000000000000e+03,9.870000000000000000e+02,6.010000000000000000e+02,4.280000000000000000e+02,4.670000000000000000e+02
6.800000000000000000e+03,7.542169001500946823e-01,1.489900000000000000e+04,1.959600000000000000e+04,1.004200000000000000e+04,7.770000000000000000e+03,4.382000000000000000e+03,2.192000000000000000e+03,1.007000000000000000e+03,6.090000000000000000e+02,4.360000000000000000e+02,4.700000000000000000e+02
7.000000000000000000e+03,7.178359861223473359e-01,1.540000000000000000e+04,2.011200000000000000e+04,1.032300000000000000e+04,7.961000000000000000e+03,4.487000000000000000e+03,2.233000000000000000e+03,1.026000000000000000e+03,6.150000000000000000e+02,4.430000000000000000e+02,4.760000000000000000e+02
7.200000000000000000e+03,6.829180485688013391e-01,1.585100000000000000e+04,2.063800000000000000e+04,1.059800000000000000e+04,8.193000000000000000e+03,4.603000000000000000e+03,2.279000000000000000e+03,1.045000000000000000e+03,6.200000000000000000e+02,4.490000000000000000e+02,4.830000000000000000e+02
7.400000000000000000e+03,6.493627294813217876e-01,1.632600000000000000e+04,2.118500000000000000e+04,1.088600000000000000e+04,8.431000000000000000e+03,4.707000000000000000e+03,2.328000000000000000e+03,1.063000000000000000e+03,6.280000000000000000e+02,4.530000000000000000e+02,4.890000000000000000e+02
7.600000000000000000e+03,6.170790036731979011e-01,1.681900000000000000e+04,2.171300000000000000e+04,1.115700000000000000e+04,8.638000000000000000e+03,4.833000000000000000e+03,2.381000000000000000e+03,1.088000000000000000e+03,6.350000000000000000e+02,4.560000000000000000e+02,4.920000000000000000e+02
7.800000000000000000e+03,5.859841077203389315e-01,1.728600000000000000e+04,2.227200000000000000e+04,1.144300000000000000e+04,8.877000000000000000e+03,4.935000000000000000e+03,2.424000000000000000e+03,1.106000000000000000e+03,6.420000000000000000e+02,4.600000000000000000e+02,4.940000000000000000e+02
8.000000000000000000e+03,5.560026143448608682e-01,1.771600000000000000e+04,2.280300000000000000e+04,1.172700000000000000e+04,9.092000000000000000e+03,5.038000000000000000e+03,2.459000000000000000e+03,1.126000000000000000e+03,6.470000000000000000e+02,4.660000000000000000e+02,4.980000000000000000e+02
8.200000000000000000e+03,5.270656295503377553e-01,1.823400000000000000e+04,2.332700000000000000e+04,1.201600000000000000e+04,9.299000000000000000e+03,5.142000000000000000e+03,2.497000000000000000e+03,1.143000000000000000e+03,6.560000000000000000e+02,4.740000000000000000e+02,5.010000000000000000e+02
8.400000000000000000e+03,4.991100937959414008e-01,1.868800000000000000e+04,2.380800000000000000e+04,1.230200000000000000e+04,9.507000000000000000e+03,5.255000000000000000e+03,2.547000000000000000e+03,1.166000000000000000e+03,6.630000000000000000e+02,4.770000000000000000e+02,5.050000000000000000e+02
8.600000000000000000e+03,4.720781717039650438e-01,1.917500000000000000e+04,2.427500000000000000e+04,1.256100000000000000e+04,9.738000000000000000e+03,5.369000000000000000e+03,2.599000000000000000e+03,1.181000000000000000e+03,6.700000000000000000e+02,4.810000000000000000e+02,5.100000000000000000e+02
8.800000000000000000e+03,4.459167173946734231e-01,1.968000000000000000e+04,2.478900000000000000e+04,1.282800000000000000e+04,9.938000000000000000e+03,5.457000000000000000e+03,2.651000000000000000e+03,1.197000000000000000e+03,6.770000000000000000e+02,4.840000000000000000e+02,5.180000000000000000e+02
9.000000000000000000e+03,4.205768046598175047e-01,2.015700000000000000e+04,2.532400000000000000e+04,1.310100000000000000e+04,1.016400000000000000e+04,5.564000000000000000e+03,2.684000000000000000e+03,1.215000000000000000e+03,6.840000000000000000e+02,4.860000000000000000e+02,5.240000000000000000e+02
9.200000000000000000e+03,3.960133129190808177e-01,2.065000000000000000e+04,2.583000000000000000e+04,1.338800000000000000e+04,1.038300000000000000e+04,5.670000000000000000e+03,2.733000000000000000e+03,1.239000000000000000e+03,6.920000000000000000e+02,4.900000000000000000e+02,5.310000000000000000e+02
9.400000000000000000e+03,3.721845613284673338e-01,2.114400000000000000e+04,2.631100000000000000e+04,1.366600000000000000e+04,1.060900000000000000e+04,5.791000000000000000e+03,2.778000000000000000e+03,1.263000000000000000e+03,6.970000000000000000e+02,4.970000000000000000e+02,5.390000000000000000e+02
9.600000000000000000e+03,3.490519845860913239e-01,2.164400000000000000e+04,2.678700000000000000e+04,1.394700000000000000e+04,1.082100000000000000e+04,5.912000000000000000e+03,2.833000000000000000e+03,1.283000000000000000e+03,7.010000000000000000e+02,4.990000000000000000e+02,5.460000000000000000e+02
9.800000000000000000e+03,3.265798449563095396e-01,2.210500000000000000e+04,2.726200000000000000e+04,1.424100000000000000e+04,1.105200000000000000e+04,6.020000000000000000e+03,2.878000000000000000e+03,1.298000000000000000e+03,7.090000000000000000e+02,5.020000000000000000e+02,5.540000000000000000e+02
1.000000000000000000e+04,3.047349758451691759e-01,2.261100000000000000e+04,2.772900000000000000e+04,1.451500000000000000e+04,1.125200000000000000e+04,6.139000000000000000e+03,2.921000000000000000e+03,1.321000000000000000e+03,7.170000000000000000e+02,5.070000000000000000e+02,5.590000000000000000e+02
1.020000000000000000e+04,2.834865529387404770e-01,2.310300000000000000e+04,2.828200000000000000e+04,1.480100000000000000e+04,1.144700000000000000e+04,6.260000000000000000e+03,2.957000000000000000e+03,1.332000000000000000e+03,7.250000000000000000e+02,5.120000000000000000e+02,5.650000000000000000e+02
1.040000000000000000e+04,2.628058894850120453e-01,2.360000000000000000e+04,2.879000000000000000e+04,1.509500000000000000e+04,1.164800000000000000e+04,6.362000000000000000e+03,2.997000000000000000e+03,1.348000000000000000e+03,7.330000000000000000e+02,5.160000000000000000e+02,5.730000000000000000e+02
1.060000000000000000e+04,2.426662527790339752e-01,2.410100000000000000e+04,2.931000000000000000e+04,1.538500000000000000e+04,1.185500000000000000e+04,6.477000000000000000e+03,3.043000000000000000e+03,1.362000000000000000e+03,7.370000000000000000e+02,5.190000000000000000e+02,5.790000000000000000e+02
1.080000000000000000e+04,2.230426993154976945e-01,2.459300000000000000e+04,2.983100000000000000e+04,1.564600000000000000e+04,1.206300000000000000e+04,6.581000000000000000e+03,3.085000000000000000e+03,1.382000000000000000e+03,7.460000000000000000e+02,5.230000000000000000e+02,5.880000000000000000e+02
1.100000000000000000e+04,2.039119264156481481e-01,2.505600000000000000e+04,3.027400000000000000e+04,1.591700000000000000e+04,1.227300000000000000e+04,6.697000000000000000e+03,3.127000000000000000e+03,1.397000000000000000e+03,7.500000000000000000e+02,5.280000000000000000e+02,5.930000000000000000e+02
1.120000000000000000e+04,1.852521384266778703e-01,2.550700000000000000e+04,3.075300000000000000e+04,1.620900000000000000e+04,1.246100000000000000e+04,6.791000000000000000e+03,3.166000000000000000e+03,1.407000000000000000e+03,7.620000000000000000e+02,5.300000000000000000e+02,5.970000000000000000e+02
1.140000000000000000e+04,1.670429258400356609e-01,2.597100000000000000e+04,3.125500000000000000e+04,1.648600000000000000e+04,1.264800000000000000e+04,6.867000000000000000e+03,3.212000000000000000e+03,1.419000000000000000e+03,7.680000000000000000e+02,5.350000000000000000e+02,6.000000000000000000e+02
1.160000000000000000e+04,1.492651558873074880e-01,2.645900000000000000e+04,3.175500000000000000e+04,1.673800000000000000e+04,1.283100000000000000e+04,6.966000000000000000e+03,3.252000000000000000e+03,1.434000000000000000e+03,7.730000000000000000e+02,5.380000000000000000e+02,6.060000000000000000e+02
1.180000000000000000e+04,1.319008733543092227e-01,2.694000000000000000e+04,3.226600000000000000e+04,1.704400000000000000e+04,1.303700000000000000e+04,7.069000000000000000e+03,3.296000000000000000e+03,1.453000000000000000e+03,7.830000000000000000e+02,5.470000000000000000e+02,6.120000000000000000e+02
1.200000000000000000e+04,1.149332105104119428e-01,2.744600000000000000e+04,3.283300000000000000e+04,1.732600000000000000e+04,1.325500000000000000e+04,7.178000000000000000e+03,3.346000000000000000e+03,1.462000000000000000e+03,7.920000000000000000e+02,5.500000000000000000e+02,6.170000000000000000e+02
1.220000000000000000e+04,9.834630518493003848e-02,2.791800000000000000e+04,3.333500000000000000e+04,1.759600000000000000e+04,1.347100000000000000e+04,7.283000000000000000e+03,3.395000000000000000e+03,1.477000000000000000e+03,7.980000000000000000e+02,5.540000000000000000e+02,6.270000000000000000e+02
1.240000000000000000e+04,8.212522613886363843e-02,2.839500000000000000e+04,3.382900000000000000e+04,1.789400000000000000e+04,1.368600000000000000e+04,7.378000000000000000e+03,3.438000000000000000e+03,1.493000000000000000e+03,8.010000000000000000e+02,5.600000000000000000e+02,6.310000000000000000e+02
1.260000000000000000e+04,6.625590498114086735e-02,2.885500000000000000e+04,3.433300000000000000e+04,1.816900000000000000e+04,1.387300000000000000e+04,7.470000000000000000e+03,3.482000000000000000e+03,1.512000000000000000e+03,8.080000000000000000e+02,5.670000000000000000e+02,6.350000000000000000e+02
1.280000000000000000e+04,5.072507396609160502e-02,2.932000000000000000e+04,3.481100000000000000e+04,1.842800000000000000e+04,1.405800000000000000e+04,7.582000000000000000e+03,3.529000000000000000e+03,1.526000000000000000e+03,8.130000000000000000e+02,5.710000000000000000e+02,6.410000000000000000e+02
1.300000000000000000e+04,3.552020908505437724e-02,2.978300000000000000e+04,3.535300000000000000e+04,1.869500000000000000e+04,1.427100000000000000e+04,7.698000000000000000e+03,3.573000000000000000e+03,1.540000000000000000e+03,8.170000000000000000e+02,5.760000000000000000e+02,6.500000000000000000e+02
1.320000000000000000e+04,2.062947793147107411e-02,3.027400000000000000e+04,3.586200000000000000e+04,1.895800000000000000e+04,1.449200000000000000e+04,7.802000000000000000e+03,3.616000000000000000e+03,1.548000000000000000e+03,8.200000000000000000e+02,5.790000000000000000e+02,6.560000000000000000e+02
1.340000000000000000e+04,6.041691876883525936e-03,3.073700000000000000e+04,3.634200000000000000e+04,1.925000000000000000e+04,1.467200000000000000e+04,7.907000000000000000e+03,3.661000000000000000e+03,1.560000000000000000e+03,8.280000000000000000e+02,5.850000000000000000e+02,6.610000000000000000e+02
1.348403621897459016e+04,0.000000000000000000e+00,3.117200000000000000e+04,3.670000000000000000e+04,1.951600000000000000e+04,1.488900000000000000e+04,8.011000000000000000e+03,3.704000000000000000e+03,1.577000000000000000e+03,8.360000000000000000e+02,5.900000000000000000e+02,6.670000000000000000e+02
