branch,region,point_count,rms_log10_dex,max_absolute_fractional_error
current_p_minus_1,all_z_gt_0,99,1.882975066385e-02,8.078701248915e-02
current_p_minus_1,z_le_6,49,2.247491923114e-02,8.078701248915e-02
current_p_minus_1,z_gt_6,50,1.438778215594e-02,7.993528602062e-02
published_positive_only,all_z_gt_0,64,3.600158563135e-02,3.336038818688e-01
published_positive_only,z_le_6,49,2.247491923114e-02,8.078701248915e-02
published_positive_only,z_gt_6,15,6.228982208049e-02,3.336038818688e-01
freeze_nu0_after_z6,all_z_gt_0,99,4.202898975165e-02,1.745229439000e-01
freeze_nu0_after_z6,z_le_6,49,2.247491923114e-02,8.078701248915e-02
freeze_nu0_after_z6,z_gt_6,50,5.479528889366e-02,1.745229439000e-01
best_tail_exponent,all_z_gt_0,99,1.853872690223e-02,8.078701248915e-02
best_tail_exponent,z_le_6,49,2.247491923114e-02,8.078701248915e-02
best_tail_exponent,z_gt_6,50,1.361894077564e-02,7.957693826985e-02
no_h_numeric_convention,all_z_gt_0,99,1.190732474310e-02,6.387779773921e-02
no_h_numeric_convention,z_le_6,49,1.290004607307e-02,6.387779773921e-02
no_h_numeric_convention,z_gt_6,50,1.084666365805e-02,6.329816025314e-02
source_mass_with_current_nu0,all_z_gt_0,99,2.213686642981e-02,9.378998651441e-02
source_mass_with_current_nu0,z_le_6,49,2.540211287430e-02,9.378998651441e-02
source_mass_with_current_nu0,z_gt_6,50,1.838257059952e-02,9.299839766499e-02
