z,mass_track_msun,monochromatic_rate_per_year,lognormal_sigma_0p6_rate_per_year
0.0000000000e+00,1.0000000000e+12,5.3254343467e-12,6.0452979132e-12
2.4489795918e-01,8.8096550741e+11,5.2225254393e-12,5.9284783333e-12
4.8979591837e-01,7.6929603372e+11,5.3215316225e-12,6.0408676397e-12
7.3469387755e-01,6.6768822614e+11,5.5154339507e-12,6.2609806416e-12
9.7959183673e-01,5.7690354846e+11,5.7374545500e-12,6.5130127912e-12
1.2244897959e+00,4.9675046572e+11,5.9476101867e-12,6.7515761362e-12
1.4693877551e+00,4.2657143953e+11,6.1241228780e-12,6.9519488636e-12
1.7142857143e+00,3.6550012662e+11,6.2575035778e-12,7.1033592489e-12
1.9591836735e+00,3.1260164477e+11,6.3463962325e-12,7.2042679344e-12
2.2040816327e+00,2.6694946729e+11,6.3946188935e-12,7.2590090753e-12
2.4489795918e+00,2.2766649734e+11,6.4090333341e-12,7.2753719824e-12
2.6938775510e+00,1.9394537175e+11,6.3980036643e-12,7.2628513812e-12
2.9387755102e+00,1.6505659029e+11,6.3702854040e-12,7.2313863156e-12
3.1836734694e+00,1.4034954273e+11,6.3342340685e-12,7.1904617545e-12
3.4285714286e+00,1.1924949406e+11,6.2972491123e-12,7.1484773709e-12
3.6734693878e+00,1.0125239869e+11,6.2653846079e-12,7.1123055941e-12
3.9183673469e+00,8.5918692076e+10,6.2430695196e-12,7.0869740723e-12
4.1632653061e+00,7.2866760158e+10,6.2328931442e-12,7.0754221092e-12
4.4081632653e+00,6.1766505389e+10,6.2354278911e-12,7.0782994896e-12
4.6530612245e+00,5.2333249925e+10,6.2490810562e-12,7.0937982161e-12
4.8979591837e+00,4.4322103159e+10,6.2699849953e-12,7.1175278373e-12
5.1428571429e+00,3.7522849334e+10,6.2919453568e-12,7.1424566823e-12
5.3877551020e+00,3.1755366548e+10,6.3064664309e-12,7.1589406371e-12
5.6326530612e+00,2.6865561511e+10,6.3028624244e-12,7.1548494603e-12
5.8775510204e+00,2.2721789045e+10,6.2684480730e-12,7.1157831620e-12
6.1224489796e+00,1.9211717262e+10,6.1432775291e-12,6.9736927374e-12
6.3673469388e+00,1.6239596159e+10,5.9609980351e-12,6.7667736819e-12
6.6122448980e+00,1.3723887120e+10,5.7807005310e-12,6.5621045312e-12
6.8571428571e+00,1.1595212401e+10,5.6022529668e-12,6.3595353852e-12
7.1020408163e+00,9.7945863438e+09,5.4256217215e-12,6.1590280784e-12
7.3469387755e+00,8.2718932153e+09,5.2508462323e-12,5.9606273787e-12
7.5918367347e+00,6.9845799412e+09,5.0780186941e-12,5.7644379437e-12
7.8367346939e+00,5.8965353901e+09,4.9072678559e-12,5.5706059257e-12
8.0816326531e+00,4.9771310600e+09,4.7387461348e-12,5.3793043449e-12
8.3265306122e+00,4.2004010404e+09,4.5726194270e-12,5.1907215225e-12
8.5714285714e+00,3.5443418701e+09,4.4090591114e-12,5.0050520033e-12
8.8163265306e+00,2.9903154018e+09,4.2482358405e-12,4.8224895078e-12
9.0612244898e+00,2.5225400058e+09,4.0903147871e-12,4.6432215359e-12
9.3061224490e+00,2.1276574175e+09,3.9354520770e-12,4.4674253178e-12
9.5510204082e+00,1.7943642698e+09,3.7837921860e-12,4.2952648586e-12
9.7959183673e+00,1.5130988715e+09,3.6354661188e-12,4.1268888716e-12
1.0040816327e+01,1.2757751197e+09,3.4905902210e-12,3.9624294293e-12
1.0285714286e+01,1.0755565859e+09,3.3492654987e-12,3.8020011912e-12
1.0530612245e+01,9.0666481404e+08,3.2115773451e-12,3.6457010937e-12
1.0775510204e+01,7.6421672964e+08,3.0775955889e-12,3.4936084045e-12
1.1020408163e+01,6.4408680218e+08,2.9473747936e-12,3.3457850626e-12
1.1265306122e+01,5.4279024201e+08,2.8209547517e-12,3.2022762395e-12
1.1510204082e+01,4.5738406016e+08,2.6983611244e-12,3.0631110652e-12
1.1755102041e+01,3.8538328994e+08,2.5796061884e-12,2.9283034758e-12
1.2000000000e+01,3.2469007080e+08,2.4646896567e-12,2.7978531455e-12
