z,mono_ludlow_c_new_prada_mah,lognormal_ludlow_c_new_prada_mah,mono_new_prada_c_new_prada_mah,lognormal_new_prada_c_new_prada_mah
0.000000000000000000e+00,9.104216590396758679e-01,1.033487561243328745e+00,1.346895613930119140e+00,1.528961717319284208e+00
1.000000000000000000e+00,1.754590246413376464e+00,1.991766317005059683e+00,1.871487783187498088e+00,2.124465433943329096e+00
2.000000000000000000e+00,3.226997984090725691e+00,3.663206211760082986e+00,2.396006933354733359e+00,2.719886261149434770e+00
3.000000000000000000e+00,4.974702856406550744e+00,5.647156426837348420e+00,3.613937445083641453e+00,4.102450067527084521e+00
4.000000000000000000e+00,7.410637556461224129e+00,8.412367675395520550e+00,5.924897357273537501e+00,6.725793108705927281e+00
5.000000000000000000e+00,1.177255604609116979e+01,1.336390684126391193e+01,9.552048331235690526e+00,1.084324283886238582e+01
6.000000000000000000e+00,1.871002200490105949e+01,2.123914212789123113e+01,1.486764510878869316e+01,1.687737339324844044e+01
7.000000000000000000e+00,2.499210686532963521e+01,2.837040542491812189e+01,2.236042545145407701e+01,2.538298747479539230e+01
8.000000000000000000e+00,3.328350805219273667e+01,3.778259362015496947e+01,3.262782577501588577e+01,3.703827974002961554e+01
9.000000000000000000e+00,4.403934628434151222e+01,4.999234820287933445e+01,4.640468749448498187e+01,5.267742351332179851e+01
1.000000000000000000e+01,5.779853620562810335e+01,6.561143139937713897e+01,6.459612917785703701e+01,7.332788642155222192e+01
1.100000000000000000e+01,7.520933165833542944e+01,8.537572451901255022e+01,8.832200974353702350e+01,1.002609038873707590e+02
1.200000000000000000e+01,9.706811549300515196e+01,1.101892611618764022e+02,1.189693743206227907e+02,1.350510143387382413e+02
