z,mass_M0_1e+03_msun,mass_M0_1e+04_msun,mass_M0_1e+05_msun,mass_M0_1e+06_msun,mass_M0_1e+07_msun,mass_M0_1e+08_msun,mass_M0_1e+09_msun,mass_M0_1e+10_msun,mass_M0_1e+11_msun,mass_M0_1e+12_msun,mass_M0_1e+13_msun,mass_M0_1e+14_msun,mass_M0_1e+15_msun
0.000000000000000000e+00,1.000000000000000000e+03,1.000000000000000000e+04,1.000000000000000000e+05,1.000000000000000000e+06,1.000000000000000000e+07,1.000000000000000000e+08,1.000000000000000000e+09,1.000000000000000000e+10,1.000000000000000000e+11,1.000000000000000000e+12,1.000000000000000000e+13,1.000000000000000000e+14,1.000000000000000000e+15
2.448979591836734637e-01,9.607178076329937539e+02,9.575553957920072207e+03,9.537294328346836846e+04,9.490526748962259153e+05,9.432729043680060655e+06,9.360489026489235461e+07,9.269210649941592216e+08,9.152834881728399277e+09,9.003840632582032776e+10,8.814351296495471191e+11,8.580080145425069336e+12,8.320612238477296875e+13,8.177716458649127500e+14
4.897959183673469274e-01,9.199255583037049746e+02,9.135107078986335182e+03,9.058109080932757934e+04,8.964810972956805490e+05,8.850647586592448875e+06,8.709583336917111278e+07,8.533735695249671936e+08,8.313163083115056038e+09,8.036378758555690002e+10,7.693086277019105225e+11,7.281748536344680664e+12,6.842701211103371094e+13,6.608216633663776250e+14
7.346938775510203357e-01,8.788419058369266850e+02,8.692466364936035461e+03,8.578111164610783453e+04,8.440659676445301156e+05,8.274020501074784435e+06,8.070340025212988257e+07,7.819710198262283802e+08,7.510266045440954208e+09,7.129496143659588623e+10,6.668683916016553955e+11,6.133173145933530273e+12,5.581769419700460938e+13,5.295918655906295000e+14
9.795918367346938549e-01,8.381752189069673022e+02,8.255607314261636930e+03,8.106270581176204723e+04,7.928140218534106389e+05,7.714097180214755237e+06,7.455215746961882710e+07,7.140674754891815186e+08,6.758310275834871292e+09,6.296821730579611969e+10,5.751702803561319580e+11,5.137045192911030273e+12,4.526092674693550781e+13,4.218481805938583750e+14
1.224489795918367374e+00,7.983559427621250961e+02,7.829324048822224540e+03,7.647898731352530012e+04,7.433088177163674263e+05,7.177198895651615225e+06,6.870885650578454137e+07,6.503340911983500719e+08,6.063366646880558014e+09,5.542438915231845856e+10,4.941743659943757324e+11,4.284366038930249512e+12,3.653328490532390625e+13,3.344621261267085625e+14
1.469387755102040671e+00,7.596502905294070160e+02,7.416530486148008094e+03,7.206146072280230874e+04,6.958844190437585348e+05,6.666752602462181821e+06,6.320653881389331073e+07,5.910489904540911913e+08,5.426952986301989555e+09,4.865280083869084167e+10,4.232934858855695190e+11,3.561173128609510254e+12,2.938214770945582031e+13,2.642027450726349688e+14
1.714285714285714191e+00,7.222216151408578071e+02,7.018964760702905551e+03,6.782815485237904068e+04,6.507200421606091550e+05,6.184403020370814018e+06,5.805775622635956109e+07,5.362565189210073352e+08,4.847977566684272766e+09,4.261518076546186829e+10,3.616854822821301880e+11,2.951962251137532227e+12,2.356163392235423438e+13,2.080800802862865000e+14
1.959183673469387710e+00,6.861660628800370887e+02,6.637599378337389680e+03,6.378836960272275610e+04,6.078954124463736080e+05,5.730664158704644069e+06,5.326231991593834758e+07,4.858603921484139562e+08,4.323867639376041412e+09,3.725931126272517395e+10,3.084140414964612427e+11,2.441436243563614746e+12,1.884840323052574219e+13,1.634748421568957812e+14
2.204081632653061007e+00,6.515344959306272585e+02,6.272893802969680110e+03,5.994560313977974874e+04,5.674249281365493080e+05,5.305321300491551869e+06,4.881206999517815560e+07,4.396806638649340868e+08,3.851250115169800282e+09,3.252703319517731094e+10,2.625378436192763977e+11,2.015363455972370850e+12,1.504730155837235938e+13,1.281649832132973906e+14
2.448979591836734748e+00,6.183465913890985348e+02,5.924957024743949660e+03,5.629943631569259014e+04,5.292796379036628641e+05,4.907688959378574975e+06,4.469391906025188416e+07,3.974896701763313413e+08,3.426371807358498573e+09,2.835898434371867371e+10,2.231589395915885010e+11,1.660950392669614746e+12,1.199190276445468164e+13,1.003041451835070156e+14
2.693877551020408045e+00,5.866002420950798069e+02,5.593655940005899538e+03,5.284678771056375263e+04,4.934018422164945514e+05,4.536781411860229447e+06,4.089184560765177757e+07,3.590351739416085482e+08,3.045361614568347454e+09,2.469737796963085175e+10,1.894473430341812439e+11,1.366948027958053467e+12,9.542597434206408203e+12,7.837995440555842188e+13
2.938775510204081343e+00,5.562780111925828805e+02,5.278689678221482609e+03,4.958277228686978196e+04,4.597150390979106305e+05,4.191427953712482937e+06,3.738822308600313962e+07,3.240554276038088799e+08,2.704393657427334309e+09,2.148757611351811600e+10,1.606515909691617432e+11,1.123614961775694092e+12,7.583641203339667969e+12,6.116641031577356250e+13
3.183673469387755084e+00,5.273516708481030264e+02,4.979641747329762438e+03,4.650130141497449222e+04,4.281308281905280310e+05,3.870352024181715678e+06,3.416471524577257037e+07,2.922889870606759787e+08,2.399786887403718948e+09,1.867891082731784439e+10,1.361010561675682220e+11,9.226078703117388916e+11,6.019911548232569336e+12,4.767740787712871875e+13
3.428571428571428381e+00,4.997854563492762168e+02,4.696017286560665525e+03,4.359550907760766859e+04,3.985537697084906395e+05,3.572226058307523839e+06,3.120288117091220617e+07,2.634810418566493988e+08,2.128063301061985016e+09,1.622503386406799126e+10,1.152035153681793365e+11,7.568398008793809814e+11,4.773757898662691406e+12,3.712460173683529688e+13
3.673469387755102122e+00,4.735384359705117845e+02,4.427270060190055119e+03,4.085805829601030564e+04,3.708848350431310246e+05,3.295709666540822480e+06,2.848458207740256190e+07,2.373873963505796492e+08,1.885978942190743208e+09,1.408397244007850838e+10,9.744012454214859009e+10,6.203294524202285156e+11,3.782128051919617188e+12,2.888078646358385547e+13
3.918367346938775420e+00,4.485662583481919228e+02,4.172822227336626383e+03,3.828136325581045821e+04,3.450238680053012213e+05,3.039476152179818600e+06,2.599225066770175844e+07,2.137768500319750309e+08,1.670536982838583231e+09,1.221800534868128777e+10,8.235912723410023499e+10,5.080542836145581055e+11,2.994042339120587891e+12,2.244891477333859375e+13
4.163265306122449161e+00,4.248224530403111885e+02,3.932078928590507076e+03,3.585775103331066930e+04,3.208713394711433211e+05,2.802230752496378496e+06,2.370906411370216683e+07,1.924324807803167999e+08,1.478989074944099426e+09,1.059343369475320435e+10,6.956910878021398926e+10,4.158141516922799683e+11,2.368426692495633301e+12,1.743636280875369727e+13
4.408163265306122014e+00,4.022594049428306562e+02,3.704439093538395355e+03,3.357957939131888998e+04,2.983295905164160067e+05,2.582722940349991899e+06,2.161904896792893484e+07,1.731521761345150769e+08,1.308829151150416613e+09,9.180294710761919022e+09,5.873228561263418579e+10,3.401085335942118530e+11,1.872284744523195068e+12,1.353383443399279102e+13
4.653061224489795755e+00,3.808290871698893056e+02,3.489303454924058315e+03,3.143932221994966676e+04,2.773037012353016180e+05,2.379754428527294658e+06,1.970713782429184392e+07,1.557486521383869946e+08,1.157782518510990858e+09,7.952050193932163239e+09,4.955811325638715363e+10,2.780282387408730469e+11,1.479174779876718506e+12,1.049823834097758789e+13
4.897959183673469497e+00,3.604836128090269654e+02,3.286080473995113152e+03,2.942963090128015028e+04,2.577020833512546087e+05,2.192184048948043026e+06,1.795919180096036568e+07,1.400491278033350408e+08,1.023792188370006800e+09,6.885269874945886612e+09,4.179736577542941284e+10,2.271613033678909912e+11,1.167952446789129639e+12,8.138895288346189453e+12
5.142857142857142350e+00,3.411756493924861502e+02,3.094190688673195837e+03,2.754337761056183081e+04,2.394368678003370878e+05,2.018930354437176138e+06,1.636199894694435783e+07,1.258947739125084430e+08,9.050037698538883924e+08,5.959322516165016174e+09,3.523675658886378479e+10,1.855121027010603943e+11,9.217403330792717285e+11,6.306494529759746094e+12
5.387755102040816091e+00,3.228587283658688420e+02,2.913069861373827734e+03,2.577368498018327591e+04,2.224241395834332507e+05,1.858972562944828765e+06,1.490325588613657653e+07,1.131400203957498670e+08,7.997498285862435102e+08,5.156082490971048355e+09,2.969411887506160355e+10,1.514324081059043884e+11,7.270883165494205322e+11,4.884294329079567383e+12
5.632653061224489832e+00,3.054874736346246209e+02,2.742171207515066726e+03,2.411394542353985162e+04,2.065840587267308438e+05,1.711350301658451091e+06,1.357153802758811228e+07,1.016517820861644000e+08,7.065343154170706272e+08,4.459656206762800217e+09,2.501413237092598724e+10,1.235630138454028168e+11,5.732925558025635986e+11,3.781138479066112793e+12
5.877551020408162685e+00,2.890177673617176310e+02,2.580966916661267987e+03,2.255783260051035541e+04,1.918408964618183381e+05,1.575162491051299963e+06,1.235626224010960758e+07,9.130864521334637702e+07,6.240174619575552940e+08,3.856130470069481373e+09,2.106456520141003799e+10,1.007845758370438843e+11,4.518452708157763672e+11,2.925932443086015137e+12
6.122448979591836427e+00,2.734068668754313762e+02,2.428949127724143636e+03,2.109930690934904487e+04,1.781230086135188758e+05,1.449565623042202322e+06,1.124764484731322154e+07,8.200004441277277470e+07,5.510013935994048119e+08,3.333343397213355541e+09,1.773298980208788681e+10,8.217638878376824951e+10,3.559916239445153809e+11,2.263286290684312500e+12
6.367346938775510168e+00,2.586134833549818950e+02,2.285630482234868850e+03,1.973261644758209150e+04,1.653627629074411816e+05,1.333771623971987283e+06,1.023665703361923993e+07,7.362545091897900403e+07,4.864166081290723681e+08,2.880677506946540833e+09,1.492392795294024277e+10,6.698194471721269989e+10,2.803738260006689453e+11,1.750086193414149902e+12
6.612244897959183909e+00,2.445978305735689560e+02,2.150544351687871767e+03,1.845229455327282631e+04,1.534964329609351989e+05,1.227045445758044021e+06,9.314979185140568763e+06,6.609358598320684582e+07,4.293093963558776975e+08,2.488874027469009876e+09,1.255637938162766075e+10,5.458024483723520660e+10,2.207459641060470276e+11,1.352802158469728271e+12
6.857142857142856762e+00,2.313216501724474767e+02,2.023244813761828027e+03,1.725315478747246743e+04,1.424640687394777487e+05,1.128702492993647465e+06,8.474955267591951415e+06,5.932166872873047739e+07,3.788302315052248836e+08,2.149867095257351875e+09,1.056168995986844635e+10,4.446196538155360413e+10,1.737459582069126892e+11,1.045377696594840576e+12
7.102040816326530503e+00,2.187482185603610674e+02,1.903306436035304614e+03,1.613028402746062420e+04,1.322093509905947139e+05,1.038105966817598790e+06,7.709548028077777475e+06,5.323470414280174673e+07,3.342231202300998569e+08,1.856636337991539717e+09,8.881718305187208176e+09,3.620970022838987732e+10,1.367135219174058380e+11,8.075782435318804932e+11
7.346938775510204245e+00,2.068423394699508435e+02,1.790323913344576113e+03,1.507903419328102973e+04,1.226794354271136399e+05,9.546641858753137058e+05,7.012295571262399666e+06,4.776481435443132371e+07,2.948158855086171627e+08,1.603076263260127544e+09,7.467263018513725281e+09,2.948161447694751358e+10,1.075450711611577301e+11,6.237004062198349609e+11
7.591836734693877098e+00,1.955703253771707466e+02,1.683911595250229766e+03,1.409501301610541486e+04,1.138247910890727944e+05,8.778279290180512471e+05,6.377269683048343286e+06,4.285061450947237015e+07,2.600113372220286727e+08,1.383880879953770876e+09,6.276716450429908752e+09,2.399794289339649582e+10,8.457823919307789612e+10,4.815644498480598755e+11
7.836734693877550839e+00,1.848999703435800654e+02,1.583702932510699611e+03,1.317407416809106326e+04,1.055990362726358144e+05,8.070878323655832792e+05,5.799036141844023950e+06,3.843663324417356402e+07,2.292792775340777040e+08,1.194442033241183519e+09,5.274914550712365150e+09,1.952985463787544250e+10,6.650006827850352478e+10,3.717287404590780029e+11
8.081632653061223692e+00,1.748005163321753059e+02,1.489349865505961816e+03,1.231230700371791136e+04,9.795877460366736341e+04,7.419718641185065499e+05,5.272617157970108092e+06,3.447277683965676278e+07,2.021492836407037079e+08,1.030760017860229254e+09,4.432155867728214264e+09,1.589028161314773750e+10,5.227410311707406616e+10,2.868778540926780396e+11
8.326530612244898322e+00,1.652426146436245915e+02,1.400522172842710688e+03,1.150602610769068269e+04,9.086343320010356547e+04,6.820428933996076230e+05,4.793456007661366835e+06,3.091383551196270436e+07,1.782042088069261909e+08,8.893651350363516808e+08,3.723366040584184170e+09,1.292637300088064384e+10,4.108255101875903320e+10,2.213463863975954895e+11
8.571428571428571175e+00,1.561982837977488430e+02,1.316906794624910845e+03,1.075176080105772235e+04,8.427510437092023494e+04,6.268963639398107771e+05,4.357383873406144790e+06,2.771902988036062196e+07,1.570743429641046524e+08,7.672489666541187763e+08,3.127387124510216713e+09,1.051329415761640930e+10,3.228043566360162354e+10,1.707486693153831482e+11
8.816326530612244028e+00,1.476408649269594662e+02,1.238207141879945993e+03,1.004624472271693958e+04,7.815839191002857115e+04,5.761580792320417240e+05,3.960588862443821970e+06,2.485159540435484797e+07,1.384321758556325734e+08,6.618042502651864290e+08,2.626373793336917877e+09,8.549135156347344398e+09,2.535928658356011581e+10,1.316910537179556274e+11
9.061224489795918657e+00,1.395449755404949315e+02,1.164142401229764573e+03,9.386405576032846511e+03,7.248026273761873017e+04,5.294821025723053608e+05,3.599587146625528112e+06,2.227840244504077733e+07,1.219877083192901313e+08,5.707723460986396074e+08,2.205280874359459877e+09,6.950733976694949150e+09,1.991840199023675156e+10,1.015484986798624268e+11
9.306122448979591510e+00,1.318864623502114455e+02,1.094446841964641862e+03,8.769355108396493961e+03,6.720990440146363107e+04,4.865487729732918669e+05,3.271196146869080607e+06,1.996960955737240985e+07,1.074842604367765635e+08,4.921973898946699500e+08,1.851428803465959311e+09,5.650252687692640305e+09,1.564212054721043968e+10,7.829120213368899536e+10
9.551020408163264364e+00,1.246423537122737457e+02,1.028869131118588939e+03,8.192379374078507681e+03,6.231858876264835999e+04,4.470628361034591217e+05,2.972509672059899196e+06,1.789834763252815977e+07,9.469472871820521355e+07,4.243863215897068977e+08,1.554135461436614990e+09,4.592372856667041779e+09,1.228185663038738632e+10,6.035014108541143799e+10
9.795918367346938993e+00,1.177908121280467242e+02,9.671716608852444779e+02,7.652929316759005815e+03,5.777954204331662913e+04,4.107516880427015130e+05,2.700874913888681680e+06,1.604043256581367180e+07,8.341824804537430406e+07,3.658740688409433961e+08,1.304404488162566185e+09,3.731999676778305054e+09,9.641908732685771942e+09,4.651284385114127350e+10
1.004081632653061185e+01,1.113110871568431577e+02,9.091298916925796902e+02,7.148611696965841475e+03,5.356782129985620122e+04,3.773637286521893111e+05,2.453871194555786438e+06,1.437410421178367361e+07,7.347721764864268899e+07,3.153932457874173522e+08,1.094661593594632387e+09,3.032383652946798325e+09,7.568254377573370934e+09,3.584263637321795654e+10
1.028571428571428470e+01,1.051834690190323300e+02,8.545317134275779836e+02,6.677180380760035405e+03,4.966019729682390607e+04,3.466668206505474518e+05,2.229290362568294629e+06,1.287978949425557628e+07,6.471465385327871889e+07,2.718478013357909918e+08,9.185316156376663446e+08,2.463584742950477123e+09,5.939707322021149635e+09,2.761610415782884979e+10
1.053061224489795933e+01,9.938924310725805356e+01,8.031768266314982156e+02,6.236527998935792311e+03,4.603504368955477548e+04,3.184468500082209357e+05,2.025118732277679723e+06,1.153988765695540980e+07,5.699183564576287568e+07,2.342901178835515976e+08,7.706501379957780838e+08,2.001217150774732351e+09,4.660942149419596672e+09,2.127468135492206192e+10
1.077551020408163218e+01,9.391064557366689769e+01,7.548761449429456434e+02,5.824677980400610068e+03,4.267223237262017210e+04,2.925063829668516410e+05,1.839520464786366327e+06,1.033857576497767866e+07,5.018621224324908853e+07,2.019011211399522424e+08,6.465043956409044266e+08,1.625423967107744455e+09,3.656994197245572567e+09,1.638719044300229645e+10
1.102040816326530503e+01,8.873082012013185249e+01,7.094512196262717225e+02,5.439776958989233208e+03,3.955303481374791590e+04,2.686634148214840679e+05,1.670822290950986324e+06,9.261632693857653067e+06,4.418954478002051264e+07,1.739730150440664589e+08,5.422989808420307636e+08,1.320039931896441698e+09,2.868924464730555534e+09,1.262086613454355049e+10
1.126530612244897966e+01,8.383377608486590304e+01,6.667336866678583647e+02,5.080087549517534171e+03,3.666002916582136822e+04,2.467502055392370385e+05,1.517499481088484637e+06,8.296279968795742840e+06,3.890625694414099306e+07,1.498943032165167630e+08,4.548425354269610047e+08,1.071908080331936240e+09,2.250403986020700455e+09,9.718949665091829300e+09
1.151020408163265252e+01,7.920434789126140629e+01,6.265647366372143097e+02,4.743981486216675876e+03,3.397701293098054884e+04,2.266121973040323646e+05,1.378162970385788940e+06,7.431037939262283966e+06,3.425197190425348282e+07,1.291368004334722012e+08,3.814521902026993632e+08,8.703221986771531105e+08,1.765023568113081217e+09,7.483369216839228630e+09
1.175510204081632537e+01,7.482815590221059665e+01,5.887946072811209888e+02,4.429933114657033002e+03,3.148892093893153287e+04,2.081070091534483945e+05,1.251547553722879151e+06,6.655595892341897823e+06,3.015221516475632042e+07,1.112443747862818986e+08,3.198730035491111875e+08,7.065720876616826057e+08,1.384175527504119873e+09,5.761355982199027061e+09
1.200000000000000000e+01,7.069156870469818443e+01,5.532820986371407344e+02,4.136513226755655523e+03,2.918174839493713080e+04,1.911035039952315274e+05,1.136501068488762015e+06,5.960694820748789236e+06,2.654126508522354811e+07,9.582319397427913547e+07,2.682100698246758580e+08,5.735727986607278585e+08,1.085386309346871376e+09,4.435104505101428986e+09
