M0_msun,concentration_z0,z_minus2,alpha,beta
1.000000000000000000e+03,3.014147109608266817e+01,1.156649208158944653e+01,8.395187856865816978e-02,-2.387301070594834707e-01
1.000000000000000000e+04,2.717390455154262696e+01,1.047952497939684591e+01,9.417179606912899625e-02,-2.613348553519699302e-01
1.000000000000000000e+05,2.429397814539462175e+01,9.414891153356668596e+00,1.057612321138445555e-01,-2.880490977606726677e-01
1.000000000000000000e+06,2.151373061760317995e+01,8.376456229789475572e+00,1.189855074224284159e-01,-3.199503017428746987e-01
1.000000000000000000e+07,1.884734515814177058e+01,7.368883092593396356e+00,1.341640927259643012e-01,-3.584707740337597648e-01
1.000000000000000000e+08,1.631182411599052173e+01,6.397914515988531114e+00,1.516678664432251078e-01,-4.055196898418244600e-01
1.000000000000000000e+09,1.392795676361438773e+01,5.470797117319982306e+00,1.718897646450339156e-01,-4.636213971181518678e-01
1.000000000000000000e+10,1.172152239182548428e+01,4.596857591030538259e+00,1.951465952504130852e-01,-5.360150675993198277e-01
1.000000000000000000e+11,9.724701039478993891e+00,3.788292927651196074e+00,2.214142440672596801e-01,-6.265280853382526605e-01
1.000000000000000000e+12,7.977489680185945176e+00,3.061271964960937453e+00,2.497039338415760201e-01,-7.386848322108994225e-01
1.000000000000000000e+13,6.525612904042208839e+00,2.436243556162351442e+00,2.769433952785774200e-01,-8.730463807258310727e-01
1.000000000000000000e+14,5.447677917591935426e+00,1.952850070004479743e+00,2.965445328852188145e-01,-1.015967600412386984e+00
1.000000000000000000e+15,5.006484495812706825e+00,1.747866825986506001e+00,3.021939620075824728e-01,-1.091755965619977342e+00
