M0_msun,shell_i,paper_ah_printed,corrected_unit,paper_ah_corrected_au,paper_hard_pct,prada_mu1_ah_au,prada_mu1_hard_pct_strict_joint,prada_mu05_ah_au,prada_mu05_hard_pct_strict_joint,ludlow_mu05_ah_au,ludlow_mu05_hard_pct_strict_joint
1000.0,1,448000.0,AU,448000.0,100.0,214332.43441181057,100.0,428664.86882362113,100.0,446474.3293722848,100.0
1000000.0,1,0.208,pc,42903.07969939604,99.634,17906.697828559536,99.54398166491688,35813.395657119065,99.98117961656197,42218.90059427132,99.99292207288006
1000000.0,3,0.0179,pc,3692.140031823025,41.183,1654.782809449739,60.9127971972592,3309.565618899478,79.5441781940696,3649.9101200692135,81.87923992466874
1000000.0,5,0.0317,pc,6538.594358032955,61.199,3191.1054434385082,78.64610533992585,6382.210886877016,92.48775980155686,6519.536401783384,92.78812354878536
1000000000.0,1,0.0707,pc,14582.921801669712,87.365,7075.576607931768,93.86970565341258,14151.153215863536,98.97592092514354,14028.54431817668,98.9471485430872
1000000000.0,6,0.00042,pc,86.63121862378047,0.67,42.442953279283415,5.6585122747658225,84.88590655856683,9.40822064530636,83.91128431891107,9.329955605385848
1000000000.0,10,0.000317,pc,65.38594358032955,0.461,31.911054434385097,4.57293346982727,63.8221088687702,7.645035432503073,65.19536401783388,7.765037821987754
1000000000000.0,1,0.0107,pc,2207.033426843931,26.523,1126.0631287228096,50.41263336372672,2252.126257445619,69.47310048647721,2070.792770198351,67.15829755394051
1000000000000.0,6,1.79e-05,pc,3.6921400318230253,0.022,1.8920213684678338,0.46475624439540075,3.784042736935668,0.8542305777844853,3.46701472811072,0.7933035175360181
1000000000000.0,10,3.17e-06,pc,0.6538594358032955,0.003,0.319110544343851,0.042219840910814696,0.638221088687702,0.1452771671256019,0.6519536401783388,0.14936657353657445
1000000000000000.0,1,0.00226,pc,466.15846211843774,5.13,155.07948178797324,14.452980631282704,310.1589635759465,23.196536598698206,423.61975084283904,28.410476400943324
1000000000000000.0,6,1.21e-06,pc,0.2495804155589866,0.0,0.084399520174721,0.0,0.16879904034944201,0.0,0.2273509276979668,0.008259093251414027
1000000000000000.0,10,3.17e-08,pc,0.006538594358032955,0.0,0.0031911054434385104,0.0,0.006382210886877021,0.0,0.006519536401783389,0.0
